id_partido;id_plantel_e1;id_plantel_e2;fecha;tipo_fase;id_mundial;hubo_t_extra;hubo_penales
533;265;267;1990-06-21;1ra Ronda;9;0;0
534;266;268;1990-06-21;1ra Ronda;9;0;0
535;270;269;1990-06-21;1ra Ronda;9;0;0
536;271;272;1990-06-21;1ra Ronda;9;0;0
537;254;262;1990-06-23;Octavos de final;9;1;0
538;250;258;1990-06-23;Octavos de final;9;0;0
539;257;253;1990-06-24;Octavos de final;9;0;0
540;261;272;1990-06-24;Octavos de final;9;0;0
541;271;255;1990-06-25;Octavos de final;9;1;1
542;252;268;1990-06-25;Octavos de final;9;0;0
543;267;264;1990-06-26;Octavos de final;9;1;0
544;270;265;1990-06-26;Octavos de final;9;1;0
545;253;264;1990-06-30;Cuartos de final;9;1;1
546;252;271;1990-06-30;Cuartos de final;9;0;0
547;261;250;1990-07-01;Cuartos de final;9;0;0
548;254;270;1990-07-01;Cuartos de final;9;1;0
549;252;253;1990-07-03;Semifinales;9;1;1
550;270;261;1990-07-04;Semifinales;9;1;1
551;252;270;1990-07-07;3er puesto;9;0;0
552;253;261;1990-07-08;Final;9;0;0
553;274;276;1986-05-31;1ra Ronda;10;0;0
554;287;286;1986-06-01;1ra Ronda;10;0;0
555;281;282;1986-06-01;1ra Ronda;10;0;0
556;273;275;1986-06-02;1ra Ronda;10;0;0
557;284;283;1986-06-02;1ra Ronda;10;0;0
558;294;295;1986-06-02;1ra Ronda;10;0;0
559;277;279;1986-06-03;1ra Ronda;10;0;0
560;296;293;1986-06-03;1ra Ronda;10;0;0
561;285;288;1986-06-03;1ra Ronda;10;0;0
562;291;290;1986-06-04;1ra Ronda;10;0;0
563;292;289;1986-06-04;1ra Ronda;10;0;0
564;280;278;1986-06-04;1ra Ronda;10;0;0
565;282;284;1986-06-05;1ra Ronda;10;0;0
566;275;274;1986-06-05;1ra Ronda;10;0;0
567;276;273;1986-06-05;1ra Ronda;10;0;0
568;283;281;1986-06-06;1ra Ronda;10;0;0
569;286;285;1986-06-06;1ra Ronda;10;0;0
570;293;294;1986-06-06;1ra Ronda;10;0;0
571;279;280;1986-06-07;1ra Ronda;10;0;0
572;295;296;1986-06-07;1ra Ronda;10;0;0
573;288;287;1986-06-07;1ra Ronda;10;0;0
574;278;277;1986-06-08;1ra Ronda;10;0;0
575;289;291;1986-06-08;1ra Ronda;10;0;0
576;290;292;1986-06-08;1ra Ronda;10;0;0
577;284;281;1986-06-09;1ra Ronda;10;0;0
578;283;282;1986-06-09;1ra Ronda;10;0;0
579;275;276;1986-06-10;1ra Ronda;10;0;0
580;273;274;1986-06-10;1ra Ronda;10;0;0
581;280;277;1986-06-11;1ra Ronda;10;0;0
582;293;295;1986-06-11;1ra Ronda;10;0;0
583;296;294;1986-06-11;1ra Ronda;10;0;0
584;278;279;1986-06-11;1ra Ronda;10;0;0
585;288;286;1986-06-12;1ra Ronda;10;0;0
586;285;287;1986-06-12;1ra Ronda;10;0;0
587;290;289;1986-06-13;1ra Ronda;10;0;0
588;291;292;1986-06-13;1ra Ronda;10;0;0
589;284;277;1986-06-15;Octavos de final;10;1;0
590;279;274;1986-06-15;Octavos de final;10;0;0
591;286;295;1986-06-16;Octavos de final;10;0;0
592;273;292;1986-06-16;Octavos de final;10;0;0
593;294;289;1986-06-17;Octavos de final;10;0;0
594;276;282;1986-06-17;Octavos de final;10;0;0
595;290;287;1986-06-18;Octavos de final;10;0;0
596;293;280;1986-06-18;Octavos de final;10;0;0
597;279;289;1986-06-21;Cuartos de final;10;1;1
598;286;282;1986-06-21;Cuartos de final;10;1;1
599;277;287;1986-06-22;Cuartos de final;10;1;1
600;273;293;1986-06-22;Cuartos de final;10;0;0
601;273;277;1986-06-25;Semifinales;10;0;0
602;289;282;1986-06-25;Semifinales;10;0;0
603;277;282;1986-06-28;3er puesto;10;1;0
604;273;289;1986-06-29;Final;10;0;0
605;305;306;1982-06-13;1ra Ronda;11;0;0
606;317;320;1982-06-14;1ra Ronda;11;0;0
607;298;300;1982-06-14;1ra Ronda;11;0;0
608;299;297;1982-06-15;1ra Ronda;11;0;0
609;318;319;1982-06-15;1ra Ronda;11;0;0
610;308;307;1982-06-15;1ra Ronda;11;0;0
611;301;302;1982-06-16;1ra Ronda;11;0;0
612;313;314;1982-06-16;1ra Ronda;11;0;0
613;311;310;1982-06-16;1ra Ronda;11;0;0
614;309;312;1982-06-17;1ra Ronda;11;0;0
615;316;315;1982-06-17;1ra Ronda;11;0;0
616;304;303;1982-06-17;1ra Ronda;11;0;0
617;305;308;1982-06-18;1ra Ronda;11;0;0
618;298;299;1982-06-18;1ra Ronda;11;0;0
619;317;318;1982-06-18;1ra Ronda;11;0;0
620;300;297;1982-06-19;1ra Ronda;11;0;0
621;306;307;1982-06-19;1ra Ronda;11;0;0
622;320;319;1982-06-19;1ra Ronda;11;0;0
623;313;316;1982-06-20;1ra Ronda;11;0;0
624;311;309;1982-06-20;1ra Ronda;11;0;0
625;301;304;1982-06-20;1ra Ronda;11;0;0
626;314;315;1982-06-21;1ra Ronda;11;0;0
627;310;312;1982-06-21;1ra Ronda;11;0;0
628;302;303;1982-06-21;1ra Ronda;11;0;0
629;320;318;1982-06-22;1ra Ronda;11;0;0
630;306;308;1982-06-22;1ra Ronda;11;0;0
631;300;299;1982-06-22;1ra Ronda;11;0;0
632;298;297;1982-06-23;1ra Ronda;11;0;0
633;305;307;1982-06-23;1ra Ronda;11;0;0
634;317;319;1982-06-23;1ra Ronda;11;0;0
635;314;316;1982-06-24;1ra Ronda;11;0;0
636;310;309;1982-06-24;1ra Ronda;11;0;0
637;302;304;1982-06-24;1ra Ronda;11;0;0
638;315;313;1982-06-25;1ra Ronda;11;0;0
639;301;303;1982-06-25;1ra Ronda;11;0;0
640;311;312;1982-06-25;1ra Ronda;11;0;0
641;303;310;1982-06-28;1ra Ronda;11;0;0
642;300;306;1982-06-28;1ra Ronda;11;0;0
643;301;311;1982-06-29;1ra Ronda;11;0;0
644;298;305;1982-06-29;1ra Ronda;11;0;0
645;306;320;1982-07-01;1ra Ronda;11;0;0
646;303;315;1982-07-01;1ra Ronda;11;0;0
647;305;317;1982-07-02;1ra Ronda;11;0;0
648;301;313;1982-07-02;1ra Ronda;11;0;0
649;310;315;1982-07-04;1ra Ronda;11;0;0
650;300;320;1982-07-04;1ra Ronda;11;0;0
651;298;317;1982-07-05;1ra Ronda;11;0;0
652;313;311;1982-07-05;1ra Ronda;11;0;0
653;301;310;1982-07-08;Semifinales;11;1;1
654;300;298;1982-07-08;Semifinales;11;0;0
655;300;310;1982-07-10;3er puesto;11;0;0
656;298;301;1982-07-11;Final;11;0;0
657;337;339;1978-06-01;1ra Ronda;12;0;0
658;340;338;1978-06-02;1ra Ronda;12;0;0
659;336;334;1978-06-02;1ra Ronda;12;0;0
660;333;335;1978-06-02;1ra Ronda;12;0;0
661;347;346;1978-06-03;1ra Ronda;12;0;0
662;341;343;1978-06-03;1ra Ronda;12;0;0
663;348;345;1978-06-03;1ra Ronda;12;0;0
664;344;342;1978-06-03;1ra Ronda;12;0;0
665;337;338;1978-06-06;1ra Ronda;12;0;0
666;333;334;1978-06-06;1ra Ronda;12;0;0
667;339;340;1978-06-06;1ra Ronda;12;0;0
668;336;335;1978-06-06;1ra Ronda;12;0;0
669;347;348;1978-06-07;1ra Ronda;12;0;0
670;342;343;1978-06-07;1ra Ronda;12;0;0
671;345;346;1978-06-07;1ra Ronda;12;0;0
672;341;344;1978-06-07;1ra Ronda;12;0;0
673;336;333;1978-06-10;1ra Ronda;12;0;0
674;337;340;1978-06-10;1ra Ronda;12;0;0
675;334;335;1978-06-10;1ra Ronda;12;0;0
676;339;338;1978-06-10;1ra Ronda;12;0;0
677;348;346;1978-06-11;1ra Ronda;12;0;0
678;343;344;1978-06-11;1ra Ronda;12;0;0
679;345;347;1978-06-11;1ra Ronda;12;0;0
680;342;341;1978-06-11;1ra Ronda;12;0;0
681;347;341;1978-06-14;1ra Ronda;12;0;0
682;337;336;1978-06-14;1ra Ronda;12;0;0
683;342;348;1978-06-14;1ra Ronda;12;0;0
684;333;339;1978-06-14;1ra Ronda;12;0;0
685;333;342;1978-06-18;1ra Ronda;12;0;0
686;339;348;1978-06-18;1ra Ronda;12;0;0
687;337;347;1978-06-18;1ra Ronda;12;0;0
688;336;341;1978-06-18;1ra Ronda;12;0;0
689;333;348;1978-06-21;1ra Ronda;12;0;0
690;347;336;1978-06-21;1ra Ronda;12;0;0
691;342;339;1978-06-21;1ra Ronda;12;0;0
692;341;337;1978-06-21;1ra Ronda;12;0;0
693;342;336;1978-06-24;3er puesto;12;0;0
694;333;347;1978-06-25;Final;12;1;0
695;361;363;1974-06-13;1ra Ronda;13;0;0
696;357;360;1974-06-14;1ra Ronda;13;0;0
697;357;359;1974-06-14;1ra Ronda;13;0;0
698;364;362;1974-06-14;1ra Ronda;13;0;0
699;367;365;1974-06-15;1ra Ronda;13;0;0
700;372;369;1974-06-15;1ra Ronda;13;0;0
701;371;370;1974-06-15;1ra Ronda;13;0;0
702;368;366;1974-06-15;1ra Ronda;13;0;0
703;362;361;1974-06-18;1ra Ronda;13;0;0
704;359;357;1974-06-18;1ra Ronda;13;0;0
705;363;364;1974-06-18;1ra Ronda;13;0;0
706;360;357;1974-06-18;1ra Ronda;13;0;0
707;366;367;1974-06-19;1ra Ronda;13;0;0
708;369;371;1974-06-19;1ra Ronda;13;0;0
709;370;372;1974-06-19;1ra Ronda;13;0;0
710;365;368;1974-06-19;1ra Ronda;13;0;0
711;364;361;1974-06-22;1ra Ronda;13;0;0
712;357;357;1974-06-22;1ra Ronda;13;0;0
713;359;360;1974-06-22;1ra Ronda;13;0;0
714;362;363;1974-06-22;1ra Ronda;13;0;0
715;372;371;1974-06-23;1ra Ronda;13;0;0
716;369;370;1974-06-23;1ra Ronda;13;0;0
717;365;366;1974-06-23;1ra Ronda;13;0;0
718;367;368;1974-06-23;1ra Ronda;13;0;0
719;367;372;1974-06-26;1ra Ronda;13;0;0
720;363;357;1974-06-26;1ra Ronda;13;0;0
721;366;369;1974-06-26;1ra Ronda;13;0;0
722;361;357;1974-06-26;1ra Ronda;13;0;0
723;357;366;1974-06-30;1ra Ronda;13;0;0
724;369;361;1974-06-30;1ra Ronda;13;0;0
725;372;363;1974-06-30;1ra Ronda;13;0;0
726;357;367;1974-06-30;1ra Ronda;13;0;0
727;367;363;1974-07-03;1ra Ronda;13;0;0
728;369;357;1974-07-03;1ra Ronda;13;0;0
729;372;357;1974-07-03;1ra Ronda;13;0;0
730;366;361;1974-07-03;1ra Ronda;13;0;0
731;361;372;1974-07-06;3er puesto;13;0;0
732;366;357;1974-07-07;Final;13;0;0
733;383;384;1970-05-31;1ra Ronda;14;0;0
734;391;392;1970-06-02;1ra Ronda;14;0;0
735;388;385;1970-06-02;1ra Ronda;14;0;0
736;396;394;1970-06-02;1ra Ronda;14;0;0
737;386;387;1970-06-03;1ra Ronda;14;0;0
738;393;395;1970-06-03;1ra Ronda;14;0;0
739;381;382;1970-06-03;1ra Ronda;14;0;0
740;389;390;1970-06-03;1ra Ronda;14;0;0
741;396;395;1970-06-06;1ra Ronda;14;0;0
742;392;390;1970-06-06;1ra Ronda;14;0;0
743;384;381;1970-06-06;1ra Ronda;14;0;0
744;388;386;1970-06-06;1ra Ronda;14;0;0
745;387;385;1970-06-07;1ra Ronda;14;0;0
746;383;382;1970-06-07;1ra Ronda;14;0;0
747;393;394;1970-06-07;1ra Ronda;14;0;0
748;389;391;1970-06-07;1ra Ronda;14;0;0
749;384;382;1970-06-10;1ra Ronda;14;0;0
750;387;388;1970-06-10;1ra Ronda;14;0;0
751;393;396;1970-06-10;1ra Ronda;14;0;0
752;389;392;1970-06-10;1ra Ronda;14;0;0
753;394;395;1970-06-11;1ra Ronda;14;0;0
754;391;390;1970-06-11;1ra Ronda;14;0;0
755;383;381;1970-06-11;1ra Ronda;14;0;0
756;386;385;1970-06-11;1ra Ronda;14;0;0
757;393;391;1970-06-14;Cuartos de final;14;1;0
758;386;383;1970-06-14;Cuartos de final;14;0;0
759;388;384;1970-06-14;Cuartos de final;14;1;0
760;389;396;1970-06-14;Cuartos de final;14;0;0
761;388;389;1970-06-17;Semifinales;14;0;0
762;386;393;1970-06-17;Semifinales;14;1;0
763;388;393;1970-06-20;3er puesto;14;0;0
764;389;386;1970-06-21;Final;14;0;0
765;398;400;1966-07-11;1ra Ronda;15;0;0
766;401;404;1966-07-12;1ra Ronda;15;0;0
767;412;410;1966-07-12;1ra Ronda;15;0;0
768;405;406;1966-07-12;1ra Ronda;15;0;0
769;397;399;1966-07-13;1ra Ronda;15;0;0
770;411;409;1966-07-13;1ra Ronda;15;0;0
771;408;407;1966-07-13;1ra Ronda;15;0;0
772;402;403;1966-07-13;1ra Ronda;15;0;0
773;400;397;1966-07-15;1ra Ronda;15;0;0
774;407;405;1966-07-15;1ra Ronda;15;0;0
775;403;404;1966-07-15;1ra Ronda;15;0;0
776;410;409;1966-07-15;1ra Ronda;15;0;0
777;408;406;1966-07-16;1ra Ronda;15;0;0
778;401;402;1966-07-16;1ra Ronda;15;0;0
779;412;411;1966-07-16;1ra Ronda;15;0;0
780;398;399;1966-07-16;1ra Ronda;15;0;0
781;408;405;1966-07-19;1ra Ronda;15;0;0
782;400;399;1966-07-19;1ra Ronda;15;0;0
783;402;404;1966-07-19;1ra Ronda;15;0;0
784;410;411;1966-07-19;1ra Ronda;15;0;0
785;398;397;1966-07-20;1ra Ronda;15;0;0
786;401;403;1966-07-20;1ra Ronda;15;0;0
787;412;409;1966-07-20;1ra Ronda;15;0;0
788;407;406;1966-07-20;1ra Ronda;15;0;0
789;408;410;1966-07-23;Cuartos de final;15;0;0
790;398;402;1966-07-23;Cuartos de final;15;0;0
791;401;400;1966-07-23;Cuartos de final;15;0;0
792;412;407;1966-07-23;Cuartos de final;15;0;0
793;401;412;1966-07-25;Semifinales;15;0;0
794;398;408;1966-07-26;Semifinales;15;0;0
795;408;412;1966-07-28;3er puesto;15;0;0
796;398;401;1966-07-30;Final;15;1;0
797;415;413;1962-05-30;1ra Ronda;16;0;0
798;421;424;1962-05-30;1ra Ronda;16;0;0
799;418;420;1962-05-30;1ra Ronda;16;0;0
800;425;426;1962-05-30;1ra Ronda;16;0;0
801;422;423;1962-05-31;1ra Ronda;16;0;0
802;414;416;1962-05-31;1ra Ronda;16;0;0
803;427;428;1962-05-31;1ra Ronda;16;0;0
804;417;419;1962-05-31;1ra Ronda;16;0;0
805;418;419;1962-06-02;1ra Ronda;16;0;0
806;421;422;1962-06-02;1ra Ronda;16;0;0
807;416;415;1962-06-02;1ra Ronda;16;0;0
808;428;425;1962-06-02;1ra Ronda;16;0;0
809;427;426;1962-06-03;1ra Ronda;16;0;0
810;414;413;1962-06-03;1ra Ronda;16;0;0
811;423;424;1962-06-03;1ra Ronda;16;0;0
812;417;420;1962-06-03;1ra Ronda;16;0;0
813;417;418;1962-06-06;1ra Ronda;16;0;0
814;427;425;1962-06-06;1ra Ronda;16;0;0
815;414;415;1962-06-06;1ra Ronda;16;0;0
816;421;423;1962-06-06;1ra Ronda;16;0;0
817;416;413;1962-06-07;1ra Ronda;16;0;0
818;424;422;1962-06-07;1ra Ronda;16;0;0
819;419;420;1962-06-07;1ra Ronda;16;0;0
820;428;426;1962-06-07;1ra Ronda;16;0;0
821;421;428;1962-06-10;Cuartos de final;16;0;0
822;422;427;1962-06-10;Cuartos de final;16;0;0
823;416;417;1962-06-10;Cuartos de final;16;0;0
824;418;414;1962-06-10;Cuartos de final;16;0;0
825;416;422;1962-06-13;Semifinales;16;0;0
826;418;421;1962-06-13;Semifinales;16;0;0
827;418;416;1962-06-16;3er puesto;16;0;0
828;421;422;1962-06-17;Final;16;0;0
829;438;437;1958-06-08;1ra Ronda;17;0;0
830;432;431;1958-06-08;1ra Ronda;17;0;0
831;442;441;1958-06-08;1ra Ronda;17;0;0
832;434;435;1958-06-08;1ra Ronda;17;0;0
833;430;429;1958-06-08;1ra Ronda;17;0;0
834;444;443;1958-06-08;1ra Ronda;17;0;0
835;436;433;1958-06-08;1ra Ronda;17;0;0
836;440;439;1958-06-08;1ra Ronda;17;0;0
837;436;434;1958-06-11;1ra Ronda;17;0;0
838;435;433;1958-06-11;1ra Ronda;17;0;0
839;439;437;1958-06-11;1ra Ronda;17;0;0
840;429;431;1958-06-11;1ra Ronda;17;0;0
841;444;441;1958-06-11;1ra Ronda;17;0;0
842;430;432;1958-06-11;1ra Ronda;17;0;0
843;442;443;1958-06-11;1ra Ronda;17;0;0
844;440;438;1958-06-12;1ra Ronda;17;0;0
845;434;433;1958-06-15;1ra Ronda;17;0;0
846;440;437;1958-06-15;1ra Ronda;17;0;0
847;429;432;1958-06-15;1ra Ronda;17;0;0
848;435;436;1958-06-15;1ra Ronda;17;0;0
849;442;444;1958-06-15;1ra Ronda;17;0;0
850;443;441;1958-06-15;1ra Ronda;17;0;0
851;438;439;1958-06-15;1ra Ronda;17;0;0
852;431;430;1958-06-15;1ra Ronda;17;0;0
853;432;431;1958-06-17;1ra Ronda;17;1;0
854;437;438;1958-06-17;1ra Ronda;17;0;0
855;444;443;1958-06-17;1ra Ronda;17;0;0
856;434;432;1958-06-19;Cuartos de final;17;0;0
857;429;436;1958-06-19;Cuartos de final;17;0;0
858;442;437;1958-06-19;Cuartos de final;17;0;0
859;440;444;1958-06-19;Cuartos de final;17;0;0
860;429;440;1958-06-24;Semifinales;17;0;0
861;434;442;1958-06-24;Semifinales;17;0;0
862;429;434;1958-06-28;3er puesto;17;0;0
863;440;442;1958-06-29;Final;17;0;0
864;448;446;1954-06-16;1ra Ronda;18;0;0
865;453;455;1954-06-16;1ra Ronda;18;0;0
866;456;454;1954-06-16;1ra Ronda;18;0;0
867;445;447;1954-06-16;1ra Ronda;18;0;0
868;451;450;1954-06-17;1ra Ronda;18;0;0
869;458;457;1954-06-17;1ra Ronda;18;1;0
870;449;452;1954-06-17;1ra Ronda;18;0;0
871;460;459;1954-06-17;1ra Ronda;18;0;0
872;446;447;1954-06-19;1ra Ronda;18;0;0
873;445;448;1954-06-19;1ra Ronda;18;1;0
874;453;454;1954-06-19;1ra Ronda;18;0;0
875;456;455;1954-06-19;1ra Ronda;18;0;0
876;451;449;1954-06-20;1ra Ronda;18;0;0
877;452;450;1954-06-20;1ra Ronda;18;0;0
878;458;460;1954-06-20;1ra Ronda;18;0;0
879;459;457;1954-06-20;1ra Ronda;18;0;0
880;460;459;1954-06-23;1ra Ronda;18;0;0
881;449;452;1954-06-23;1ra Ronda;18;0;0
882;456;458;1954-06-26;Cuartos de final;18;0;0
883;453;460;1954-06-26;Cuartos de final;18;0;0
884;451;445;1954-06-27;Cuartos de final;18;0;0
885;449;448;1954-06-27;Cuartos de final;18;0;0
886;451;456;1954-06-30;Semifinales;18;1;0
887;449;453;1954-06-30;Semifinales;18;0;0
888;456;453;1954-07-03;3er puesto;18;0;0
889;451;449;1954-07-04;Final;18;0;0
890;461;462;1950-06-24;1ra Ronda;19;0;0
891;471;469;1950-06-25;1ra Ronda;19;0;0
892;464;463;1950-06-25;1ra Ronda;19;0;0
893;468;465;1950-06-25;1ra Ronda;19;0;0
894;466;467;1950-06-25;1ra Ronda;19;0;0
895;464;462;1950-06-28;1ra Ronda;19;0;0
896;461;463;1950-06-28;1ra Ronda;19;0;0
897;471;470;1950-06-29;1ra Ronda;19;0;0
898;467;468;1950-06-29;1ra Ronda;19;0;0
899;466;465;1950-06-29;1ra Ronda;19;0;0
900;461;464;1950-07-01;1ra Ronda;19;0;0
901;473;472;1950-07-02;1ra Ronda;19;0;0
902;463;462;1950-07-02;1ra Ronda;19;0;0
903;466;468;1950-07-02;1ra Ronda;19;0;0
904;465;467;1950-07-02;1ra Ronda;19;0;0
905;469;470;1950-07-02;1ra Ronda;19;0;0
906;461;471;1950-07-09;1ra Ronda;19;0;0
907;473;466;1950-07-09;1ra Ronda;19;0;0
908;473;471;1950-07-13;1ra Ronda;19;0;0
909;461;466;1950-07-13;1ra Ronda;19;0;0
910;471;466;1950-07-16;1ra Ronda;19;0;0
911;473;461;1950-07-16;1ra Ronda;19;0;0
912;493;478;2038-06-04;Octavos de final;20;1;0
913;484;480;2038-06-05;Octavos de final;20;0;0
914;487;488;2038-06-05;Octavos de final;20;1;0
915;481;490;2038-06-05;Octavos de final;20;1;0
916;485;486;2038-06-05;Octavos de final;20;0;0
917;482;489;2038-06-05;Octavos de final;20;1;0
918;483;491;2038-06-05;Octavos de final;20;1;0
919;493;478;2038-06-09;Octavos de final;20;0;0
920;483;491;2038-06-09;Octavos de final;20;0;0
921;483;492;2038-06-12;Cuartos de final;20;0;0
922;487;484;2038-06-12;Cuartos de final;20;0;0
923;485;493;2038-06-12;Cuartos de final;20;0;0
924;481;482;2038-06-12;Cuartos de final;20;1;0
925;481;482;2038-06-14;Cuartos de final;20;0;0
926;485;492;2038-06-16;Semifinales;20;0;0
927;481;487;2038-06-16;Semifinales;20;0;0
928;481;492;2038-06-19;3er puesto;20;0;0
929;487;485;2038-06-19;Final;20;0;0
930;494;497;2034-05-27;Octavos de final;21;0;0
931;508;495;2034-05-27;Octavos de final;21;0;0
932;505;502;2034-05-27;Octavos de final;21;0;0
933;504;500;2034-05-27;Octavos de final;21;0;0
934;501;498;2034-05-27;Octavos de final;21;0;0
935;499;507;2034-05-27;Octavos de final;21;0;0
936;509;506;2034-05-27;Octavos de final;21;0;0
937;496;503;2034-05-27;Octavos de final;21;1;0
938;499;509;2034-05-31;Cuartos de final;21;0;0
939;496;504;2034-05-31;Cuartos de final;21;0;0
940;494;508;2034-05-31;Cuartos de final;21;0;0
941;505;501;2034-05-31;Cuartos de final;21;1;0
942;505;501;2034-06-01;Cuartos de final;21;0;0
943;499;494;2034-06-03;Semifinales;21;0;0
944;505;496;2034-06-03;Semifinales;21;0;0
945;496;494;2034-06-07;3er puesto;21;0;0
946;505;499;2034-06-10;Final;21;1;0
947;512;513;2030-07-13;1ra Ronda;22;0;0
948;521;520;2030-07-13;1ra Ronda;22;0;0
949;518;517;2030-07-14;1ra Ronda;22;0;0
950;516;515;2030-07-14;1ra Ronda;22;0;0
951;510;512;2030-07-15;1ra Ronda;22;0;0
952;511;513;2030-07-16;1ra Ronda;22;0;0
953;516;514;2030-07-17;1ra Ronda;22;0;0
954;521;522;2030-07-17;1ra Ronda;22;0;0
955;519;517;2030-07-18;1ra Ronda;22;0;0
956;510;513;2030-07-19;1ra Ronda;22;0;0
957;511;512;2030-07-19;1ra Ronda;22;0;0
958;522;520;2030-07-20;1ra Ronda;22;0;0
959;515;514;2030-07-20;1ra Ronda;22;0;0
960;519;518;2030-07-21;1ra Ronda;22;0;0
961;510;511;2030-07-22;1ra Ronda;22;0;0
962;510;521;2030-07-26;Semifinales;22;0;0
963;519;516;2030-07-27;Semifinales;22;0;0
964;510;519;2030-07-30;Final;22;0;0
