id_penal;id_partido;detalle;id_jugador;id_plantel;fue_metido
244;541;atajado;7039;255;0
245;541;;4850;271;1
246;541;;6977;255;1
247;541;;4824;271;1
248;541;;6991;255;1
249;541;;4855;271;1
250;541;;7024;255;1
251;541;;4814;272;1
252;541;;6989;255;1
253;541;;4845;272;1
254;545;atajado;671;253;0
255;545;atajado;7314;264;0
256;545;atajado;7349;264;0
257;545;fallado;7502;264;0
258;545;palo;789;253;0
259;545;;770;253;1
260;545;;564;253;1
261;545;;2735;264;1
262;545;;7482;264;1
263;545;;601;253;1
264;549;atajado;5061;252;0
265;549;atajado;5207;252;0
266;549;;4979;252;1
267;549;;770;253;1
268;549;;4976;252;1
269;549;;564;253;1
270;549;;5046;252;1
271;549;;695;253;1
272;549;;671;253;1
273;550;atajado;4601;270;0
274;550;desviado;4654;270;0
275;550;;4562;270;1
276;550;;32;261;1
277;550;;4450;270;1
278;550;;178;261;1
279;550;;4605;270;1
280;550;;226;261;1
281;550;;267;261;1
282;597;atajado;5712;279;0
283;597;atajado;5751;279;0
284;597;;5683;279;1
285;597;;5;289;1
286;597;;32;289;1
287;597;;178;289;1
288;597;;168;289;1
289;598;atajado;1639;286;0
290;598;desviado;3938;282;0
291;598;palo;1504;286;0
292;598;;3971;282;1
293;598;;1349;286;1
294;598;;3748;282;1
295;598;;1677;286;1
296;598;;3764;282;1
297;598;;1382;286;1
298;598;;3838;282;1
299;599;atajado;3376;287;0
300;599;;1074;277;1
301;599;;3534;287;1
302;599;;1189;277;1
303;599;;1061;277;1
304;599;;3359;287;1
305;599;;1248;277;1
306;599;;3342;287;1
307;599;;1214;277;1
308;599;;3560;287;1
309;653;atajado;253;301;0
310;653;atajado;3968;310;0
311;653;atajado;3778;310;0
312;653;;128;301;1
313;653;;3848;310;1
314;653;;33;301;1
315;653;;3748;310;1
316;653;;3951;310;1
317;653;;168;301;1
318;653;;231;301;1
319;653;;3938;310;1
320;653;;115;301;1
