referencia,birth_place,nicknames,web_site,Ig,Face,YT,Twitter,TikTok
mohamed_abdeljawad.php,,,,,,,,
saud_abdulhamid.php,,,,,,,,
majed_abdullah.php,,,,,,,,
tisir_al_antaif.php,,,,,,,,
awwad_al_anzi.php,,,,,,,,
ahmed_al_bahri.php,,,,,,,,
fahad_al_bishi.php,,,,,,,,
mohamed_al_bishi.php,,,,,,,,
saleh_al_dawood.php,,,,,,,,
mohammed_al_deayea.php,,,,,,,,
abdullah_al_dosari.php,,,,,,,,
abdullah_gaman_al_dosari.php,,,,,,,,
ahmed_al_dosari.php,,,,,,,,
obeid_al_dosari.php,,,,,,,,
khamis_al_dossari.php,,,,,,,,
omar_al_ghamdi.php,,,,,,,,
fahad_al_ghesheyan.php,,,,,,,,
ibrahim_al_harbi.php,,,,,,,,
saad_al_harthi.php,,,,,,,,
malek_al_hawsawi.php,,,,,,,,
ibrahim_al_helwa.php,,,,,,,,
sami_al_jaber.php,,,,,,,,
mohammed_al_jahani.php,,,,,,,,
abdulaziz_al_janoubi.php,,,,,,,,
yasser_al_kahtani.php,,,,,,,,
mohammed_al_khlaiwi.php,,,,,,,,
fahad_al_mehalel.php,,,,,,,,
hamad_al_montashari.php,,,,,,,,
khaled_al_muwallid.php,,,,,,,,
said_al_owayran.php,,,,,,,,
naif_al_qadi.php,,,,,,,,
mohammed_al_rubaie.php,,,,,,,,
hussein_al_sadeq.php,,,,,,,,
abdullah_alwaked_al_shahrani.php,,,,,,,,
ibrahim_al_shahrani.php,,,,,,,,
mohammad_al_shalhoub.php,,,,,,,,
fouzi_al_shehri.php,,,,,,,,
hussein_al_sulaimani.php,,,,,,,,
yasser_al_taifi.php,,,,,,,,
nawaf_al_temiyat.php,,,,,,,,
youssef_al_tunayan.php,,,,,,,,
al_hasan_al_yami.php,,,,,,,,
nawaf_al_abed.php,,,,,,,,
abdulrahman_al_aboud.php,,,,,,,,
abdulelah_al_amri.php,,,,,,,,
nawaf_al_aqidi.php,,,,,,,,
mohammed_al_breik.php,,,,,,,,
ali_al_bulaihi.php,,,,,,,,
firas_al_buraikan.php,,,,,,,,
nasser_al_dawsari.php,,,,,,,,
salem_al_dawsari.php,,,,,,,,
salman_al_faraj.php,,,,,,,,
sultan_al_ghanam.php,,,,,,,,
mansoor_al_harbi.php,,,,,,,,
ali_al_hassan.php,,,,,,,,
taisir_al_jassim.php,,,,,,,,
abdullah_al_khaibari.php,,,,,,,,
abdulmalek_al_khaibri.php,,,,,,,,
abdulellah_al_malki.php,,,,,,,,
abdullah_al_mayouf.php,"Riad, Arabia Saudita",,,,,,,
housain_al_mogahwi.php,,,,,,,,
yasser_al_mosailem.php,,,,,,,,
fahad_al_muwallad.php,,,,,,,,
sami_al_najei.php,,,,,,,,
mohammed_al_owais.php,,,,,,,,
mohammad_al_sahlawi.php,,,,,,,,
yasser_al_shahrani.php,,,,,,,,
saleh_al_shehri.php,,,,,,,,
yahya_al_shehri.php,,,,,,,,
mansour_althagafi.php,,,,,,,,
mohammed_ameen.php,,,,,,,,
fuad_amin.php,,,,,,,,
haitham_asiri.php,,,,,,,,
muhannad_assiri.php,,,,,,,,
khaled_aziz.php,,,,,,,,
mohammed_babkr.php,,,,,,,,
hattan_bahebri.php,,,,,,,,
hamza_falatah.php,,,,,,,,
mohsin_harthi.php,,,,,,,,
motaz_hawsawi.php,,,,,,,,
omar_hawsawi.php,,,,,,,,
osama_hawsawi.php,,,,,,,,
talal_jebrin.php,,,,,,,,
mohamed_kanno.php,,,,,,,,
saud_kariri.php,,,,,,,,
abdulaziz_khathran.php,,,,,,,,
mohammad_khojah.php,,,,,,,,
ahmed_madani.php,,,,,,,,
abdullah_madu.php,,,,,,,,
mohammed_massad.php,,,,,,,,
mohammed_noor.php,,,,,,,,
abdullah_otayf.php,"Riad, Arabia Saudita",,,,,,,
hamza_saleh.php,,,,,,,,
riyadh_sharahili.php,,,,,,,,
hassan_tambakti.php,,,,,,,,
redha_tukar.php,,,,,,,,
mabrouk_zaid.php,,,,,,,,
abdullah_zubromawi.php,,,,,,,,
djamal_abdoun.php,,,,,,,,
mourad_amara.php,,,,,,,,
salah_assad.php,,,,,,,,
nadir_belhadj.php,,,,,,,,
essaid_belkalem.php,,,,,,,,
habib_bellaid.php,,,,,,,,
lakhdar_belloumi.php,,,,,,,,
alim_ben_mabrouk.php,,,,,,,,
ali_bencheikh.php,,,,,,,,
fawzi_benkhalidi.php,,,,,,,,
tedj_bensaoula.php,,,,,,,,
yacine_bentala.php,,,,,,,,
nabil_bentaleb.php,,,,,,,,
ryad_boudebouz.php,,,,,,,,
madjid_bougherra.php,,,,,,,,
abdelmajid_bourebbou.php,,,,,,,,
yacine_brahimi.php,,,,,,,,
liassine_cadamuro.php,,,,,,,,
mahdi_cerbah.php,,,,,,,,
mohamed_chaib.php,,,,,,,,
faouzi_chaouchi.php,,,,,,,,
fathi_chebel.php,,,,,,,,
mustafa_dahleb.php,,,,,,,,
abdelmoumene_djabou.php,"Sétif, Argelia",,,,,,,
rafik_djebbour.php,,,,,,,,
nasser_drid.php,,,,,,,,
larbi_el_hadi.php,,,,,,,,
sofiane_feghouli.php,,,,,,,,
ali_fergani.php,,,,,,,,
lounes_gaouaoui.php,,,,,,,,
abdelkader_ghezzal.php,,,,,,,,
nabil_ghilas.php,,,,,,,,
faouzi_ghoulam.php,,,,,,,,
adlane_guedioura.php,,,,,,,,
mahmoud_guendouz.php,,,,,,,,
rafik_halliche.php,,,,,,,,
rachid_harkouk.php,,,,,,,,
abdelkader_horr.php,,,,,,,,
mohamed_kaci_said.php,,,,,,,,
foued_kadir.php,,,,,,,,
mustafa_kouici.php,,,,,,,,
noureddine_kourichi.php,,,,,,,,
medhi_lacen.php,,,,,,,,
abdelkader_laifaoui.php,,,,,,,,
salah_larbes.php,,,,,,,,
rais_mbolhi.php,,,,,,,,
rabah_madjer.php,,,,,,,,
riyad_mahrez.php,,,,,,,,
aissa_mandi.php,,,,,,,,
faouzi_mansouri.php,,,,,,,,
yazid_mansouri.php,,,,,,,,
karim_maroc.php,,,,,,,,
karim_matmour.php,,,,,,,,
abdellah_medjadi.php,,,,,,,,
carl_medjani.php,,,,,,,,
fadil_megharia.php,,,,,,,,
djamel_menad.php,,,,,,,,
chaabane_merzekane.php,,,,,,,,
djamel_mesbah.php,,,,,,,,
mehdi_mostefa.php,,,,,,,,
abdelhamid_sadmi.php,,,,,,,,
rafik_saifi.php,,,,,,,,
cedric_si_mohamed.php,,,,,,,,
islam_slimani.php,,,,,,,,
soudani.php,,,,,,,,
saphir_taider.php,,,,,,,,
djamel_tlemcani.php,,,,,,,,
hocine_yahi.php,,,,,,,,
anther_yahia.php,,,,,,,,
hassan_yebda.php,,,,,,,,
mohamed_zemmamouche.php,,,,,,,,
karim_ziani.php,,,,,,,,
djamel_zidane.php,,,,,,,,
roberto_abbondanzieri.php,,,,,,,,
ramon_abeledo.php,,,,,,,,
david_acevedo.php,,,,,,,,
marcos_acuna.php,,,,,,,,
sergio_aguero.php,"Ciudad de Buenos Aires, Argentina",Kun,http://sergioaguero.com/,https://www.instagram.com/kunaguero,https://www.facebook.com/sergioelkunaguero,https://www.youtube.com/channel/UCMl6IV2MR5W2gg4qHYAqcoQ,https://twitter.com/aguerosergiokun,https://www.tiktok.com/@kunaguero
pablo_aimar.php,,,,,,,,
ernesto_albarracin.php,,,,,,,,
rafael_albrecht.php,,,,,,,,
thiago_almada.php,,,,,,,,
matias_almeyda.php,,,,,,,,
sergio_almiron.php,,,,,,,,
norberto_alonso.php,,,,,,,,
julian_alvarez.php,"Calchín, Córdoba, Argentina",Araña,,https://www.instagram.com/juliaanalvarez,,,,
ricardo_alvarez.php,,,,,,,,
mariano_andujar.php,,,,,,,,
cristian_ansaldi.php,,,,,,,,
osvaldo_ardiles.php,,,,,,,,
franco_armani.php,,,,,,,,
luis_artime.php,,,,,,,,
leonardo_astrada.php,,,,,,,,
ramon_astudillo.php,,,,,,,,
ludovico_avio.php,,,,,,,,
roberto_ayala.php,,,,,,,,
ruben_ayala.php,,,,,,,,
carlos_babington.php,,,,,,,,
abel_balbo.php,,,,,,,,
augustin_balbuena.php,,,,,,,,
hector_baley.php,,,,,,,,
ever_banega.php,,,,,,,,
juan_barbas.php,,,,,,,,
angel_bargas.php,,,,,,,,
jose_basanta.php,,,,,,,,
jose_basualdo.php,,,,,,,,
sergio_batista.php,,,,,,,,
gabriel_batistuta.php,"Reconquista, Santa Fe, Argentina","el Bati, el Batigol",http://www.batistuta.com/,,,,https://twitter.com/GBatistutaOK,
edgardo_bauza.php,,,,,,,,
raul_belen.php,,,,,,,,
ernesto_belis.php,,,,,,,,
sergio_berti.php,,,,,,,,
daniel_bertoni.php,,,,,,,,
lucas_biglia.php,,,,,,,,
ricardo_bochini.php,,,,,,,,
norberto_boggio.php,,,,,,,,
mario_bolatti.php,,,,,,,,
roberto_bonano.php,,,,,,,,
jorge_borelli.php,,,,,,,,
claudio_borghi.php,,,,,,,,
angel_bossio.php,,,,,,,,
juan_botasso.php,,,,,,,,
miguel_brindisi.php,,,,,,,,
jose_brown.php,,,,,,,,
nicolas_burdisso.php,,,,,,,,
german_burgos.php,,,,,,,,
jorge_burruchaga.php,,,,,,,,
wilfredo_caballero.php,,Willy,,,,,,
fernando_caceres.php,,,,,,,,
gabriel_calderon.php,,,,,,,,
oscar_calics.php,,,,,,,,
esteban_cambiasso.php,,,,,,,,
hugo_campagnaro.php,,,,,,,,
fabian_cancelarich.php,,,,,,,,
claudio_caniggia.php,,,,,,,,
vladislao_cap.php,,,,,,,,
daniel_carnevali.php,,,,,,,,
jorge_carrascosa.php,,,,,,,,
amadeo_carrizo.php,,,,,,,,
pablo_cavallero.php,,,,,,,,
roberto_cerro.php,,,,,,,,
mario_chaldu.php,,,,,,,,
jose_chamot.php,,,,,,,,
enrique_chazarreta.php,,,,,,,,
enrique_chimento.php,,,,,,,,
alberto_chividini.php,,,,,,,,
nestor_clausen.php,,,,,,,,
fabricio_coloccini.php,,,,,,,,
angel_comizzo.php,,,,,,,,
omar_oreste_corbatta.php,,,,,,,,
angel_correa.php,,,,,,,,
hernan_crespo.php,,,,,,,,
julio_cruz.php,,,,,,,,
osvaldo_cruz.php,,,,,,,,
jose_cuciuffo.php,,,,,,,,
leandro_cufre.php,,,,,,,,
rodrigo_de_paul.php,,,,,,,,
alfredo_de_vincenzi.php,,,,,,,,
marcelo_delgado.php,,,,,,,,
jose_della_torre.php,,,,,,,,
pedro_dellacha.php,,,,,,,,
atilio_demaria.php,,,,,,,,
martin_demichelis.php,,,,,,,,
gustavo_dezotti.php,,,,,,,,
angel_di_maria.php,"Rosario, Santa Fe, Argentina","Fideo, Flaco",,,,,,
hernan_diaz.php,,,,,,,,
ramon_diaz.php,,,,,,,,
rogelio_dominguez.php,,,,,,,,
paulo_dybala.php,"Laguna Larga, Córdoba, Argentina",La Joya,http://paulodybala21.com/,,,,https://twitter.com/PauDybala_JR,
federico_edwards.php,,,,,,,,
hector_enrique.php,,,,,,,,
juan_evaristo.php,,,,,,,,
mario_evaristo.php,,,,,,,,
nestor_fabbri.php,,,,,,,,
hector_facundo.php,,,,,,,,
federico_fazio.php,,,,,,,,
augusto_fernandez.php,,,,,,,,
enzo_fernandez.php,"San Martín, Buenos Aires, Argentina",,,https://www.instagram.com/enzojfernandez,,,,
federico_fernandez.php,,,,,,,,
manuel_ferreira.php,,,,,,,,
oscar_ferreiro.php,,,,,,,,
ubaldo_fillol.php,,,,,,,,
juan_foyth.php,,,,,,,,
leonardo_franco.php,,,,,,,,
hector_freschi.php,,,,,,,,
fernando_gago.php,"Ciudadela, Buenos Aires, Argentina",Pintita,,https://www.instagram.com/fergago5oficial,,,https://twitter.com/fernandogagome,
alberto_galateo.php,,,,,,,,
marcelo_gallardo.php,"Merlo, Buenos Aires, Argentina",Muñeco,,,,,,
americo_gallego.php,,,,,,,,
luis_galvan.php,,,,,,,,
ruben_galvan.php,,,,,,,,
ezequiel_garay.php,,,,,,,,
ariel_garce.php,,,,,,,,
oscar_garre.php,,,,,,,,
hugo_gatti.php,,,,,,,,
ricardo_giusti.php,,,,,,,,
ruben_glaria.php,,,,,,,,
alejandro_gomez.php,,,,,,,,
alberto_gonzalez_2.php,,,,,,,,
cristian_gonzalez.php,,,,,,,,
luis_gonzalez.php,,,,,,,,
sergio_goycochea.php,,,,,,,,
angel_grippa.php,,,,,,,,
jonas_gutierrez.php,,,,,,,,
nahuel_guzman.php,,,,,,,,
gabriel_heinze.php,,,,,,,,
ramon_heredia.php,,,,,,,,
patricio_hernandez.php,,,,,,,,
gonzalo_higuain.php,"Brest, Francia","Pipa, Pipita",,,,,https://twitter.com/G_Higuain,
rene_houseman.php,,,,,,,,
claudio_husain.php,,,,,,,,
ricardo_infante.php,,,,,,,,
roberto_iraneta.php,,,,,,,,
rolando_irusta.php,,,,,,,,
luis_islas.php,,,,,,,,
luca_izzeta.php,,,,,,,,
mario_kempes.php,,,,,,,,
daniel_killer.php,,,,,,,,
ricardo_la_volpe.php,,,,,,,,
angel_labruna.php,,,,,,,,
omar_larrosa.php,,,,,,,,
ezequiel_lavezzi.php,,,,,,,,
giovani_lo_celso.php,,,,,,,,
francisco_lombardo.php,,,,,,,,
arcadio_lopez.php,,,,,,,,
claudio_lopez.php,,,,,,,,
gustavo_lopez.php,,,,,,,,
nelson_lopez.php,,,,,,,,
alfonso_lorenzo.php,,,,,,,,
nestor_lorenzo.php,,,,,,,,
leopoldo_luque.php,,,,,,,,
alexis_mac_allister.php,"Santa Rosa, La Pampa, Argentina",,,https://www.instagram.com/alemacallister,,,,
alejandro_mancuso.php,,,,,,,,
diego_maradona.php,"Lanús, Buenos Aires, Argentina","El Diez, Pelusa, El Pibe de Oro",http://www.diegomaradona.com/,,,,,
alberto_mariotti.php,,,,,,,,
emiliano_martinez.php,"Mar del Plata, Buenos Aires, Argentina","Dibu, Dinamita",,https://www.instagram.com/emi_martinez26,https://www.facebook.com/emimartinez26,,https://twitter.com/emimartinezz1,
lautaro_martinez.php,"Bahía Blanca, Argentina",'Toro',,https://www.instagram.com/lautaromartinez,,,,
lisandro_martinez.php,,,,,,,,
silvio_marzolini.php,,,,,,,,
oscar_mas.php,,,,,,,,
javier_mascherano.php,,,,,,,,
ramon_medina_bello.php,,,,,,,,
norberto_menendez.php,,,,,,,,
gabriel_mercado.php,,,,,,,,
lionel_messi.php,"Rosario, Santa Fe, Argentina","La Pulga, Leo, Lio",http://messi.com/,https://www.instagram.com/leomessi,https://www.facebook.com/leomessi,https://www.youtube.com/user/LeoMessi,,
maximiliano_meza.php,,,,,,,,
diego_milito.php,,,,,,,,
gabriel_milito.php,,,,,,,,
nahuel_molina.php,,,,,,,,
luis_monti.php,,,,,,,,
gonzalo_montiel.php,,,,,,,,
pedro_monzon.php,,,,,,,,
eliseo_mourino.php,,,,,,,,
julio_mussimesi.php,,,,,,,,
ramon_muttis.php,,,,,,,,
ruben_navarro.php,,,,,,,,
jose_nehin.php,,,,,,,,
julio_olarticoechea.php,,,,,,,,
juan_oleniak.php,,,,,,,,
jorge_olguin.php,,,,,,,,
ermindo_onega.php,,,,,,,,
agustin_orion.php,,,,,,,,
rodolfo_orlandini.php,,,,,,,,
ariel_ortega.php,,,,,,,,
oscar_ortiz.php,,,,,,,,
nicolas_otamendi.php,,,,,,,,
raul_paez.php,,,,,,,,
marcelo_pagani.php,,,,,,,,
ruben_pagnanini.php,,,,,,,,
rodrigo_palacio.php,,,,,,,,
exequiel_palacios.php,"Famaillá, Tucumán, Argentina","Pala, Tucu, Exe",,https://www.instagram.com/exepalaciosok,,,https://twitter.com/exepalacios_,
martin_palermo.php,"La Plata, Buenos Aires, Argentina","el loco, el titán",,https://www.instagram.com/martinpalermo.ok,https://www.facebook.com/MartinPalermoOK,,,
martin_pando.php,,,,,,,,
leandro_paredes.php,,,,,,,,
pedro_pasculli.php,,,,,,,,
daniel_passarella.php,,,,,,,,
javier_pastore.php,,,,,,,,
jose_pastoriza.php,,,,,,,,
fernando_paternoster.php,,,,,,,,
cristian_pavon.php,,,,,,,,
pablo_paz.php,,,,,,,,
juan_pedevilla.php,,,,,,,,
alfredo_perez.php,,,,,,,,
enzo_perez.php,,,,,,,,
hugo_perez_2.php,,,,,,,,
vincente_perez.php,,,,,,,,
roberto_perfumo.php,,,,,,,,
natalio_perinetti.php,,,,,,,,
carlos_peucelle.php,,,,,,,,
german_pezzella.php,,,,,,,,
edmundo_piaggio.php,,,,,,,,
mauricio_pineda.php,,,,,,,,
diego_placente.php,,,,,,,,
mauricio_pochettino.php,,,,,,,,
aldo_poy.php,,,,,,,,
diego_pozo.php,,,,,,,,
eliseo_prado.php,,,,,,,,
nery_pumpido.php,,,,,,,,
jose_manuel_ramos_delgado.php,,,,,,,,
antonio_rattin.php,,,,,,,,
fernando_redondo.php,,,,,,,,
juan_roman_riquelme.php,"San Fernando, Buenos Aires, Argentina","El Torero, el último 10",,,,,,
carlos_roa.php,,,,,,,,
clemente_rodriguez.php,,,,,,,,
guido_rodriguez.php,,,,,,,,
leonardo_rodriguez.php,,,,,,,,
maxi_rodriguez.php,,,,,,,,
alfredo_rojas.php,,,,,,,,
marcos_rojo.php,,,,,,,,
antonio_roma.php,,,,,,,,
cristian_romero.php,,,,,,,,
sergio_romero.php,,,,,,,,
nestor_rossi.php,,,,,,,,
oscar_rossi.php,,,,,,,,
francisco_rua.php,,,,,,,,
oscar_ruggeri.php,,,,,,,,
geronimo_rulli.php,,,,,,,,
francisco_sa.php,,,,,,,,
federico_sacchi.php,,,,,,,,
alberto_sainz.php,,,,,,,,
eduardo_salvio.php,,Toto,,,,,,
walter_samuel.php,,,,,,,,
jose_sanfilippo.php,,,,,,,,
santiago_santamaria.php,,,,,,,,
miguel_santoro.php,,,,,,,,
juan_sarnari.php,,,,,,,,
javier_saviola.php,,,,,,,,
lionel_scaloni.php,,,,,,,,
alejandro_scopelli.php,,,,,,,,
norberto_scoponi.php,,,,,,,,
roberto_sensini.php,,,,,,,,
jose_serrizuela.php,,,,,,,,
carmelo_simeone.php,,,,,,,,
diego_simeone.php,,,,,,,,
juan_simon.php,,,,,,,,
jorge_solari.php,,,,,,,,
juan_sorin.php,,,,,,,,
ruben_sosa_2.php,,,,,,,,
carlos_spadaro.php,,,,,,,,
carlos_squeo.php,,,,,,,,
guillermo_stabile.php,,,,,,,,
pedro_suarez.php,,,,,,,,
nicolas_tagliafico.php,,,,,,,,
carlos_tapia.php,,,,,,,,
anibal_tarabini.php,,,,,,,,
alberto_tarantini.php,,,,,,,,
roberto_telch.php,,,,,,,,
carlos_tevez.php,"Ciudadela, Buenos Aires, Argentina",El Apache,,https://www.instagram.com/__carlitostevez,,,,https://www.tiktok.com/@__carlitostevez
nestor_togneri.php,,,,,,,,
marcelo_trobbiani.php,,,,,,,,
pedro_troglio.php,,,,,,,,
enzo_trossero.php,,,,,,,,
costantino_urbieta_sosa.php,,,,,,,,
oscar_ustari.php,,,,,,,,
federico_vairo.php,,,,,,,,
jorge_valdano.php,,,,,,,,
jose_valencia.php,,,,,,,,
jose_van_tuyne.php,,,,,,,,
jose_varacka.php,,,,,,,,
francisco_varallo.php,,,,,,,,
sergio_vazquez.php,,,,,,,,
juan_veron.php,,,,,,,,
ricardo_villa.php,,,,,,,,
nelson_vivas.php,,,,,,,,
federico_wilde.php,,,,,,,,
enrique_wolff.php,,,,,,,,
hector_yazalde.php,,,,,,,,
pablo_zabaleta.php,,,,,,,,
javier_zanetti.php,,,,,,,,
hector_zelada.php,,,,,,,,
adolfo_zumelzu.php,,,,,,,,
ernie_campbell.php,,,,,,,,
david_carney.php,,,,,,,,
scott_chipperfield.php,,,,,,,,
ante_covic.php,,,,,,,,
jason_culina.php,,,,,,,,
jason_cummings.php,,,,,,,,
colin_curran.php,,,,,,,,
jason_davidson.php,,,,,,,,
milos_degenek.php,,,,,,,,
thomas_deng.php,,,,,,,,
cameron_devlin.php,,,,,,,,
mitchell_duke.php,,,,,,,,
brett_emerton.php,,,,,,,,
adam_federici.php,,,,,,,,
ivan_franjic.php,,,,,,,,
eugene_galekovic.php,,,,,,,,
richard_garcia.php,,,,,,,,
craig_goodwin.php,,,,,,,,
vince_grella.php,,,,,,,,
joshua_kennedy.php,,,,,,,,
harry_kewell.php,,,,,,,,
joel_king.php,,,,,,,,
robbie_kruse.php,,,,,,,,
garang_kuol.php,,,,,,,,
mitchell_langerak.php,,,,,,,,
stan_lazaridis.php,,,,,,,,
mathew_leckie.php,,,,,,,,
massimo_luongo.php,,,,,,,,
awer_mabil.php,,,,,,,,
jimmy_mackay.php,,,,,,,,
jamie_maclaren.php,,,,,,,,
allan_maher.php,,,,,,,,
gary_manuel.php,,,,,,,,
ryan_mcgowan.php,,,,,,,,
riley_mcgree.php,,,,,,,,
matt_mckay.php,,,,,,,,
james_meredith.php,,,,,,,,
jimmy_milisavljevic.php,,,,,,,,
mark_milligan.php,,,,,,,,
craig_moore.php,,,,,,,,
aaron_mooy.php,,,,,,,,
andrew_nabbout.php,,,,,,,,
lucas_neill.php,,,,,,,,
tommy_oar.php,,,,,,,,
peter_ollerton.php,,,,,,,,
manfred_schaefer.php,,,,,,,,
mark_schwarzer.php,,,,,,,,
josip_skoko.php,,,,,,,,
harry_souttar.php,,,,,,,,
matthew_spiranovic.php,,,,,,,,
mile_sterjovski.php,,,,,,,,
adam_taggart.php,,,,,,,,
archie_thompson.php,,,,,,,,
max_tolson.php,,,,,,,,
james_troisi.php,,,,,,,,
doug_utjesenovic.php,,,,,,,,
carl_valeri.php,,,,,,,,
dario_vidosic.php,,,,,,,,
mark_viduka.php,,,,,,,,
danny_vukovic.php,,,,,,,,
john_warren.php,,,,,,,,
john_watkiss.php,,,,,,,,
alex_wilkinson.php,,,,,,,,
luke_wilkshire.php,,,,,,,,
harry_williams.php,,,,,,,,
peter_wilson.php,,,,,,,,
bailey_wright.php,,,,,,,,
toni_sunjic.php,,,,,,,,
tino_susic.php,,,,,,,,
edin_visca.php,,,,,,,,
ognjen_vranjes.php,,,,,,,,
avdija_vrsajevic.php,,,,,,,,
abel.php,,,,,,,,
acacio.php,,,,,,,,
adaozinho.php,,,,,,,,
ademir.php,,,,,,,,
ademir_da_guia.php,,,,,,,,
ado.php,,,,,,,,
adriano.php,,,,,,,,
afonsinho.php,,,,,,,,
alcindo.php,,,,,,,,
aldair.php,,,,,,,,
alemao.php,,,,,,,,
alfredo.php,,,,,,,,
alfredo_ii.php,,,,,,,,
alfredo_ramos.php,,,,,,,,
alisson.php,,,,,,,,
jose_altafini.php,,,,,,,,
altair.php,,,,,,,,
dani_alves.php,"Juazeiro, Bahía, Brasil",,,https://www.instagram.com/danialves,https://www.facebook.com/DaniAlvesD2,,https://twitter.com/DaniAlvesD2,https://www.tiktok.com/@danialves
amaral.php,,,,,,,,
amarildo.php,,,,,,,,
anderson_polga.php,,,,,,,,
andre_cruz.php,,,,,,,,
antony.php,,,,,,,,
araken.php,,,,,,,,
argemiro.php,,,,,,,,
ariel.php,,,,,,,,
armandinho.php,,,,,,,,
attila.php,,,,,,,,
augusto.php,,,,,,,,
baldochi.php,,,,,,,,
baltazar.php,,,,,,,,
barbosa.php,,,,,,,,
batatais.php,,,,,,,,
batista.php,,,,,,,,
bauer.php,,,,,,,,
bebeto.php,,,,,,,,
belletti.php,,,,,,,,
bellini.php,,,,,,,,
benedicto.php,,,,,,,,
benvenutto.php,,,,,,,,
bernard.php,,,,,,,,
bigode.php,,,,,,,,
bismarck.php,,,,,,,,
branco.php,,,,,,,,
brandao.php,,,,,,,,
brandaozinho.php,,,,,,,,
bremer.php,,,,,,,,
brilhante.php,,,,,,,,
brito.php,,,,,,,,
britto.php,,,,,,,,
cabecao.php,,,,,,,,
cafu.php,,,,,,,,
canalli.php,,,,,,,,
careca.php,,,,,,,,
carlos.php,,,,,,,,
carlos_alberto.php,,,,,,,,
carlos_germano.php,,,,,,,,
carpegiani.php,,,,,,,,
carvalho_leite.php,,,,,,,,
casagrande.php,,,,,,,,
casemiro.php,,,,,,,,
cassio.php,,,,,,,,
castilho.php,,,,,,,,
cesar.php,,,,,,,,
cesar_sampaio.php,,,,,,,,
chicao.php,,,,,,,,
chico.php,,,,,,,,
cicinho.php,,,,,,,,
clodoaldo.php,,,,,,,,
coutinho.php,,,,,,,,
cris.php,,,,,,,,
danilo.php,,,,,,,,
danilo_alvim.php,,,,,,,,
dante.php,,,,,,,,
dario.php,,,,,,,,
david_luiz.php,,,,,,,,
de_sordi.php,,,,,,,,
denilson.php,,,,,,,,
denilson_2.php,,,,,,,,
dequinha.php,,,,,,,,
dida.php,,,,,,,,
dida_2.php,,,,,,,,
didi.php,,,,,,,,
dino_sani.php,,,,,,,,
dirceu.php,,,,,,,,
djalma_santos.php,,,,,,,,
doca.php,,,,,,,,
domingos_da_guia.php,,,,,,,,
doni.php,,,,,,,,
doriva.php,,,,,,,,
douglas_costa.php,,,,,,,,
dunga.php,,,,,,,,
eder.php,,,,,,,,
ederson.php,,,,,,,,
edevaldo.php,,,,,,,,
edilson.php,,,,,,,,
edinho.php,,,,,,,,
edivaldo.php,,,,,,,,
edmilson.php,,,,,,,,
edmundo.php,,,,,,,,
edson_2.php,,,,,,,,
edu.php,,,,,,,,
elano.php,,,,,,,,
ely_do_amparo.php,,,,,,,,
elzo.php,,,,,,,,
emerson.php,,,,,,,,
everaldo.php,,,,,,,,
fabinho.php,,,,,,,,
fagner.php,,,,,,,,
falcao.php,,,,,,,,
fausto.php,,,,,,,,
felipe_melo.php,,,,,,,,
felix.php,,,,,,,,
fernandinho.php,,,,,,,,
fernando_giudicelli.php,,,,,,,,
fidelis.php,,,,,,,,
filipe_luis.php,,,,,,,,
fontana.php,,,,,,,,
fortes.php,,,,,,,,
francisco_rodrigues.php,,,,,,,,
fred.php,,,,,,,,
fred_rodrigues.php,,,,,,,,
friaca.php,,,,,,,,
gabriel_jesus.php,,,,,,,,
garrincha.php,"Magé, Río de Janeiro , Brasil",Garrincha o Mané Garrincha,,,,,,
germano.php,,,,,,,,
pedro_geromel.php,,,,,,,,
gerson.php,,,,,,,,
gil.php,,,,,,,,
gilberto_melo.php,,,,,,,,
gilberto_silva.php,,,,,,,,
gilmar.php,,,,,,,,
gilmar_rinaldi.php,,,,,,,,
giovanni.php,,,,,,,,
gomes.php,,,,,,,,
goncalves.php,,,,,,,,
grafite.php,,,,,,,,
bruno_guimaraes.php,,,,,,,,
henrique.php,,,,,,,,
hercules.php,,,,,,,,
hermogenes.php,,,,,,,,
hernanes.php,,,,,,,,
hulk.php,,,,,,,,
humberto_tozzi.php,,,,,,,,
indio.php,,,,,,,,
italia.php,,,,,,,,
ivan_mariz.php,,,,,,,,
jair.php,,,,,,,,
jair_da_costa.php,,,,,,,,
jair_marinho.php,,,,,,,,
jairzinho.php,,,,,,,,
jau.php,,,,,,,,
jefferson.php,,,,,,,,
jo.php,,,,,,,,
joel.php,,,,,,,,
joel_2.php,,,,,,,,
joel_camargo.php,,,,,,,,
jorge_mendonca.php,,,,,,,,
jorginho.php,,,,,,,,
josimar.php,,,,,,,,
josue.php,,,,,,,,
juan.php,,,,,,,,
julinho.php,,,,,,,,
julio_baptista.php,,,,,,,,
julio_cesar_2.php,,,,,,,,
julio_cesar.php,,,,,,,,
juninho.php,,,,,,,,
juninho_paulista.php,,,,,,,,
juninho_pernambucano.php,,,,,,,,
junior.php,,,,,,,,
junior_2.php,,,,,,,,
junior_baiano.php,,,,,,,,
jurandir.php,,,,,,,,
juvenal.php,,,,,,,,
kaka.php,"Distrito Federal, Brasil",,,https://www.instagram.com/kaka,https://www.facebook.com/Kaka,,https://twitter.com/KAKA,
kleberson.php,,,,,,,,
leandro.php,,,,,,,,
leao.php,,,,,,,,
leivinha.php,,,,,,,,
leonardo.php,,,,,,,,
leonidas.php,,,,,,,,
lima.php,,,,,,,,
lopes.php,,,,,,,,
lucio.php,,,,,,,,
luis_fabiano.php,,,,,,,,
luis_pereira.php,,,,,,,,
luisao.php,,,,,,,,
luisinho.php,,,,,,,,
luiz_gustavo.php,,,,,,,,
luiz_luz.php,,,,,,,,
luizao.php,,,,,,,,
luizinho.php,,,,,,,,
machado.php,,,,,,,,
maicon.php,,,,,,,,
maneca.php,,,,,,,,
manga.php,,,,,,,,
manoelzinho.php,,,,,,,,
marcelo.php,,,,,,,,
marcio_santos.php,,,,,,,,
marco_antonio.php,,,,,,,,
marcos.php,,,,,,,,
marinho_chagas.php,,,,,,,,
marinho_peres.php,,,,,,,,
marquinhos.php,,,,,,,,
martim.php,,,,,,,,
gabriel_martinelli.php,,,,,,,,
maurinho.php,,,,,,,,
mauro_galvao.php,,,,,,,,
mauro_ramos.php,,,,,,,,
mauro_silva.php,,,,,,,,
maxwell.php,,,,,,,,
mazinho.php,,,,,,,,
mengalvio.php,,,,,,,,
michel_bastos.php,,,,,,,,
eder_militao.php,,,,,,,,
mineiro.php,,,,,,,,
miranda.php,,,,,,,,
mirandinha.php,,,,,,,,
moacir.php,,,,,,,,
moderato.php,,,,,,,,
mozer.php,,,,,,,,
muller.php,,,,,,,,
nariz.php,,,,,,,,
nelinho.php,,,,,,,,
nena.php,,,,,,,,
neymar.php,"Mogi das Cruzes, San Pablo, Brasil",,http://www.neymaroficial.com/,,,,https://twitter.com/Njr92,
niginho.php,,,,,,,,
nilmar.php,,,,,,,,
nilo.php,,,,,,,,
nilton_santos.php,,,,,,,,
noronha.php,,,,,,,,
octacilio.php,,,,,,,,
oreco.php,,,,,,,,
orlando.php,,,,,,,,
oscar_2.php,,,,,,,,
oscar.php,,,,,,,,
oscarino.php,,,,,,,,
pamplona.php,,,,,,,,
lucas_paqueta.php,,,,,,,,
parana.php,,,,,,,,
patesko.php,,,,,,,,
paulinho_2.php,,,,,,,,
paulinho.php,,,,,,,,
paulo_cesar.php,,,,,,,,
paulo_henrique.php,,,,,,,,
paulo_isidoro.php,,,,,,,,
paulo_sergio_2.php,,,,,,,,
paulo_sergio.php,,,,,,,,
paulo_vitor.php,,,,,,,,
pedrinho.php,,,,,,,,
pedro_guilherme.php,,,,,,,,
pedrosa.php,,,,,,,,
pele.php,"Três Corações, Minas Gerais, Brasil","Pelé, El Rey, O Rei, La Perla Negra",,,,,https://twitter.com/Pele,
pepe_2.php,,,,,,,,
peracio.php,,,,,,,,
philippe_coutinho.php,,,,,,,,
pinga.php,,,,,,,,
pinheiro.php,,,,,,,,
polozzi.php,,,,,,,,
poly.php,,,,,,,,
preguinho.php,,,,,,,,
rai.php,,,,,,,,
ramires.php,,,,,,,,
raphinha.php,"Porto Alegre, Río Grande del Sur, Brasil",Raphinha,,https://www.instagram.com/raphinha,,,,
reinaldo.php,,,,,,,,
renato.php,,,,,,,,
renato_2.php,,,,,,,,
renato_augusto.php,,,,,,,,
renato_gaucho.php,,,,,,,,
everton_ribeiro.php,,,,,,,,
ricardinho.php,,,,,,,,
ricardo_gomes.php,,,,,,,,
ricardo_rocha.php,,,,,,,,
richarlison.php,,,,,,,,
rildo.php,,,,,,,,
rivaldo.php,,,,,,,,
rivelino.php,,,,,,,,
roberto_2.php,,,,,,,,
roberto_3.php,,,,,,,,
roberto_carlos.php,"Garça, San Pablo, Brasil",RC3,http://www.robertocarlosofficial.com/,https://www.instagram.com/oficialrc3,https://www.facebook.com/Oficial.RobertoCarlos,https://www.youtube.com/OfficialRC3Channel,https://twitter.com/Oficial_RC3,https://www.tiktok.com/@oficialrc3
roberto_dinamite.php,,,,,,,,
roberto_firmino.php,,,,,,,,
robinho.php,,,,,,,,
rodrigues_neto.php,,,,,,,,
rodrygo.php,"Osasco, San Pablo, Brasil",,,https://www.instagram.com/rodrygogoes,https://www.facebook.com/rodrygogoes,,https://twitter.com/rodrygogoes,https://www.tiktok.com/@rodrygogoes
rogerio_ceni.php,,,,,,,,
romario.php,,,,,,,,
romeu.php,,,,,,,,
ronaldao.php,,,,,,,,
ronaldinho.php,"Porto Alegre, Río Grande del Sur, Brasil","Ronaldinho, El Brujo de Porto Alegre, Ronaldinho Gaúcho",,,,,https://twitter.com/10Ronaldinho,
ronaldo.php,"Rio de Janeiro , Río de Janeiro , Brasil","Il Fenomeno, R9",,,,,https://twitter.com/ClaroRonaldo,
roque_junior.php,,,,,,,,
rubens.php,,,,,,,,
russinho.php,,,,,,,,
ruy.php,,,,,,,,
alex_sandro.php,,,,,,,,
serginho.php,,,,,,,,
silas.php,,,,,,,,
silva.php,,,,,,,,
thiago_silva.php,,,,,,,,
socrates.php,,,,,,,,
sylvio_hoffmann.php,,,,,,,,
taffarel.php,,,,,,,,
taison.php,,,,,,,,
alex_telles.php,,,,,,,,
teophilo.php,,,,,,,,
tim.php,,,,,,,,
tinoco.php,,,,,,,,
tita.php,,,,,,,,
toninho.php,,,,,,,,
toninho_cerezo.php,,,,,,,,
tostao.php,,,,,,,,
valdo.php,,,,,,,,
valdomiro.php,,,,,,,,
vampeta.php,,,,,,,,
vava.php,,,,,,,,
velloso.php,,,,,,,,
veludo.php,,,,,,,,
victor_2.php,,,,,,,,
vinicius_junior.php,"San Gonzalo, Río de Janeiro , Brasil",,,https://www.instagram.com/vinijr,https://www.facebook.com/viniiciusjunior11,,https://twitter.com/vinijr,https://www.tiktok.com/@vinijr
viola.php,,,,,,,,
waldemar_de_britto.php,,,,,,,,
waldir_peres.php,,,,,,,,
waldyr.php,,,,,,,,
walter_goulart.php,,,,,,,,
weverton.php,,,,,,,,
willian.php,,,,,,,,
wilson_piazza.php,,,,,,,,
zagallo.php,,,,,,,,
ze_carlos.php,,,,,,,,
ze_carlos_ii.php,,,,,,,,
ze_luis.php,,,,,,,,
ze_maria.php,,,,,,,,
ze_roberto.php,,,,,,,,
ze_sergio.php,,,,,,,,
zequinha.php,,,,,,,,
zetti.php,,,,,,,,
zeze_procopio.php,,,,,,,,
zico.php,,,,,,,,
zinho.php,,,,,,,,
zito.php,,,,,,,,
zizinho.php,,,,,,,,
zozimo.php,,,,,,,,
stefan_abadzhiev.php,,,,,,,,
stefan_aladzhov.php,,,,,,,,
petar_aleksandrov.php,,,,,,,,
ivaylo_andonov.php,,,,,,,,
vidin_apostolov.php,,,,,,,,
nikolai_arabov.php,,,,,,,,
georgi_asparukhov.php,,,,,,,,
georgi_bachev.php,,,,,,,,
krassimir_balakov.php,,,,,,,,
hristo_bonev.php,,,,,,,,
daniel_borimirov.php,,,,,,,,
krasimir_borisov.php,,,,,,,,
ivan_davidov.php,,,,,,,,
georgi_denev.php,,,,,,,,
dinko_dermendzhiev.php,,,,,,,,
ivan_deyanov.php,,,,,,,,
todor_diev.php,,,,,,,,
georgi_dimitrov.php,,,,,,,,
ivan_dimitrov.php,,,,,,,,
pantelei_dimitrov.php,,,,,,,,
dimitar_dimov.php,,,,,,,,
vasil_dragolov.php,,,,,,,,
ilia_dyakov.php,,,,,,,,
boris_gaganelov.php,,,,,,,,
milko_gaidarski.php,,,,,,,,
boncho_genchev.php,,,,,,,,
georgi_georgiev.php,,,,,,,,
plamen_getov.php,,,,,,,,
gosho_ginchev.php,,,,,,,,
rumen_goranov.php,,,,,,,,
zhivko_gospodinov.php,,,,,,,,
