id,mundial,jugador
1,2018,thibaut_courtois.php
2,2018,diego_godin.php
3,2018,marcelo.php
4,2018,thiago_silva.php
5,2018,raphael_varane.php
6,2018,kevin_de_bruyne.php
7,2018,luka_modric.php
8,2018,philippe_coutinho.php
9,2018,harry_kane.php
10,2018,kylian_mbappe.php
11,2018,cristiano_ronaldo.php
12,2014,manuel_neuer.php
13,2014,david_luiz.php
14,2014,mats_hummels.php
15,2014,marcelo.php
16,2014,thiago_silva.php
17,2014,angel_di_maria.php
18,2014,toni_kroos.php
19,2014,james_rodriguez.php
20,2014,lionel_messi.php
21,2014,thomas_mueller.php
22,2014,neymar.php
23,2010,iker_casillas.php
24,2010,philipp_lahm.php
25,2010,maicon.php
26,2010,carles_puyol.php
27,2010,sergio_ramos.php
28,2010,andres_iniesta.php
29,2010,bastian_schweinsteiger.php
30,2010,wesley_sneijder.php
31,2010,xavi.php
32,2010,diego_forlan.php
33,2010,david_villa.php
34,2006,gianluigi_buffon.php
35,2006,jens_lehmann.php
36,2006,ricardo_2.php
37,2006,roberto_ayala.php
38,2006,fabio_cannavaro.php
39,2006,philipp_lahm.php
40,2006,ricardo_carvalho.php
41,2006,john_terry.php
42,2006,lilian_thuram.php
43,2006,gianluca_zambrotta.php
44,2006,michael_ballack.php
45,2006,gennaro_gattuso.php
46,2006,maniche.php
47,2006,andrea_pirlo.php
48,2006,francesco_totti.php
49,2006,patrick_vieira.php
50,2006,ze_roberto.php
51,2006,zinedine_zidane.php
52,2006,hernan_crespo.php
53,2006,luis_figo.php
54,2006,thierry_henry.php
55,2006,miroslav_klose.php
56,2006,luca_toni.php
57,2002,oliver_kahn.php
58,2002,rustu_recber.php
59,2002,sol_campbell.php
60,2002,fernando_hierro.php
61,2002,myung_bo_hong.php
62,2002,alpay_ozalan.php
63,2002,roberto_carlos.php
64,2002,michael_ballack.php
65,2002,claudio_reyna.php
66,2002,rivaldo.php
67,2002,ronaldinho.php
68,2002,sang_chul_yoo.php
69,2002,el_hadji_diouf.php
70,2002,miroslav_klose.php
71,2002,ronaldo.php
72,2002,hasan_sas.php
73,1998,fabien_barthez.php
74,1998,jose_luis_chilavert.php
75,1998,frank_de_boer.php
76,1998,marcel_desailly.php
77,1998,carlos_gamarra.php
78,1998,roberto_carlos.php
79,1998,lilian_thuram.php
80,1998,edgar_davids.php
81,1998,dunga.php
82,1998,michael_laudrup.php
83,1998,rivaldo.php
84,1998,zinedine_zidane.php
85,1998,dennis_bergkamp.php
86,1998,brian_laudrup.php
87,1998,ronaldo.php
88,1998,davor_suker.php
89,1994,michel_preudhomme.php
90,1994,jorginho.php
91,1994,paolo_maldini.php
92,1994,marcio_santos.php
93,1994,krassimir_balakov.php
94,1994,tomas_brolin.php
95,1994,dunga.php
96,1994,gheorghe_hagi.php
97,1994,roberto_baggio.php
98,1994,romario.php
99,1994,hristo_stoichkov.php
100,1990,gabelo_conejo.php
101,1990,sergio_goycochea.php
102,1990,franco_baresi.php
103,1990,andreas_brehme.php
104,1990,paolo_maldini.php
105,1990,paul_gascoigne.php
106,1990,diego_maradona.php
107,1990,lothar_matthaeus.php
108,1990,dragan_stojkovic.php
109,1990,juergen_klinsmann.php
110,1990,roger_milla.php
111,1990,salvatore_schillaci.php
112,1986,jean_marie_pfaff.php
113,1986,manuel_amoros.php
114,1986,josimar.php
115,1986,julio_cesar.php
116,1986,jan_ceulemans.php
117,1986,diego_maradona.php
118,1986,michel_platini.php
119,1986,jean_tigana.php
120,1986,emilio_butragueno.php
121,1986,preben_elkjaer_larsen.php
122,1986,gary_lineker.php
123,1982,dino_zoff.php
124,1982,fulvio_collovati.php
125,1982,claudio_gentile.php
126,1982,junior.php
127,1982,luizinho.php
128,1982,zbigniew_boniek.php
129,1982,falcao.php
130,1982,michel_platini.php
131,1982,zico.php
132,1982,paolo_rossi.php
133,1982,karl_heinz_rummenigge.php
134,1978,ubaldo_fillol.php
135,1978,ruud_krol.php
136,1978,daniel_passarella.php
137,1978,alberto_tarantini.php
138,1978,berti_vogts.php
139,1978,dirceu.php
140,1978,rob_rensenbrink.php
141,1978,roberto_bettega.php
142,1978,teofilo_cubillas.php
143,1978,mario_kempes.php
144,1978,paolo_rossi.php
145,1974,sepp_maier.php
146,1974,franz_beckenbauer.php
147,1974,paul_breitner.php
148,1974,ruud_krol.php
149,1974,berti_vogts.php
150,1974,kazimierz_deyna.php
151,1974,johan_neeskens.php
152,1974,wolfgang_overath.php
153,1974,johan_cruyff.php
154,1974,grzegorz_lato.php
155,1974,rob_rensenbrink.php
156,1970,ladislao_mazurkiewicz.php
157,1970,atilio_ancheta.php
158,1970,franz_beckenbauer.php
159,1970,carlos_alberto.php
160,1970,giacinto_facchetti.php
161,1970,bobby_charlton.php
162,1970,gerson.php
163,1970,rivelino.php
164,1970,jairzinho.php
165,1970,gerd_mueller.php
166,1970,pele.php
167,1966,gordon_banks.php
168,1966,george_cohen.php
169,1966,silvio_marzolini.php
170,1966,bobby_moore.php
171,1966,vicente.php
172,1966,franz_beckenbauer.php
173,1966,bobby_charlton.php
174,1966,coluna.php
175,1966,florian_albert.php
176,1966,eusebio.php
177,1966,uwe_seeler.php
178,1962,viliam_schrojf.php
179,1962,djalma_santos.php
180,1962,cesare_maldini.php
181,1962,karl_heinz_schnellinger.php
182,1962,valeri_voronin.php
183,1962,josef_masopust.php
184,1962,zagallo.php
185,1962,zito.php
186,1962,garrincha.php
187,1962,leonel_sanchez.php
188,1962,vava.php
189,1958,harry_gregg.php
190,1958,bellini.php
191,1958,djalma_santos.php
192,1958,nilton_santos.php
193,1958,danny_blanchflower.php
194,1958,didi.php
195,1958,gunnar_gren.php
196,1958,raymond_kopa.php
197,1958,just_fontaine.php
198,1958,garrincha.php
199,1958,pele.php
200,1954,gyula_grosics.php
201,1954,djalma_santos.php
202,1954,ernst_ocwirk.php
203,1954,jose_santamaria.php
204,1954,jozsef_bozsik.php
205,1954,zoltan_czibor.php
206,1954,nandor_hidegkuti.php
207,1954,fritz_walter.php
208,1954,sandor_kocsis.php
209,1954,ferenc_puskas.php
210,1954,helmut_rahn.php
211,1950,roque_maspoli.php
212,1950,erik_nilsson.php
213,1950,jose_parra.php
214,1950,victor_rodriguez_andrade.php
215,1950,bauer.php
216,1950,alcides_ghiggia.php
217,1950,jair.php
218,1950,obdulio_varela.php
219,1950,ademir.php
220,1950,juan_schiaffino.php
221,1950,zizinho.php
222,1938,frantisek_planicka.php
223,1938,domingos_da_guia.php
224,1938,alfredo_foni.php
225,1938,pietro_rava.php
226,1938,michele_andreolo.php
227,1938,ugo_locatelli.php
228,1938,gino_colaussi.php
229,1938,leonidas.php
230,1938,silvio_piola.php
231,1938,gyorgy_sarosi.php
232,1938,gyula_zsengeller.php
233,1934,ricardo_zamora.php
234,1934,eraldo_monzeglio.php
235,1934,quincoces_i.php
236,1934,cilaurren.php
237,1934,attilio_ferraris.php
238,1934,luis_monti.php
239,1934,enrique_guaita.php
240,1934,giuseppe_meazza.php
241,1934,oldrich_nejedly.php
242,1934,raimundo_orsi.php
243,1934,matthias_sindelar.php
244,1930,enrique_ballestrero.php
245,1930,milutin_ivkovic.php
246,1930,jose_nasazzi.php
247,1930,jose_andrade.php
248,1930,alvaro_gestido.php
249,1930,luis_monti.php
250,1930,hector_castro.php
251,1930,pedro_cea.php
252,1930,bert_patenaude.php
253,1930,hector_scarone.php
254,1930,guillermo_stabile.php
