id_mundial;id_jugador
2;1080
2;8314
2;1536
2;1638
2;3989
2;1087
2;2724
2;1594
2;4549
2;3918
2;6721
3;196
3;1414
3;116
3;1536
3;1638
3;602
3;155
3;2279
3;682
3;192
3;1564
4;3354
4;162
4;1532
4;3496
4;3503
4;3411
4;246
4;6108
4;3565
4;8303
4;3561
5;5002
5;163
5;6718
5;533
5;5011
5;162
5;6719
5;4648
5;3977
5;5237
5;13
5;5084
5;6676
5;5176
5;5222
5;3994
5;1672
5;4001
5;589
5;6648
5;3863
5;142
5;5220
6;127
6;8198
6;4472
6;3408
6;2392
6;8194
6;1618
6;13
6;3707
6;1614
6;1628
6;2516
6;7255
6;142
6;1629
6;8201
7;3758
7;6246
7;6007
7;3820
7;6264
7;1618
7;3977
7;6006
7;1430
7;2844
7;1614
7;4001
7;5989
7;2843
7;1629
7;7506
8;1183
8;1497
8;5117
8;1537
8;1690
8;7633
8;1430
8;6977
8;4976
8;1625
8;1774
9;2597
9;639
9;4979
9;32
9;5117
9;4518
9;671
9;178
9;7502
9;140
9;1877
9;5201
10;1178
10;3748
10;1498
10;1504
10;1070
10;671
10;3938
10;3979
10;3342
10;2809
10;4562
11;5240
11;5035
11;5086
11;1508
11;1530
11;6447
11;1448
11;3938
11;1677
11;5195
11;231
12;619
12;6061
12;714
12;784
12;273
12;1423
12;6094
12;4992
12;6361
12;654
12;5195
13;174
13;17
13;33
13;6061
13;273
13;6460
13;6079
13;205
13;6005
13;6522
13;6094
14;8353
14;8239
14;17
14;1394
14;5066
14;4476
14;1466
14;1615
14;1489
14;189
14;1591
15;4444
15;4485
15;676
15;4584
15;6739
15;17
15;4476
15;6624
15;4264
15;6641
15;247
16;6903
16;1424
16;5116
16;240
16;7217
16;6861
16;1667
16;1679
16;1463
16;2137
16;1654
17;4877
17;1376
17;1424
17;1568
17;4859
17;1421
17;7661
17;3880
17;3841
17;1463
17;1591
18;4305
18;1424
18;985
18;8421
18;4277
18;4287
18;4312
18;277
18;4326
18;4362
18;217
19;8351
19;7735
19;3484
19;8413
19;1373
19;8312
19;1486
19;8456
19;1342
19;8427
19;1680
20;6884
20;1426
20;5077
20;5186
20;4968
20;5108
20;5034
20;1519
20;5175
20;4371
20;4410
21;3568
21;5139
21;3497
21;3360
21;5072
21;5137
21;5096
21;5132
21;6870
21;5156
21;1017
22;8244
22;7359
22;8371
22;8240
22;8311
22;5137
22;8269
22;8273
22;3697
22;8426
22;779
