id;mundial;pais;grupo;referencia;camiseta;posicion
10918;1938;Alemania;;fritz buchloh;;Arquero
10919;1938;Alemania;;rudolf raftl;;Arquero
10920;1938;Alemania;;hans jakob;;Arquero
10921;1938;Alemania;;jakob streitle;;Defensor
10922;1938;Alemania;;willibald schmaus;;Defensor
10923;1938;Alemania;;reinhold muenzenberg;;Defensor
10924;1938;Alemania;;paul janes;;Defensor
10925;1938;Alemania;;stefan skoumal;;Mediocampista
10926;1938;Alemania;;hans mock;;Mediocampista
10927;1938;Alemania;;andreas kupfer;;Mediocampista
10928;1938;Alemania;;franz wagner;;Mediocampista
10929;1938;Alemania;;albin kitzinger;;Mediocampista
10930;1938;Alemania;;ludwig goldbrunner;;Mediocampista
10931;1938;Alemania;;fritz szepan;;Delantero
10932;1938;Alemania;;josef stroh;;Delantero
10933;1938;Alemania;;josef gauchel;;Delantero
10934;1938;Alemania;;otto siffling;;Delantero
10935;1938;Alemania;;rudolf gellesch;;Delantero
10936;1938;Alemania;;hans pesser;;Delantero
10937;1938;Alemania;;leopold neumer;;Delantero
10938;1938;Alemania;;wilhelm hahnemann;;Delantero
10939;1938;Alemania;;ernest lehner;;Delantero
10940;1938;Bélgica;;arnold badjou;;Arquero
10941;1938;Bélgica;;robert braet;;Arquero
10942;1938;Bélgica;;andre vandeweyer;;Arquero
10943;1938;Bélgica;;robert paverick;;Defensor
10944;1938;Bélgica;;jean petit 2;;Defensor
10945;1938;Bélgica;;corneel seys;;Defensor
10946;1938;Bélgica;;philibert smellinckx;;Defensor
10947;1938;Bélgica;;frans gommers;;Defensor
10948;1938;Bélgica;;emile stynen;;Mediocampista
10949;1938;Bélgica;;john van alphen;;Mediocampista
10950;1938;Bélgica;;paul henry;;Mediocampista
10951;1938;Bélgica;;alphonse de winter;;Mediocampista
10952;1938;Bélgica;;pierre dalem;;Mediocampista
10953;1938;Bélgica;;jean fievez;;Delantero
10954;1938;Bélgica;;charles vandewouwer;;Delantero
10955;1938;Bélgica;;raymond braine;;Delantero
10956;1938;Bélgica;;fernand buyle;;Delantero
10957;1938;Bélgica;;jean capelle;;Delantero
10958;1938;Bélgica;;artur ceuleers;;Delantero
10959;1938;Bélgica;;joseph nelis;;Delantero
10960;1938;Bélgica;;henri isemborghs;;Delantero
10961;1938;Bélgica;;bernard voorhoof;;Delantero
10962;1938;Brasil;;walter goulart;;Arquero
10963;1938;Brasil;;batatais;;Arquero
10964;1938;Brasil;;nariz;;Defensor
10965;1938;Brasil;;machado;;Defensor
10966;1938;Brasil;;domingos da guia;;Defensor
10967;1938;Brasil;;jau;;Defensor
10968;1938;Brasil;;afonsinho;;Mediocampista
10969;1938;Brasil;;martim;;Mediocampista
10970;1938;Brasil;;zeze procopio;;Mediocampista
10971;1938;Brasil;;argemiro;;Mediocampista
10972;1938;Brasil;;britto;;Mediocampista
10973;1938;Brasil;;brandao;;Mediocampista
10974;1938;Brasil;;leonidas;;Delantero
10975;1938;Brasil;;tim;;Delantero
10976;1938;Brasil;;romeu;;Delantero
10977;1938;Brasil;;roberto 3;;Delantero
10978;1938;Brasil;;peracio;;Delantero
10979;1938;Brasil;;patesko;;Delantero
10980;1938;Brasil;;niginho;;Delantero
10981;1938;Brasil;;hercules;;Delantero
10982;1938;Brasil;;lopes;;Delantero
10983;1938;Brasil;;luisinho;;Delantero
10984;1938;Checoslovaquia;;karel burkert;;Arquero
10985;1938;Checoslovaquia;;frantisek planicka;;Arquero
10986;1938;Checoslovaquia;;josef orth;;Defensor
10987;1938;Checoslovaquia;;jaroslav burgr;;Defensor
10988;1938;Checoslovaquia;;ferdinand daucik;;Defensor
10989;1938;Checoslovaquia;;otakar nozir;;Mediocampista
10990;1938;Checoslovaquia;;josef kostalek;;Mediocampista
10991;1938;Checoslovaquia;;vlastimil kopecky;;Mediocampista
10992;1938;Checoslovaquia;;karel kolsky;;Mediocampista
10993;1938;Checoslovaquia;;pavel cerny;;Mediocampista
10994;1938;Checoslovaquia;;jaroslav boucek;;Mediocampista
10995;1938;Checoslovaquia;;oldrich rulc;;Delantero
10996;1938;Checoslovaquia;;karel senecky;;Delantero
10997;1938;Checoslovaquia;;jan riha;;Delantero
10998;1938;Checoslovaquia;;antonin puc;;Delantero
10999;1938;Checoslovaquia;;ladislav simunek;;Delantero
11000;1938;Checoslovaquia;;oldrich nejedly;;Delantero
11001;1938;Checoslovaquia;;josef ludl;;Delantero
11002;1938;Checoslovaquia;;arnost kreuz;;Delantero
11003;1938;Checoslovaquia;;vaclav horak;;Delantero
11004;1938;Checoslovaquia;;vojtech bradac;;Delantero
11005;1938;Checoslovaquia;;josef zeman;;Delantero
11006;1938;Cuba;;benito carvajales;;Arquero
11007;1938;Cuba;;juan ayra;;Arquero
11008;1938;Cuba;;jacinto barquin;;Defensor
11009;1938;Cuba;;manuel chorens;;Defensor
11010;1938;Cuba;;jose rodriguez;;Mediocampista
11011;1938;Cuba;;tomas fernandez;;Mediocampista
11012;1938;Cuba;;pedro berges;;Mediocampista
11013;1938;Cuba;;joaquin arias;;Mediocampista
11014;1938;Cuba;;mario sosa;;Delantero
11015;1938;Cuba;;hector socorro;;Delantero
11016;1938;Cuba;;carlos oliveira;;Delantero
11017;1938;Cuba;;jose magrina;;Delantero
11018;1938;Cuba;;pedro ferrer;;Delantero
11019;1938;Cuba;;juan alonso;;Delantero
11020;1938;Cuba;;juan tunas;;Delantero
11021;1938;Francia;;rene llense;;Arquero
11022;1938;Francia;;laurent di lorto;;Arquero
11023;1938;Francia;;julien darui;;Arquero
11024;1938;Francia;;francois bourbotte;;Defensor
11025;1938;Francia;;etienne mattler;;Defensor
11026;1938;Francia;;raoul diagne;;Defensor
11027;1938;Francia;;abdel kader ben bouali;;Defensor
11028;1938;Francia;;czeslaw povolny;;Defensor
11029;1938;Francia;;jules vandooren;;Defensor
11030;1938;Francia;;hector cazenave;;Defensor
11031;1938;Francia;;edmond delfour;;Mediocampista
11032;1938;Francia;;oscar heisserer;;Mediocampista
11033;1938;Francia;;lucien jasseron;;Mediocampista
11034;1938;Francia;;gustave jordan;;Mediocampista
11035;1938;Francia;;emile veinante;;Mediocampista
11036;1938;Francia;;jean bastien;;Mediocampista
11037;1938;Francia;;jean nicolas;;Delantero
11038;1938;Francia;;ignace kowalczyk;;Delantero
11039;1938;Francia;;alfred aston;;Delantero
11040;1938;Francia;;roger courtois;;Delantero
11041;1938;Francia;;michel brusseaux;;Delantero
11042;1938;Francia;;mario zatelli;;Delantero
11043;1938;Hungría;;jozsef palinkas;;Arquero
11044;1938;Hungría;;jozsef hada;;Arquero
11045;1938;Hungría;;antal szabo;;Arquero
11046;1938;Hungría;;sandor biro;;Defensor
11047;1938;Hungría;;lajos koranyi;;Defensor
11048;1938;Hungría;;gyula polgar;;Defensor
11049;1938;Hungría;;gyorgy szucs;;Mediocampista
11050;1938;Hungría;;antal szalay;;Mediocampista
11051;1938;Hungría;;jozsef turay;;Mediocampista
11052;1938;Hungría;;bela sarosi;;Mediocampista
11053;1938;Hungría;;istvan balogh;;Mediocampista
11054;1938;Hungría;;gyula lazar;;Mediocampista
11055;1938;Hungría;;janos dudas;;Mediocampista
11056;1938;Hungría;;jeno vincze;;Delantero
11057;1938;Hungría;;mihaly biro;;Delantero
11058;1938;Hungría;;geza toldi;;Delantero
11059;1938;Hungría;;pal titkos;;Delantero
11060;1938;Hungría;;gyula zsengeller;;Delantero
11061;1938;Hungría;;laszlo cseh;;Delantero
11062;1938;Hungría;;ferenc sas;;Delantero
11063;1938;Hungría;;gyorgy sarosi;;Delantero
11064;1938;Hungría;;vilmos kohut;;Delantero
11065;1938;Indias Orientales;;mo heng tan;;Arquero
11066;1938;Indias Orientales;;j harting;;Arquero
11067;1938;Indias Orientales;;jack samuels;;Defensor
11068;1938;Indias Orientales;;tjaak pattiwael;;Defensor
11069;1938;Indias Orientales;;frans hukon;;Defensor
11070;1938;Indias Orientales;;dorst;;Defensor
11071;1938;Indias Orientales;;g van den burgh;;Defensor
11072;1938;Indias Orientales;;frans meeng;;Mediocampista
11073;1938;Indias Orientales;;achmad nawir;;Mediocampista
11074;1938;Indias Orientales;;g faulhaber;;Mediocampista
11075;1938;Indias Orientales;;anwar sutan;;Mediocampista
11076;1938;Indias Orientales;;r telwe;;Delantero
11077;1938;Indias Orientales;;teilherber;;Delantero
11078;1938;Indias Orientales;;see han tan;;Delantero
11079;1938;Indias Orientales;;hong djien tan;;Delantero
11080;1938;Indias Orientales;;hans taihuttu;;Delantero
11081;1938;Indias Orientales;;henk sommers;;Delantero
11082;1938;Indias Orientales;;suvarte soedarmadji;;Delantero
11083;1938;Italia;;aldo olivieri;;Arquero
11084;1938;Italia;;guido masetti;;Arquero
11085;1938;Italia;;carlo ceresoli;;Arquero
11086;1938;Italia;;eraldo monzeglio;;Defensor
11087;1938;Italia;;alfredo foni;;Defensor
11088;1938;Italia;;pietro rava;;Defensor
11089;1938;Italia;;renato olmi;;Mediocampista
11090;1938;Italia;;mario perazzolo;;Mediocampista
11091;1938;Italia;;ugo locatelli;;Mediocampista
11092;1938;Italia;;mario genta;;Mediocampista
11093;1938;Italia;;michele andreolo;;Mediocampista
11094;1938;Italia;;pietro serantoni;;Mediocampista
11095;1938;Italia;;giovanni ferrari;;Mediocampista
11096;1938;Italia;;aldo donati;;Mediocampista
11097;1938;Italia;;sergio bertoni;;Delantero
11098;1938;Italia;;silvio piola;;Delantero
11099;1938;Italia;;amedeo biavati;;Delantero
11100;1938;Italia;;piero pasinati;;Delantero
11101;1938;Italia;;bruno chizzo;;Delantero
11102;1938;Italia;;gino colaussi;;Delantero
11103;1938;Italia;;giuseppe meazza;;Delantero
11104;1938;Italia;;pietro ferraris;;Delantero
11105;1938;Noruega;;sverre nordby;;Arquero
11106;1938;Noruega;;anker kihle;;Arquero
11107;1938;Noruega;;henry johansen;;Arquero
11108;1938;Noruega;;jorgen juve;;Defensor
11109;1938;Noruega;;rolf johannesen;;Defensor
11110;1938;Noruega;;oivind holmsen;;Defensor
11111;1938;Noruega;;roald amundsen;;Defensor
11112;1938;Noruega;;oddmund andersen;;Defensor
11113;1938;Noruega;;nils eriksen;;Mediocampista
11114;1938;Noruega;;gunnar andreassen;;Mediocampista
11115;1938;Noruega;;rolf holmberg;;Mediocampista
11116;1938;Noruega;;kristian henriksen;;Mediocampista
11117;1938;Noruega;;sverre hansen;;Mediocampista
11118;1938;Noruega;;magnar isaksen;;Delantero
11119;1938;Noruega;;alf martinsen;;Delantero
11120;1938;Noruega;;reidar kvammen;;Delantero
11121;1938;Noruega;;odd frantzen;;Delantero
11122;1938;Noruega;;hjalmar andresen;;Delantero
11123;1938;Noruega;;arne brustad;;Delantero
11124;1938;Noruega;;arne ileby;;Delantero
11125;1938;Noruega;;knut brynildsen;;Delantero
11126;1938;Países Bajos;;niek michel;;Arquero
11127;1938;Países Bajos;;adriaan van male;;Arquero
11128;1938;Países Bajos;;dick been;;Defensor
11129;1938;Países Bajos;;bertus caldenhove;;Defensor
11130;1938;Países Bajos;;mauk weber;;Defensor
11131;1938;Países Bajos;;hendrikus plenter;;Defensor
11132;1938;Países Bajos;;bas paauwe;;Mediocampista
11133;1938;Países Bajos;;rene pijpers;;Mediocampista
11134;1938;Países Bajos;;puck van heel;;Mediocampista
11135;1938;Países Bajos;;willem anderiesen;;Mediocampista
11136;1938;Países Bajos;;frans hogenbirk;;Mediocampista
11137;1938;Países Bajos;;karel ooms;;Delantero
11138;1938;Países Bajos;;leen vente;;Delantero
11139;1938;Países Bajos;;henk van spaandonck;;Delantero
11140;1938;Países Bajos;;piet de boer;;Delantero
11141;1938;Países Bajos;;bertus de harder;;Delantero
11142;1938;Países Bajos;;frans van der veen;;Delantero
11143;1938;Países Bajos;;kick smit;;Delantero
11144;1938;Países Bajos;;piet punt;;Delantero
11145;1938;Países Bajos;;arie de winter;;Delantero
11146;1938;Países Bajos;;daaf drok;;Delantero
11147;1938;Países Bajos;;frank wels;;Delantero
11148;1938;Polonia;;walter brom;;Arquero
11149;1938;Polonia;;edward madejski;;Arquero
11150;1938;Polonia;;edmund tworz;;Defensor
11151;1938;Polonia;;antoni galecki;;Defensor
11152;1938;Polonia;;edmund giemsa;;Defensor
11153;1938;Polonia;;wladyslaw szszepaniak;;Defensor
11154;1938;Polonia;;erwin nyc;;Mediocampista
11155;1938;Polonia;;kazimierz lis;;Mediocampista
11156;1938;Polonia;;wilhelm piec;;Mediocampista
11157;1938;Polonia;;wilhelm gora;;Mediocampista
11158;1938;Polonia;;ewald dytko;;Mediocampista
11159;1938;Polonia;;jan wasiewicz;;Mediocampista
11160;1938;Polonia;;fryedryk szerfke;;Delantero
11161;1938;Polonia;;ernest wilimowski;;Delantero
11162;1938;Polonia;;leonard piontek;;Delantero
11163;1938;Polonia;;stanislaw baran;;Delantero
11164;1938;Polonia;;ryszard piec;;Delantero
11165;1938;Polonia;;antoni lyko;;Delantero
11166;1938;Polonia;;jozef korbas;;Delantero
11167;1938;Polonia;;boleslaw habowski;;Delantero
11168;1938;Polonia;;ewald cebula;;Delantero
11169;1938;Polonia;;gerard wodarz;;Delantero
11170;1938;Rumania;;robert sadowsky;;Arquero
11171;1938;Rumania;;mircea david;;Arquero
11172;1938;Rumania;;dumitru pavlovici;;Arquero
11173;1938;Rumania;;lazar sfera;;Defensor
11174;1938;Rumania;;iacob felecan;;Defensor
11175;1938;Rumania;;vasile chiroiu;;Defensor
11176;1938;Rumania;;rudolf buerger;;Defensor
11177;1938;Rumania;;ladislau raffinski;;Mediocampista
11178;1938;Rumania;;vintila cossini;;Mediocampista
11179;1938;Rumania;;gheorghe rasinaru;;Mediocampista
11180;1938;Rumania;;andrei barbulescu;;Mediocampista
11181;1938;Rumania;;iuliu prassler;;Delantero
11182;1938;Rumania;;joszef nagy;;Delantero
11183;1938;Rumania;;ioachim moldoveanu;;Delantero
11184;1938;Rumania;;nicolae kovacs;;Delantero
11185;1938;Rumania;;stefan dobay;;Delantero
11186;1938;Rumania;;coloman braun bogdan;;Delantero
11187;1938;Rumania;;ionica bogdan;;Delantero
11188;1938;Rumania;;iuliu bodola;;Delantero
11189;1938;Rumania;;silviu bindea;;Delantero
11190;1938;Rumania;;iuliu baratky;;Delantero
11191;1938;Suecia;;henock abrahamsson;;Arquero
11192;1938;Suecia;;gustav sjoberg;;Arquero
11193;1938;Suecia;;olle kallgren;;Defensor
11194;1938;Suecia;;erik nilsson;;Defensor
11195;1938;Suecia;;harry nilsson;;Defensor
11196;1938;Suecia;;ivar eriksson;;Defensor
11197;1938;Suecia;;karl erik grahn;;Mediocampista
11198;1938;Suecia;;kurt svanstrom;;Mediocampista
11199;1938;Suecia;;sven jacobsson;;Mediocampista
11200;1938;Suecia;;erik almgren;;Mediocampista
11201;1938;Suecia;;arne linderholm;;Mediocampista
11202;1938;Suecia;;arne nyberg;;Delantero
11203;1938;Suecia;;erik persson;;Delantero
11204;1938;Suecia;;sven unger;;Delantero
11205;1938;Suecia;;tore keller;;Delantero
11206;1938;Suecia;;sven jonasson;;Delantero
11207;1938;Suecia;;knut hansson;;Delantero
11208;1938;Suecia;;lennart bunke;;Delantero
11209;1938;Suecia;;curt bergsten;;Delantero
11210;1938;Suecia;;harry andersson;;Delantero
11211;1938;Suecia;;ake andersson;;Delantero
11212;1938;Suecia;;gustav wetterstrom;;Delantero
11213;1938;Suiza;;willy huber;;Arquero
11214;1938;Suiza;;renato bizzozero;;Arquero
11215;1938;Suiza;;erwin ballabio;;Arquero
11216;1938;Suiza;;adolf stelzer;;Defensor
11217;1938;Suiza;;severino minelli;;Defensor
11218;1938;Suiza;;august lehmann;;Defensor
11219;1938;Suiza;;hermann springer;;Mediocampista
11220;1938;Suiza;;sirio vernati;;Mediocampista
11221;1938;Suiza;;albert guinchard;;Mediocampista
11222;1938;Suiza;;ernst loertscher;;Mediocampista
11223;1938;Suiza;;oskar rauch;;Mediocampista
11224;1938;Suiza;;fritz wagner;;Delantero
11225;1938;Suiza;;eugen rupf;;Delantero
11226;1938;Suiza;;leopold kielholz;;Delantero
11227;1938;Suiza;;paul aebi;;Delantero
11228;1938;Suiza;;georges aeby;;Delantero
11229;1938;Suiza;;lauro amado;;Delantero
11230;1938;Suiza;;fredy bickel;;Delantero
11231;1938;Suiza;;alessandro frigerio;;Delantero
11232;1938;Suiza;;tullio grassi;;Delantero
11233;1938;Suiza;;andre abegglen;;Delantero
11234;1938;Suiza;;eugen walachek;;Delantero
11235;1934;Suiza;;frank sechehaye;;Arquero
11236;1934;Suiza;;louis gobet;;Defensor
11237;1934;Suiza;;arnaldo ortelli;;Defensor
11238;1934;Suiza;;max weiler;;Defensor
11239;1934;Suiza;;walter weiler;;Defensor
11240;1934;Suiza;;edmond loichot;;Mediocampista
11241;1934;Suiza;;fernand jaccard;;Mediocampista
11242;1934;Suiza;;ernst hufschmid;;Mediocampista
11243;1934;Suiza;;ernst frick;;Mediocampista
11244;1934;Suiza;;erwin hochstrasser;;Delantero
11245;1934;Suiza;;giuseppe bossi;;Delantero
11246;1934;Suiza;;willy von kaenel;;Delantero
11247;1934;Suiza;;albert buche;;Delantero
11248;1934;Suiza;;raymond pasello;;Delantero
11249;1934;Suiza;;otto buehler;;Delantero
11250;1934;Suiza;;willy jaeggi;;Delantero
11251;1934;Suiza;;alfred jaeck;;Delantero
11252;1934;Suecia;;eivar widlund;;Arquero
11253;1934;Suecia;;anders rydberg;;Arquero
11254;1934;Suecia;;otto andersson;;Defensor
11255;1934;Suecia;;sven andersson;;Defensor
11256;1934;Suecia;;nils axelsson;;Defensor
11257;1934;Suecia;;erik granath;;Defensor
11258;1934;Suecia;;nils rosen;;Mediocampista
11259;1934;Suecia;;karl johnsson;;Mediocampista
11260;1934;Suecia;;ernst andersson;;Mediocampista
11261;1934;Suecia;;rune carlsson;;Mediocampista
11262;1934;Suecia;;ragnar gustavsson;;Delantero
11263;1934;Suecia;;arvid thoern;;Delantero
11264;1934;Suecia;;gunnar olsson;;Delantero
11265;1934;Suecia;;knut kroon;;Delantero
11266;1934;Suecia;;gosta dunker;;Delantero
11267;1934;Suecia;;gunnar jansson;;Delantero
11268;1934;Rumania;;william zombory;;Arquero
11269;1934;Rumania;;adalbert pullock;;Arquero
11270;1934;Rumania;;gheorghe albu;;Defensor
11271;1934;Rumania;;rudolf kotormany;;Mediocampista
11272;1934;Rumania;;emerich vogl;;Mediocampista
11273;1934;Rumania;;josif moravetz;;Mediocampista
11274;1934;Rumania;;vasile deheleanu;;Mediocampista
11275;1934;Rumania;;alexandru cuedan;;Mediocampista
11276;1934;Rumania;;gheorghe ciolac;;Delantero
11277;1934;Rumania;;gratian sepi;;Delantero
11278;1934;Países Bajos;;gejus van der meulen;;Arquero
11279;1934;Países Bajos;;leo halle;;Arquero
11280;1934;Países Bajos;;jan van diepenbeek;;Defensor
11281;1934;Países Bajos;;sjef van run;;Defensor
11282;1934;Países Bajos;;henk pellikaan;;Mediocampista
11283;1934;Países Bajos;;toon oprinsen;;Mediocampista
11284;1934;Países Bajos;;joop van nellen;;Delantero
11285;1934;Países Bajos;;manus vrauwdeunt;;Delantero
11286;1934;Países Bajos;;arie schoemaker;;Delantero
11287;1934;Países Bajos;;jaap mol;;Delantero
11288;1934;Países Bajos;;kees mijnders;;Delantero
11289;1934;Países Bajos;;wim langendaal;;Delantero
11290;1934;Países Bajos;;alex graafland;;Delantero
11291;1934;Países Bajos;;beb bakhuys;;Delantero
11292;1934;Italia;;giampiero combi;;Arquero
11293;1934;Italia;;giuseppe cavanna;;Arquero
11294;1934;Italia;;luigi allemandi;;Defensor
11295;1934;Italia;;virginio rosetta;;Defensor
11296;1934;Italia;;umberto caligaris;;Defensor
11297;1934;Italia;;luis monti;;Mediocampista
11298;1934;Italia;;mario pizziolo;;Mediocampista
11299;1934;Italia;;attilio ferraris;;Mediocampista
11300;1934;Italia;;luigi bertolini;;Mediocampista
11301;1934;Italia;;mario varglien;;Mediocampista
11302;1934;Italia;;armando castellazzi;;Mediocampista
11303;1934;Italia;;atilio demaria;;Delantero
11304;1934;Italia;;anfilogino guarisi;;Delantero
11305;1934;Italia;;raimundo orsi;;Delantero
11306;1934;Italia;;enrique guaita;;Delantero
11307;1934;Italia;;pietro arcari;;Delantero
11308;1934;Italia;;angelo schiavio;;Delantero
11309;1934;Italia;;felice borel;;Delantero
11310;1934;Hungría;;jozsef vago;;Defensor
11311;1934;Hungría;;laszlo sternberg;;Defensor
11312;1934;Hungría;;gyula futo;;Defensor
11313;1934;Hungría;;istvan palotas;;Mediocampista
11314;1934;Hungría;;rezso somlai;;Mediocampista
11315;1934;Hungría;;istvan tamassy;;Delantero
11316;1934;Hungría;;pal teleki;;Delantero
11317;1934;Hungría;;istvan avar;;Delantero
11318;1934;Hungría;;gabor szabo;;Delantero
11319;1934;Hungría;;imre markos;;Delantero
11320;1934;Hungría;;tibor kemeny;;Delantero
11321;1934;Francia;;robert defosse;;Arquero
11322;1934;Francia;;alex thepot;;Arquero
11323;1934;Francia;;jacques mairesse;;Defensor
11324;1934;Francia;;georges beaucourt;;Defensor
11325;1934;Francia;;joseph gonzalez;;Defensor
11326;1934;Francia;;noel lietaer;;Mediocampista
11327;1934;Francia;;roger rio;;Mediocampista
11328;1934;Francia;;louis gabrillargues;;Mediocampista
11329;1934;Francia;;celestin delmer;;Mediocampista
11330;1934;Francia;;georges verriest;;Mediocampista
11331;1934;Francia;;lucien laurent;;Delantero
11332;1934;Francia;;pierre korb;;Delantero
11333;1934;Francia;;fritz keller;;Delantero
11334;1934;Francia;;joseph alcazar;;Delantero
11335;1934;Estados Unidos;;julius hjulian;;Arquero
11336;1934;Estados Unidos;;joe martinelli;;Defensor
11337;1934;Estados Unidos;;george moorhouse;;Defensor
11338;1934;Estados Unidos;;ed czerkiewicz;;Defensor
11339;1934;Estados Unidos;;herman rapp;;Defensor
11340;1934;Estados Unidos;;al harker;;Defensor
11341;1934;Estados Unidos;;peter pietras;;Mediocampista
11342;1934;Estados Unidos;;tom lynch;;Mediocampista
11343;1934;Estados Unidos;;bill lehmann;;Mediocampista
11344;1934;Estados Unidos;;tom amrhein;;Mediocampista
11345;1934;Estados Unidos;;jimmy gallagher;;Mediocampista
11346;1934;Estados Unidos;;bill fiedler;;Mediocampista
11347;1934;Estados Unidos;;billy gonsalves;;Delantero
11348;1934;Estados Unidos;;walter dick;;Delantero
11349;1934;Estados Unidos;;werner nilsen;;Delantero
11350;1934;Estados Unidos;;aldo donelli;;Delantero
11351;1934;Estados Unidos;;bill mclean;;Delantero
11352;1934;Estados Unidos;;tom florie;;Delantero
11353;1934;Estados Unidos;;francis ryan;;Delantero
11354;1934;España;;ricardo zamora;;Arquero
11355;1934;España;;juan nogues;;Arquero
11356;1934;España;;quincoces i;;Defensor
11357;1934;España;;ciriaco;;Defensor
11358;1934;España;;marculeta;;Defensor
11359;1934;España;;zabalo;;Defensor
11360;1934;España;;luis marin 2;;Mediocampista
11361;1934;España;;simon lecue;;Mediocampista
11362;1934;España;;jose muguerza;;Mediocampista
11363;1934;España;;iraragorri;;Mediocampista
11364;1934;España;;hilario;;Mediocampista
11365;1934;España;;cilaurren;;Mediocampista
11366;1934;España;;luis regueiro 2;;Delantero
11367;1934;España;;sole;;Delantero
11368;1934;España;;martin ventorla;;Delantero
11369;1934;España;;isidro langara;;Delantero
11370;1934;España;;lafuente;;Delantero
11371;1934;España;;gorostiza;;Delantero
11372;1934;España;;fede;;Delantero
11373;1934;España;;crisanto bosch;;Delantero
11374;1934;España;;chacho;;Delantero
11375;1934;España;;campanal i;;Delantero
11376;1934;Egipto;;aziz fahmy;;Arquero
11377;1934;Egipto;;kamel masoud;;Arquero
11378;1934;Egipto;;abdel sharley;;Defensor
11379;1934;Egipto;;ali al sayyed;;Defensor
11380;1934;Egipto;;ismail rafa at;;Defensor
11381;1934;Egipto;;hassan ragab;;Mediocampista
11382;1934;Egipto;;mohamed latif;;Mediocampista
11383;1934;Egipto;;hafez kasseb;;Mediocampista
11384;1934;Egipto;;mostafa kamel taha;;Mediocampista
11385;1934;Egipto;;mohamed helmy;;Mediocampista
11386;1934;Egipto;;ibrahim halim;;Mediocampista
11387;1934;Egipto;;hassan al far;;Mediocampista
11388;1934;Egipto;;hany kamel;;Delantero
11389;1934;Egipto;;kamel mansour;;Delantero
11390;1934;Egipto;;mahmoud moukhtar;;Delantero
11391;1934;Egipto;;mahmoud negro;;Delantero
11392;1934;Egipto;;abdulrahman fawzi;;Delantero
11393;1934;Checoslovaquia;;cestmir patzel;;Arquero
11394;1934;Checoslovaquia;;ladislav zenisek;;Defensor
11395;1934;Checoslovaquia;;josef ctyroky;;Defensor
11396;1934;Checoslovaquia;;antonin vodicka;;Mediocampista
11397;1934;Checoslovaquia;;rudolf krcil;;Mediocampista
11398;1934;Checoslovaquia;;stefan cambal;;Mediocampista
11399;1934;Checoslovaquia;;frantisek junek;;Delantero
11400;1934;Checoslovaquia;;josef silny;;Delantero
11401;1934;Checoslovaquia;;jiri sobotka;;Delantero
11402;1934;Checoslovaquia;;frantisek svoboda;;Delantero
11403;1934;Checoslovaquia;;geza kalocsay;;Delantero
11404;1934;Brasil;;pedrosa;;Arquero
11405;1934;Brasil;;germano;;Arquero
11406;1934;Brasil;;luiz luz;;Defensor
11407;1934;Brasil;;sylvio hoffmann;;Defensor
11408;1934;Brasil;;octacilio;;Defensor
11409;1934;Brasil;;tinoco;;Mediocampista
11410;1934;Brasil;;ariel;;Mediocampista
11411;1934;Brasil;;waldyr;;Mediocampista
11412;1934;Brasil;;canalli;;Mediocampista
11413;1934;Brasil;;carvalho leite;;Delantero
11414;1934;Brasil;;attila;;Delantero
11415;1934;Brasil;;armandinho;;Delantero
11416;1934;Brasil;;waldemar de britto;;Delantero
11417;1934;Bélgica;;jules pappaert;;Defensor
11418;1934;Bélgica;;costant joacim;;Defensor
11419;1934;Bélgica;;charles simons;;Mediocampista
11420;1934;Bélgica;;frans peeraer;;Mediocampista
11421;1934;Bélgica;;jos van ingelgem;;Mediocampista
11422;1934;Bélgica;;felix welkenhuysen;;Mediocampista
11423;1934;Bélgica;;georges putmans;;Mediocampista
11424;1934;Bélgica;;jean claessens;;Mediocampista
11425;1934;Bélgica;;auguste hellemans;;Mediocampista
11426;1934;Bélgica;;desire bourgeois;;Mediocampista
11427;1934;Bélgica;;louis versyp;;Delantero
11428;1934;Bélgica;;jean brichaut;;Delantero
11429;1934;Bélgica;;albert heremans;;Delantero
11430;1934;Bélgica;;francois de vries;;Delantero
11431;1934;Bélgica;;laurent grimmonprez;;Delantero
11432;1934;Bélgica;;francois ledent;;Delantero
11433;1934;Bélgica;;robert lamoot;;Delantero
11434;1934;Austria;;peter platzer;;Arquero
11435;1934;Austria;;friederich franzl;;Arquero
11436;1934;Austria;;willi schmaus;;Defensor
11437;1934;Austria;;anton janda;;Defensor
11438;1934;Austria;;karl sesta;;Defensor
11439;1934;Austria;;franz cisar;;Defensor
11440;1934;Austria;;leopold hofmann;;Mediocampista
11441;1934;Austria;;josef smistik;;Mediocampista
11442;1934;Austria;;hans urbanek;;Mediocampista
11443;1934;Austria;;rudi viertl;;Delantero
11444;1934;Austria;;matthias sindelar;;Delantero
11445;1934;Austria;;johann walzhofer;;Delantero
11446;1934;Austria;;toni schall;;Delantero
11447;1934;Austria;;josef bican;;Delantero
11448;1934;Austria;;mathias kaburek;;Delantero
11449;1934;Austria;;johann horvath;;Delantero
11450;1934;Austria;;josef hassmann;;Delantero
11451;1934;Austria;;georg braun;;Delantero
11452;1934;Austria;;karl zischek;;Delantero
11453;1934;Argentina;;hector freschi;;Arquero
11454;1934;Argentina;;angel grippa;;Arquero
11455;1934;Argentina;;ramon astudillo;;Defensor
11456;1934;Argentina;;ernesto belis;;Defensor
11457;1934;Argentina;;enrique chimento;;Defensor
11458;1934;Argentina;;juan pedevilla;;Defensor
11459;1934;Argentina;;arcadio lopez;;Mediocampista
11460;1934;Argentina;;jose nehin;;Mediocampista
11461;1934;Argentina;;ernesto albarracin;;Mediocampista
11462;1934;Argentina;;costantino urbieta sosa;;Mediocampista
11463;1934;Argentina;;alfonso lorenzo;;Mediocampista
11464;1934;Argentina;;vincente perez;;Delantero
11465;1934;Argentina;;francisco rua;;Delantero
11466;1934;Argentina;;luca izzeta;;Delantero
11467;1934;Argentina;;roberto iraneta;;Delantero
11468;1934;Argentina;;alberto galateo;;Delantero
11469;1934;Argentina;;alfredo de vincenzi;;Delantero
11470;1934;Argentina;;federico wilde;;Delantero
11471;1934;Alemania;;willibald kress;;Arquero
11472;1934;Alemania;;sigmund haringer;;Defensor
11473;1934;Alemania;;hans schwartz;;Defensor
11474;1934;Alemania;;willy busch;;Defensor
11475;1934;Alemania;;josef streb;;Mediocampista
11476;1934;Alemania;;ernst albrecht;;Mediocampista
11477;1934;Alemania;;paul zielinski;;Mediocampista
11478;1934;Alemania;;rudolf gramlich;;Mediocampista
11479;1934;Alemania;;jakob bender;;Delantero
11480;1934;Alemania;;rudolf noack;;Delantero
11481;1934;Alemania;;edmund conen;;Delantero
11482;1934;Alemania;;franz dienert;;Delantero
11483;1934;Alemania;;stanislaus kobierski;;Delantero
11484;1934;Alemania;;mathias heidemann;;Delantero
11485;1934;Alemania;;karl hohmann;;Delantero
