id_partido;id_jugador_entra;id_jugador_sale;minuto;fue_et
101;2808;2804;75;0
101;2813;2882;60;0
101;2847;2807;90;0
101;3837;3856;68;0
101;3918;3818;78;0
101;3919;3866;50;0
102;813;857;58;0
102;822;850;53;0
102;847;886;72;0
102;6343;6438;46;1
102;6353;6352;79;0
102;6388;6431;63;0
103;515;781;80;0
103;683;602;72;0
103;718;722;61;0
103;5825;5826;46;1
103;5830;5861;90;0
103;5839;5837;90;0
104;2685;2724;65;0
104;2719;2732;70;0
104;2737;2709;81;0
104;4919;4916;85;0
104;4931;4930;70;0
104;4934;4913;90;0
105;1452;1581;66;0
105;1455;1536;10;0
105;1606;1594;80;0
105;7372;7429;89;0
105;7472;7385;82;0
105;7533;7401;75;0
106;2575;2619;90;0
106;2659;2610;90;0
106;2670;2596;81;0
106;7844;7872;69;0
106;7905;7960;81;0
106;8000;7819;60;0
107;31;91;78;0
107;75;134;58;0
107;2382;2395;79;0
107;2395;2452;56;0
107;2407;2484;69;0
107;5923;76;63;0
108;5571;5617;75;0
108;5591;5604;65;0
108;5699;5645;89;0
108;7676;7644;80;0
108;7700;7625;68;0
108;7785;7710;57;0
109;1142;1242;74;0
109;1154;1139;86;0
109;4567;4643;46;1
109;4661;4431;79;0
110;8054;8150;46;1
110;8120;8153;77;0
110;8155;8122;89;0
111;5275;5318;82;0
111;5284;5366;65;0
111;5341;5337;47;0
111;6551;6519;79;0
111;6581;6598;79;0
112;2211;2231;89;0
112;2249;2288;83;0
112;2259;2279;31;0
112;7265;7232;80;0
112;7288;1163;86;0
112;7297;7287;74;0
113;2280;8370;81;0
113;6644;6678;84;0
113;6713;6727;65;0
113;6728;6655;74;0
113;8409;8249;63;0
113;8440;8272;74;0
114;515;722;66;0
114;613;747;46;1
114;683;718;75;0
114;3837;3856;83;0
114;3975;3918;89;0
114;3980;3916;75;0
115;3332;3364;80;0
115;3353;3468;70;0
115;3411;3538;67;0
115;3465;3331;104;0
115;7074;7187;61;0
115;7104;7228;46;1
115;7204;7089;65;0
115;7221;7141;97;0
116;2678;2722;108;0
116;2709;2686;71;0
116;2711;2729;97;0
116;2731;2752;81;0
116;2832;2804;66;0
116;2839;2807;98;0
116;2880;2799;46;1
116;2882;2797;106;1
117;1452;1581;80;0
117;1542;1665;90;0
117;1620;1594;86;0
117;5588;5517;55;0
117;5639;5632;60;0
117;5645;5656;46;1
118;1071;1064;65;0
118;1118;1154;65;0
118;5279;5274;81;0
118;5367;5349;81;0
119;7700;7625;90;0
119;7704;7724;82;0
119;7755;7655;82;0
119;7854;8002;73;0
119;7957;7846;73;0
120;2207;2249;61;0
120;2259;2273;88;0
120;2288;2280;79;0
120;2297;2203;116;0
120;4496;4432;81;0
120;4610;4657;113;0
120;4618;4676;102;0
120;4652;4638;88;0
121;3818;3918;88;0
121;3837;3856;90;0
121;3925;3980;80;0
121;8317;8440;59;0
121;8409;8249;59;0
121;8451;8370;73;0
122;1203;1147;87;0
122;1242;1071;83;0
122;1429;1462;58;0
122;1606;1581;73;0
122;1620;1665;46;1
123;2686;2729;63;0
123;2690;2765;97;0
123;2709;2711;88;0
123;2731;2752;74;0
123;7087;7102;102;0
123;7099;7089;79;0
123;7204;7074;67;0
123;7221;7187;54;0
124;4494;4432;77;0
124;4496;4528;85;0
124;4610;4638;90;0
124;7664;7795;65;0
124;7684;7704;85;0
124;7755;7655;65;0
125;1049;1071;90;0
125;1064;1118;80;0
125;1154;1103;60;0
125;3925;3849;85;0
125;3980;3916;86;0
126;2678;2724;119;0
126;2690;2722;115;0
126;2711;2739;101;0
126;2731;2752;95;0
126;4496;4528;97;0
126;4610;4638;74;0
126;4618;4676;91;1
126;4652;4657;112;0
127;1103;1203;78;0
127;1154;1147;60;0
127;1242;1071;39;0
127;4432;4565;84;0
127;4563;4618;46;1
127;4610;4638;46;1
128;2711;2739;71;0
128;2732;2752;81;0
128;3837;3849;81;0
128;3925;4848;55;0
128;3980;3916;73;0
129;1379;1481;68;0
129;1480;1581;63;0
129;2686;2709;61;0
130;1896;1820;46;1
130;1924;1912;79;0
130;5591;5617;69;0
130;5632;5699;74;0
130;5741;5634;89;0
131;3379;3538;78;0
131;3486;3319;62;0
131;3546;3364;62;0
131;6068;6145;79;0
131;6151;6020;77;0
131;6162;6012;62;0
132;842;878;68;0
132;868;837;49;0
132;902;4865;78;0
132;2015;2157;68;0
132;2065;2164;60;0
132;2106;2161;88;0
133;2203;2205;74;0
133;2252;2240;76;0
133;2253;2197;69;0
133;4135;4169;57;0
133;4144;4151;78;0
133;4160;4136;64;0
134;2536;2529;75;0
134;2539;2533;62;0
134;2565;2531;78;0
134;5271;5275;54;0
134;5293;5291;86;0
134;5338;5341;67;0
135;2578;2581;89;0
135;2600;2662;74;0
135;6122;2653;83;0
135;8319;8309;60;0
135;8328;8409;76;0
135;8338;8303;60;0
136;4446;4661;61;0
136;4555;4644;80;0
136;4666;4528;73;0
136;5100;4978;73;0
136;5144;5227;57;0
136;5163;5010;79;0
137;2900;2911;70;0
137;2961;2944;77;0
137;7919;7971;46;1
137;7957;7844;75;0
138;3849;3987;78;0
138;3917;3785;65;0
138;3967;3939;57;0
138;4218;4211;46;1
138;4219;4245;58;0
138;4231;4210;46;1
139;551;515;87;0
139;623;570;46;1
139;646;745;46;1
139;1324;1330;69;0
139;1328;1329;74;0
139;1336;1323;71;0
140;4724;4699;73;0
140;4778;4720;89;0
140;5793;5836;52;0
140;5847;5798;69;0
140;5882;5846;29;0
141;194;116;73;0
141;214;5923;82;0
141;243;206;63;0
141;1431;6605;28;0
141;6604;6623;65;0
141;6626;6738;46;1
142;3656;3577;23;0
142;3744;3587;77;0
142;4058;4071;78;0
142;4076;4074;59;0
142;4083;4110;71;0
142;4439;3589;46;1
143;469;492;84;0
143;480;485;71;0
143;501;7255;66;0
143;1118;1103;65;0
143;1154;1071;46;1
143;1171;1147;58;0
144;2397;2391;73;0
144;2416;2507;84;0
144;2467;2493;56;0
144;7084;7101;72;0
144;7087;7196;59;0
144;7117;7228;71;0
145;1379;1601;46;1
145;1492;1459;68;0
145;1665;1574;84;0
145;5591;5634;76;0
145;5632;5699;74;0
145;5639;5587;84;0
146;1896;1817;46;1
146;1910;1224;75;0
146;1924;1802;70;0
146;2709;2740;72;0
146;2739;2729;78;0
146;6639;2726;69;0
147;2023;2164;88;0
147;2065;2008;64;0
147;2157;2161;85;0
147;3355;3486;76;0
147;3429;3319;46;1
147;3546;3364;64;0
148;819;4865;51;0
148;842;822;69;0
148;899;878;77;0
148;6024;6072;45;0
148;6068;6145;87;0
148;6162;6012;78;0
149;2203;2205;72;0
149;2253;2197;79;0
149;2273;2245;53;0
149;2530;2533;73;0
149;2539;2531;60;0
149;2549;2547;67;0
150;4136;4160;35;0
150;4144;4135;41;0
150;4169;4151;81;0
150;5271;5275;46;1
150;5291;5341;57;0
151;4446;4638;64;0
151;4555;4661;71;0
151;4556;4528;87;0
151;8274;8441;88;0
151;8306;8319;79;0
151;8440;8338;67;0
152;2583;2653;81;0
152;2600;2662;68;0
152;5019;5144;46;1
152;5025;5122;69;0
152;5101;5010;57;0
152;6122;2588;74;0
153;3856;3987;82;0
153;3882;3959;66;0
153;3939;3849;63;0
153;7844;7957;69;0
153;7846;7819;46;1
153;7958;7983;9;0
154;2895;2944;90;0
154;2928;2943;83;0
154;2941;2911;82;0
154;4217;4231;83;0
154;4230;4236;46;1
154;4240;4232;71;0
155;551;602;90;0
155;659;515;76;0
155;708;646;76;0
155;4715;4716;88;0
155;4720;4778;76;0
155;4724;4699;85;0
156;1324;1323;57;0
156;1332;1327;58;0
156;1335;1328;64;0
156;5793;5837;65;0
156;5878;5800;75;0
157;142;77;69;0
157;194;26;46;1
157;246;134;70;0
157;4062;4110;78;0
157;4074;4076;52;0
157;4123;4071;72;0
158;1431;6712;16;0
158;3643;3744;90;0
158;3738;3619;87;0
158;3742;3587;72;0
158;6622;6604;46;1
158;6737;6681;69;0
159;1159;1154;75;0
159;1171;1147;57;0
159;1247;1242;31;0
159;7087;7196;83;0
159;7117;7187;90;0
159;7223;7133;62;0
160;442;452;89;0
160;469;461;73;0
160;480;454;77;0
160;2405;2388;78;0
160;2442;2493;57;0
160;2467;2458;64;0
161;1452;1581;46;1
161;1601;1481;63;0
161;1665;3874;71;0
161;1863;1224;81;0
161;1910;1878;58;0
161;1924;1802;72;0
162;2700;2734;74;0
162;2709;2765;58;0
162;2739;2726;69;0
162;5591;5617;84;0
162;5632;5587;62;0
162;5697;5699;79;0
163;842;899;46;1
163;902;878;61;0
163;3379;3355;68;0
163;3538;3319;83;0
163;4865;819;72;0
163;8366;3561;56;0
164;2015;2065;46;1
164;2106;2161;81;0
164;2157;2141;70;0
164;6024;6068;69;0
164;6029;6108;75;0
164;6059;6064;89;0
165;2215;2222;46;1
165;2257;2263;85;0
165;2279;2273;46;1
165;5293;5337;69;0
165;5297;5291;85;0
165;5367;5266;62;0
166;2531;2560;61;0
166;2535;2539;78;0
166;2558;2543;83;0
166;4136;4144;78;0
166;4137;4147;24;0
166;4171;4151;12;0
167;5019;5100;71;0
167;5144;5227;75;0
167;5163;4978;46;1
167;8387;8338;46;1
167;8396;8409;78;0
167;8440;8385;63;0
168;2578;2582;78;0
168;2581;2583;59;0
168;4519;4666;73;0
168;4617;4583;76;0
168;4638;4555;62;0
168;6122;2588;65;0
169;4217;4227;46;1
169;4245;4231;77;0
169;7589;4221;40;0
169;7846;7960;87;0
169;7905;7998;77;0
169;7957;7844;73;0
170;2895;2900;82;0
170;2911;2946;89;0
170;2934;2944;63;0
170;3849;3916;67;0
170;3945;3856;79;0
170;3989;3959;61;0
171;524;682;63;0
171;551;646;90;0
171;659;515;38;0
171;5841;5847;80;0
171;5875;5800;66;0
172;1332;1335;79;0
172;1336;1320;84;0
172;1337;1322;61;0
172;4684;4699;68;0
172;4720;4778;46;1
172;4724;4716;63;0
173;77;246;76;0
173;142;214;46;1
173;243;206;89;0
173;3587;3615;59;0
173;3742;3744;84;0
174;4051;4110;76;0
174;4074;4124;71;0
174;4123;4072;81;0
174;6639;6615;89;0
174;6737;6708;61;0
174;6740;1431;69;0
175;1071;1139;60;0
175;1127;1159;88;0
175;1171;1154;60;0
175;2405;2507;73;0
175;2416;2442;66;0
175;2467;2388;46;1
176;469;461;77;0
176;507;454;71;0
176;7084;7101;46;1
176;7087;7196;67;0
176;7113;7117;81;0
176;7255;501;90;0
177;1492;1459;64;0
177;1601;1452;72;0
177;1665;1574;106;1
177;2065;2161;57;0
177;2106;2164;87;0
177;2129;2083;108;0
178;2238;2222;81;0
178;2253;2240;68;0
178;2275;2279;85;0
178;8328;8319;67;0
178;8396;8385;53;0
178;8440;8303;53;0
179;5523;5587;61;0
179;5632;5699;75;0
179;5718;5672;46;1
179;6024;6154;56;0
179;6045;6145;76;0
179;6072;6016;9;0
180;2571;2610;77;0
180;2583;2581;83;0
180;2600;2662;66;0
180;4136;4169;69;0
180;4148;4155;78;0
180;4160;4171;58;0
181;3856;3849;62;0
181;3967;3987;90;0
181;5820;5862;59;0
181;5841;5836;89;0
182;134;194;70;0
182;151;246;109;0
182;243;77;46;1
182;452;473;97;0
182;454;503;78;0
182;461;7255;100;0
183;542;747;105;0
183;551;623;106;1
183;708;659;74;0
183;7846;7919;113;0
183;7859;7998;66;0
183;7957;7844;82;0
184;1071;1127;111;0
184;1147;1171;91;1
184;1159;1154;60;0
184;3645;3587;105;0
184;3738;3744;72;0
184;3742;3658;32;0
185;1477;3874;88;0
185;1480;1581;86;0
185;1601;1481;83;0
185;2207;2240;70;0
185;2273;2222;80;0
185;2275;2245;46;1
186;77;206;83;0
186;151;155;90;0
186;243;142;69;0
186;3849;3987;85;0
186;3882;3959;72;0
186;3945;3785;73;0
187;2600;2662;97;0
187;2641;2610;79;0
187;6045;6072;106;1
187;6063;6002;120;0
187;6068;6024;76;0
187;6122;2588;66;0
188;623;646;81;0
188;708;659;71;0
188;722;602;33;0
188;1071;1127;75;0
188;1147;1171;59;0
188;1154;1159;60;0
189;48;134;76;0
189;180;116;46;1
189;243;142;58;0
189;1581;1452;46;1
189;1601;1481;46;1
189;1665;1459;69;0
190;515;646;82;0
190;708;722;81;0
190;745;659;101;0
190;6003;6016;62;0
190;6045;6145;96;0
190;6048;6072;46;1
191;1452;1527;46;1
191;1480;1581;57;0
191;1481;1601;73;0
191;6048;5992;70;0
191;6151;6003;90;0
191;6156;6002;90;0
192;77;142;88;0
192;180;206;120;0
192;243;151;31;0
192;515;659;46;1
192;623;722;86;0
192;708;646;78;0
193;5538;5771;69;0
193;5617;5513;55;0
193;5632;5600;73;0
193;7561;7590;46;1
193;7582;7584;83;0
194;3846;3855;85;0
194;3863;3750;72;0
194;3909;3854;75;0
194;8231;8441;74;0
194;8293;8389;87;0
194;8338;8321;63;0
195;562;602;85;0
195;684;646;79;0
195;745;800;74;0
195;5835;5844;52;0
195;5847;5851;60;0
195;5874;5872;75;0
196;2424;2458;90;0
196;2435;2415;74;0
196;2473;2493;87;0
196;4141;4132;61;0
196;4167;4144;46;1
196;4169;4170;59;0
197;3598;3634;77;0
197;3653;3577;86;0
197;4473;4553;46;1
197;4492;4529;79;0
197;4675;4583;31;0
198;468;462;58;0
198;471;477;82;0
198;499;490;81;0
198;3282;3296;87;0
198;3285;3270;53;0
198;3295;3262;84;0
199;41;142;68;0
199;75;206;74;0
199;176;214;81;0
199;845;841;46;1
199;848;835;74;0
199;890;839;64;0
200;4055;4076;90;0
200;4068;4069;73;0
200;4104;4084;90;0
200;7396;7419;62;0
200;7397;7532;69;0
200;7505;7369;76;0
201;2792;2793;62;0
201;2811;2833;73;0
201;2818;2810;56;0
201;5982;6145;77;0
201;6023;6016;88;0
201;6028;6130;67;0
202;1828;1867;63;0
202;1842;1863;75;0
202;1845;1224;75;0
202;5282;5275;88;0
202;5337;5308;69;0
202;5371;5338;82;0
203;5008;5122;59;0
203;5059;5090;72;0
203;5121;5002;46;0
203;6241;6215;76;0
203;6318;6331;68;0
203;6319;6329;60;0
204;3241;3254;81;0
204;3247;3259;90;0
204;3256;3258;84;0
204;5947;5978;78;0
204;5980;5957;72;0
205;2539;2549;66;0
205;2550;2543;82;0
205;2557;2540;89;0
205;6609;6681;85;0
205;6731;6633;55;0
205;6735;6634;62;0
206;1356;1441;73;0
206;1566;1513;78;0
206;1601;1450;84;0
206;2315;2327;80;0
207;2031;2164;81;0
207;2063;2157;87;0
207;2071;2085;52;0
207;4242;4248;78;0
207;4256;4233;66;0
207;4261;4252;60;0
208;3471;3538;62;0
208;3486;3411;77;0
208;3546;3341;61;0
208;7847;7817;92;0
208;7983;7958;36;0
208;7999;7842;79;0
209;7552;7584;79;0
209;7573;7559;57;0
209;8297;8306;71;0
209;8300;8272;89;0
209;8309;8389;90;0
210;3846;3750;46;1
210;3987;3855;69;0
210;5532;5771;31;0
210;5538;5600;62;0
210;5632;5641;55;0
211;4163;4136;79;0
211;4170;4166;37;0
211;5783;5807;77;0
211;5807;5872;55;0
211;5851;5847;46;1
212;515;786;75;0
212;554;646;82;0
212;562;760;23;0
212;2435;2415;46;1
212;2459;2493;81;0
213;41;206;70;0
213;75;12;77;0
213;176;5923;70;0
213;7376;7439;70;0
213;7397;7369;79;0
213;7462;7396;75;0
214;3270;3262;87;0
214;3282;3295;90;0
214;3295;3285;74;0
214;3629;3725;46;1
214;3631;3634;46;1
214;3641;3695;80;0
215;438;451;74;0
215;471;509;81;0
215;496;507;88;0
215;4492;4448;84;0
215;4493;4529;74;0
215;4675;4561;63;0
216;825;4865;66;0
216;854;845;68;0
216;890;911;84;0
216;4066;4076;87;0
216;4098;4069;77;0
216;4104;4121;56;0
217;5323;5308;64;0
217;5337;5275;77;0
217;5356;5338;77;0
217;5982;6108;83;0
217;6028;6130;72;0
217;6045;6145;88;0
218;1802;1924;78;0
218;1845;1811;72;0
218;1863;1831;46;1
218;2827;2830;46;1
218;2833;2818;67;0
218;2869;2889;86;0
219;3241;3254;70;0
219;3256;3252;83;0
219;6214;6334;88;0
219;6241;6215;82;0
219;6329;6331;68;0
220;5008;5168;46;1
220;5059;5090;46;1
220;5166;5122;61;0
220;5940;5957;90;0
220;5947;5978;81;0
220;5980;5954;63;0
221;1356;1441;67;0
221;1601;1621;90;0
221;2543;2534;54;0
221;2550;2549;68;0
221;2557;2540;72;0
222;2315;2334;58;0
222;2320;2327;58;0
222;2328;2303;75;0
222;6637;6731;74;0
222;6673;6605;77;0
222;6738;6681;70;0
223;2063;2164;46;1
223;2104;2050;65;0
223;2157;2144;46;1
223;7817;7863;42;0
223;7832;7859;77;0
223;7842;7927;68;0
224;3326;3503;77;0
224;3379;3565;66;0
224;4248;4258;63;0
224;4261;4227;46;1
224;7589;4255;84;0
224;8366;3546;70;0
225;5532;5617;46;1
225;5561;5672;57;0
225;5632;5538;63;0
225;8297;8441;85;0
225;8428;8385;77;0
226;3855;3826;82;0
226;3863;3800;55;0
226;3909;3846;46;1
226;7548;7578;55;0
226;7568;7553;78;0
226;7579;7582;68;0
227;2422;2493;90;0
227;2424;2415;87;0
227;2435;2514;64;0
227;5807;5882;46;1
227;5835;5832;57;0
227;5844;5788;70;0
228;602;745;63;0
228;710;684;80;0
228;715;515;77;0
228;4163;4148;54;0
228;4167;4177;55;0
228;4175;4144;46;1
229;3270;3285;62;0
229;3286;3280;79;0
229;4487;4617;72;0
229;4529;4493;86;0
230;468;462;65;0
230;471;509;69;0
230;499;490;85;0
230;3585;3594;80;0
230;3598;3629;64;0
230;3631;3641;46;1
231;124;26;73;0
231;155;246;81;0
231;270;5923;67;0
231;4056;4072;90;0
231;4066;4084;82;0
231;4098;4121;64;0
232;825;4865;66;0
232;839;911;82;0
232;845;904;66;0
232;7397;7396;77;0
232;7450;7532;67;0
232;7517;7391;62;0
233;3244;3257;87;0
233;3251;3243;90;0
233;3254;3258;90;0
233;5112;5042;46;1
233;5176;5138;56;0
233;5184;5084;46;1
234;5945;5957;79;0
234;5980;5954;69;0
234;6215;6241;66;0
234;6217;6331;67;0
235;2811;2833;63;0
235;2842;2840;56;0
235;2869;2830;34;0
235;5282;5271;90;0
235;5300;5338;88;0
235;5337;5308;74;0
236;1802;1814;56;0
236;1845;1224;72;0
236;1913;1895;73;0
236;6028;6064;66;0
236;6045;6145;59;0
236;6098;6130;73;0
237;1475;1523;85;0
237;1499;1450;44;0
237;1601;1502;82;0
237;6705;6706;64;0
237;6731;6637;54;0
237;6738;6681;84;0
238;2304;2327;67;0
238;2534;2543;64;0
238;2538;2557;79;0
238;2549;2550;64;0
239;2085;2063;46;1
239;2099;2136;65;0
239;2104;2157;46;1
239;3379;3546;55;0
239;5514;3319;73;0
240;4242;4248;67;0
240;4258;4255;87;0
240;4261;7589;78;0
240;7863;7927;69;0
240;7960;7891;78;0
240;7999;7859;46;1
241;2459;2424;61;0
241;2514;2415;85;0
241;8297;8441;84;0
241;8338;8385;74;0
241;8459;8314;46;1
242;3629;3606;31;0
242;3631;3634;46;1
242;3641;3577;91;0
242;4055;4113;73;0
242;4068;4076;78;0
242;4098;4085;113;0
243;75;142;72;0
243;135;206;83;0
243;270;5923;72;0
243;4487;4583;64;0
243;4529;4493;71;0
243;4675;4547;87;0
244;641;602;79;0
244;715;745;87;0
244;800;786;69;0
244;5532;5534;46;1
244;5600;5617;61;0
245;3242;3260;88;0
245;3244;3243;71;0
245;3253;3240;87;0
245;5982;6108;92;0
245;6028;6098;71;0
245;6045;6145;80;0
246;1468;1621;85;0
246;1514;1513;81;0
246;1566;1523;76;0
246;2085;2070;62;0
246;2148;2031;46;1
246;2157;2063;46;1
247;5321;5264;81;0
247;5337;5308;65;0
247;5356;5338;106;1
247;6214;6300;75;0
247;6241;6318;94;0
247;6331;6217;60;0
248;3437;3546;58;0
248;3450;3319;90;0
248;3486;3561;88;0
248;6633;6605;58;0
248;6673;6731;72;0
248;6705;6706;72;0
249;1468;1552;62;0
249;1566;1523;77;0
249;6045;6145;85;0
250;4056;4098;88;0
250;4068;4085;74;0
250;8231;8272;76;0
250;8338;8297;46;1
250;8428;8340;38;0
251;124;26;72;0
251;155;134;77;0
251;270;5923;84;0
251;515;602;75;0
251;715;703;70;0
252;3379;3546;56;0
252;3450;3496;84;0
252;3486;3319;75;0
252;6215;6232;84;0
252;6318;6331;72;0
252;6334;6214;64;0
253;6028;6098;89;0
253;6130;6023;46;1
253;8231;8385;78;0
253;8300;8303;84;0
254;75;134;81;0
254;124;26;52;0
254;155;270;62;0
254;3450;3319;93;0
254;3538;3486;86;0
254;3546;3561;81;0
255;135;41;73;0
255;155;124;81;0
255;265;206;91;0
255;8231;8272;88;0
255;8309;8389;77;0
256;3379;3319;87;0
256;3471;3486;60;0
256;3546;3561;106;1
256;5999;6125;105;0
256;6028;6064;71;0
256;6130;6016;99;0
257;131;30;72;0
257;198;142;79;0
257;204;239;90;0
257;2575;2612;90;0
257;2581;2660;78;0
257;2603;2632;66;0
258;2929;2932;69;0
258;2936;2965;65;0
258;2968;2918;83;0
258;6451;6600;83;0
258;6493;6569;67;0
258;6508;6514;78;0
259;4501;4595;56;0
259;4524;4487;83;0
259;6223;6338;8;0
259;6249;6224;68;0
259;6296;6327;82;0
260;7599;7784;62;0
260;7692;7802;78;0
260;7696;7718;78;0
260;8032;8042;52;0
260;8046;8045;66;0
261;516;740;90;0
261;638;765;75;0
261;708;589;64;0
261;2534;2548;55;0
261;2551;2550;77;0
261;2552;2523;62;0
262;5998;6073;86;0
262;6064;6144;69;0
262;6065;6123;60;0
262;7384;7324;43;0
262;7402;7381;67;0
262;7532;7423;46;0
263;4693;4758;81;0
263;4741;4729;63;0
263;5598;5541;52;0
263;5701;5759;46;0
263;5779;5600;46;0
264;321;339;70;0
264;331;317;60;0
264;337;322;80;0
264;6627;6721;60;0
264;6659;6735;83;0
264;6676;6711;72;0
265;4108;4066;68;0
265;4116;4106;46;0
265;4120;4084;89;0
265;5008;5222;56;0
265;5052;5220;82;0
265;5099;5090;64;0
266;3657;3677;46;0
266;3737;3679;77;0
266;5852;3604;46;0
266;6853;6834;45;0
266;6888;6887;82;0
266;6912;6897;86;0
267;811;911;75;0
267;822;4865;53;0
267;854;874;61;0
267;5312;5362;56;0
267;5335;5312;90;0
267;5340;5370;79;0
268;1621;1629;69;0
268;2716;2707;41;0
268;2726;2706;56;0
269;3822;3997;84;0
269;3958;3947;70;0
269;7843;7924;75;0
269;7881;7972;56;0
269;7916;7993;82;0
270;2345;2426;46;0
270;2435;2460;68;0
270;2440;2353;83;0
270;8011;8022;86;0
270;8014;8009;62;0
270;8026;8023;55;0
271;3313;3319;55;0
271;3379;3391;77;0
271;3504;3561;55;0
271;8217;8218;64;0
271;8220;8209;46;0
271;8227;8210;46;0
272;359;379;67;0
272;361;364;82;0
272;410;430;75;0
272;8094;8084;82;0
272;8098;8081;69;0
272;8141;8074;55;0
273;30;246;77;0
273;198;214;71;0
273;204;65;64;0
273;6451;6493;90;0
273;6464;6595;83;0
273;6523;6514;77;0
274;2580;2591;84;0
274;2621;2614;56;0
274;2654;2606;29;0
274;2929;2921;69;0
274;2936;2965;46;0
274;2968;1315;73;0
275;4501;4487;75;0
275;4561;4473;58;0
275;4617;4595;58;0
275;8032;8039;70;0
275;8047;8045;85;0
276;6214;6224;81;0
276;6255;6310;62;0
276;6284;6318;63;0
276;7599;7678;46;1
276;7646;7696;86;0
276;7692;7802;68;0
277;569;638;17;0
277;682;745;75;0
277;786;765;59;0
277;7340;7436;46;0
277;7402;7384;50;0
277;7527;7423;70;0
278;2523;2551;73;0
278;2534;2552;62;0
278;2566;2557;62;0
278;5998;6040;46;0
278;6065;6144;73;0
278;6130;6108;50;0
279;331;335;68;0
279;337;339;83;0
279;338;322;73;0
279;5525;5779;52;0
279;5598;5600;74;0
279;5671;5705;78;0
280;4688;4712;88;0
280;4738;4741;66;0
280;4784;4729;65;0
280;6711;6676;67;0
280;6731;6648;88;0
280;6735;6634;80;0
281;3585;3619;62;0
281;3609;3610;52;0
281;5052;5235;54;0
281;5084;5222;35;0
281;5099;5220;61;0
282;4053;4066;80;0
282;4075;4054;46;0
282;4108;4084;85;0
282;6888;6799;46;0
282;6908;6885;68;0
282;6912;6887;56;0
283;811;874;69;0
283;855;822;56;0
283;1459;1345;88;0
283;1469;1444;72;0
283;1621;1629;72;0
283;4865;881;41;0
284;2684;2748;87;0
284;2724;2712;78;0
284;2726;2759;70;0
284;5282;5272;46;0
284;5335;5355;85;0
284;5356;5370;61;0
285;2345;2457;72;0
285;2440;2462;69;0
285;2505;2460;46;0
285;3822;3909;88;0
285;3947;3997;60;0
285;3983;4001;90;0
286;7914;7863;87;0
286;7972;7834;77;0
286;7999;7881;46;0
286;8015;8016;87;0
286;8022;8007;25;0
286;8023;8012;69;0
287;3379;3451;46;0
287;3418;3561;57;0
287;3504;3391;46;0
287;8098;8074;57;0
287;8100;8081;80;0
287;8160;8052;57;0
288;359;410;55;0
288;361;430;77;0
288;425;352;55;0
288;8210;8228;79;0
288;8213;8221;86;0
288;8218;8217;71;0
289;8;239;73;0
289;30;142;66;0
289;198;66;66;0
289;2907;2909;46;0
289;2938;1315;63;0
289;2968;2903;68;0
290;2621;2612;82;0
290;2654;2581;78;0
290;2669;2603;70;0
290;6451;6600;46;0
290;6523;6558;64;0
290;6559;6567;85;0
291;4472;4507;56;0
291;4492;4595;4;0
291;4519;4617;69;0
291;7606;7718;90;0
291;7646;7599;75;0
291;7802;7692;54;0
292;6249;6331;66;0
292;6250;6238;89;0
292;6286;6231;77;0
292;8039;8037;31;0
292;8040;8046;67;0
292;8047;8032;41;0
293;516;740;80;0
293;585;562;24;0
293;590;682;70;0
293;5985;6144;56;0
293;6065;6145;67;0
293;6070;6108;86;0
294;2548;2550;73;0
294;2552;2528;60;0
294;7423;7532;67;0
294;7436;7394;16;0
295;5563;5705;69;0
295;5600;5663;80;0
295;5779;5725;46;0
295;6616;6648;80;0
295;6693;6712;69;0
295;6701;6683;61;0
296;323;317;51;0
296;330;335;23;0
296;338;322;73;0
296;4693;4727;67;0
296;4738;4718;39;0
296;4778;4758;13;0
297;4982;5008;74;0
297;5102;5090;60;0
297;5129;5149;17;0
297;6804;6841;78;0
297;6819;6768;64;0
297;6912;6887;46;0
298;3610;3670;74;0
298;3657;3604;61;0
298;3694;3707;40;0
298;4053;4066;59;0
298;4054;4075;46;0
298;4120;4082;80;0
299;1609;1628;71;0
299;1624;1420;82;0
299;1672;1513;71;0
299;5326;5334;56;0
299;5335;5355;66;0
299;5355;5305;60;0
300;811;841;63;0
300;854;825;75;0
300;2706;2758;83;0
300;2716;2712;65;0
300;2724;2726;74;0
300;4865;898;71;0
301;3826;3994;81;0
301;3855;3947;77;0
301;3997;3909;74;0
301;8012;8005;75;0
301;8020;8016;59;0
302;2345;2479;63;0
302;2505;2493;66;0
302;7819;7993;88;0
302;7843;7958;53;0
302;7916;7999;71;0
303;359;361;68;0
303;379;414;13;0
303;429;377;81;0
303;3546;3511;70;0
303;3561;3504;46;0
303;3565;3379;66;0
304;8065;8074;79;0
304;8098;8141;90;0
304;8149;8081;79;0
304;8210;8212;75;0
304;8213;8221;88;0
304;8227;8217;55;0
305;30;246;72;0
305;131;66;85;0
305;198;214;74;0
305;7599;7678;72;0
305;7671;7696;39;0
305;7802;7692;52;0
306;516;569;76;0
306;682;765;84;0
306;786;589;75;0
306;5705;5617;66;0
306;5759;5695;38;0
306;5779;5671;74;0
307;2936;2965;72;0
307;2938;2966;69;0
307;4473;4487;77;0
307;4501;4519;92;0
307;4561;4452;87;0
308;6040;6123;67;0
308;6130;6073;56;0
308;6152;6004;84;0
308;6711;6699;46;0
308;6731;6721;34;0
308;6735;6648;84;0
309;811;898;81;0
309;4983;5220;56;0
309;5099;5090;46;0
309;5222;5052;75;0
310;7878;7843;34;0
310;7914;7863;117;0
310;7972;7924;64;0
310;8213;8228;111;0
310;8217;8227;94;0
310;8218;8212;75;0
311;1469;1444;46;0
311;1507;1345;61;0
311;1609;1513;83;0
311;4075;4053;60;0
311;4120;4066;70;0
312;3391;3504;54;0
312;3418;3561;54;0
312;3451;3565;72;0
312;3855;3909;74;0
312;3997;3863;88;0
313;30;246;74;0
313;198;142;86;0
313;204;239;62;0
313;569;740;72;0
313;590;589;79;0
313;621;511;71;0
314;4982;5176;68;0
314;5152;5008;68;0
314;5235;5084;77;0
314;8207;8213;72;0
314;8226;8219;47;0
314;8227;8224;20;0
315;4473;4561;119;0
315;4492;4487;65;0
315;4561;4452;52;0
315;6659;6735;74;0
315;6712;6648;86;0
315;6731;6699;63;0
316;1345;1507;63;0
316;1406;1390;76;0
316;1621;1513;79;0
316;3855;3947;77;0
316;3958;3863;86;0
316;3997;3909;81;0
317;198;142;111;0
317;204;239;83;0
317;246;30;73;0
317;5052;5172;104;0
317;5090;5220;74;0
317;5099;5008;91;0
318;3855;3947;72;0
318;3958;3863;85;0
318;3997;3909;69;0
318;6701;6683;62;0
318;6712;6627;75;0
318;6731;6699;68;0
319;87;214;71;0
319;105;246;79;0
319;198;142;65;0
319;6648;6699;77;0
319;6693;6694;69;0
319;6711;6627;46;0
320;3826;3994;56;0
320;3983;3947;100;0
320;3997;3863;107;0
320;5048;5222;61;0
320;5052;5008;86;0
320;5099;5172;61;0
321;3800;3997;81;0
321;3834;3831;60;0
322;1915;1873;69;0
322;4820;4837;46;0
322;4849;4822;77;0
323;2829;2819;58;0
323;2830;2818;70;0
323;2868;2876;89;0
323;8342;8410;87;0
323;8363;8231;88;0
323;8401;8399;80;0
324;24;122;67;0
324;125;219;46;1
324;198;142;76;0
324;351;381;77;0
324;374;354;46;0
324;425;379;46;0
325;4487;4653;74;0
325;4502;4452;63;0
325;7604;7599;80;0
325;7784;7788;56;0
326;6263;6325;86;0
326;6267;6203;66;0
326;6294;5552;72;0
326;7557;7563;78;0
326;7577;7550;27;0
327;516;800;78;0
327;589;545;81;0
327;637;663;46;0
327;5804;5871;73;0
327;5827;5832;48;0
328;3261;3306;63;0
328;3268;3292;57;0
328;3273;3290;77;0
328;3407;3442;74;0
328;3466;3549;67;0
328;3518;3422;82;0
329;2738;2735;46;1
329;2741;2755;64;0
329;2749;2683;67;0
329;5633;5541;68;0
329;5694;5538;79;0
330;1375;1514;85;0
330;1417;1434;75;0
330;1417;1628;67;0
330;1529;1629;73;0
330;1653;1506;72;0
330;8176;8168;66;0
330;8178;8168;88;0
330;8178;8185;88;0
330;8182;8176;74;0
330;8189;8169;62;0
330;8189;8187;66;0
331;2901;2915;85;0
331;2903;2966;59;0
331;2965;2896;46;0
331;5052;5222;74;0
331;5057;5063;64;0
331;5084;5055;69;0
332;2185;2188;26;0
332;2187;2191;66;0
332;2193;2175;74;0
332;2584;2669;70;0
332;2627;2671;80;0
332;2634;2607;57;0
333;1196;1253;68;0
333;1198;1238;83;0
333;5311;5314;71;0
333;5316;5354;68;0
333;5347;5340;64;0
334;2345;2398;50;0
334;2350;2505;89;0
334;2457;2516;61;0
334;6504;6440;50;0
334;6513;6600;46;1
334;6594;6497;64;0
335;7049;7111;78;0
335;7123;7192;46;0
335;7208;7060;55;0
335;8073;8095;67;0
335;8136;8092;67;0
335;8161;8053;84;0
336;3660;3722;46;1
336;3671;3700;80;0
336;3685;3625;75;0
336;6665;6666;73;0
336;6693;6723;80;0
336;6700;6724;69;0
337;24;122;75;0
337;27;142;85;0
337;125;239;89;0
337;4817;4854;87;0
337;4848;4830;73;0
337;4849;4822;73;0
338;3788;3895;16;0
338;3800;3983;81;0
338;3834;3997;90;0
338;8287;8415;71;0
338;8326;8410;72;0
338;8342;8429;60;0
339;351;437;72;0
339;381;353;35;0
339;430;425;86;0
339;1881;1873;74;0
339;1892;1925;84;0
339;1900;1854;46;0
340;2830;2818;50;0
340;2851;2874;89;0
340;2868;2817;62;0
340;7234;7236;83;0
340;7235;7283;46;1
340;7236;7291;46;1
341;5827;5850;70;0
341;5832;5801;65;0
341;7604;7599;64;0
341;7788;7784;83;0
342;3407;3442;46;1
342;3466;3549;46;0
342;3565;3556;85;0
342;5552;6240;63;0
342;6325;6238;78;0
343;516;800;46;1
343;589;545;60;0
343;663;637;64;0
343;4458;4595;80;0
343;4627;4529;54;0
343;4630;4524;19;0
344;3264;3281;60;0
344;3266;3261;60;0
344;3292;3268;41;0
344;7541;7579;71;0
344;7557;7563;80;0
344;7585;7547;84;0
345;2726;2766;57;0
345;2744;2738;79;0
345;2764;2746;62;0
345;5102;5063;79;0
345;5129;5149;24;0
346;1417;1628;46;0
346;1434;1629;72;0
346;1609;1506;70;0
346;2185;2177;75;0
346;2186;2184;66;0
346;2192;2182;62;0
347;2896;2947;58;0
347;2903;2966;35;0
347;2965;2936;53;0
347;5548;5728;87;0
347;5633;5541;77;0
347;5666;5538;90;0
348;2584;2669;77;0
348;2634;2591;66;0
348;2646;2627;77;0
348;8178;8185;88;0
348;8184;8168;79;0
348;8189;8204;75;0
349;5272;5282;85;0
349;5276;5340;75;0
349;5327;5354;72;0
349;7060;7202;57;0
349;7123;7111;52;0
349;7208;7172;46;1
350;2345;2398;56;0
350;2371;2516;69;0
350;2457;2496;38;0
350;3670;3585;75;0
350;3737;3678;82;0
351;1163;1193;74;0
351;1196;1198;46;0
351;1243;1238;46;0
351;8073;8133;88;0
351;8092;8095;67;0
351;8161;8110;77;0
352;6439;6497;16;0
352;6562;6595;71;0
352;6594;6600;56;0
352;6615;6650;63;0
352;6619;6726;69;0
352;6723;6663;60;0
353;2796;2868;76;0
353;2818;2830;46;0
353;2862;2888;79;0
353;3800;3834;54;0
353;3831;3997;83;0
353;3921;3994;71;0
354;7234;7241;63;0
354;7258;7285;76;0
354;7283;7235;67;0
354;8303;8231;46;0
354;8363;8415;46;0
354;8401;8435;32;0
355;27;122;46;0
355;125;239;80;0
355;198;142;84;0
355;1848;1873;80;0
355;1854;1900;64;0
355;1915;1918;53;0
356;351;437;68;0
356;352;362;79;0
356;375;425;67;0
356;4813;4835;89;0
356;4837;4830;80;0
356;4848;4822;46;1
357;589;545;58;0
357;637;775;63;0
357;800;520;63;0
357;7604;7599;46;1
357;7678;7707;88;0
357;7692;7784;68;0
358;4458;4486;85;0
358;4627;4529;69;0
358;4653;4595;77;0
358;5827;5863;86;0
359;3442;3504;82;0
359;3444;3466;77;0
359;3536;3313;53;0
359;7557;7579;74;0
359;7558;7547;83;0
359;7572;7586;80;0
360;3266;3261;62;0
360;3297;3293;40;0
360;3304;3292;77;0
360;5552;6203;53;0
360;6249;6240;61;0
360;6263;6249;92;0
361;1513;1614;72;0
361;1514;1434;57;0
361;1609;1506;61;0
361;2584;2669;46;0
361;2607;2660;65;0
361;2646;2632;74;0
362;2185;2191;73;0
362;2186;2189;46;1
362;2193;2177;73;0
362;8173;8198;35;0
362;8181;8185;84;0
362;8189;8168;70;0
363;5032;5161;63;0
363;5052;5222;78;0
363;5136;5102;55;0
363;5548;5728;76;0
363;5606;5671;76;0
363;5694;5541;80;0
364;2749;2741;68;0
364;2764;2707;59;0
364;2766;2744;52;0
364;2896;2947;40;0
364;2936;2965;76;0
365;5280;5370;46;0
365;5316;5282;46;0
365;5334;5325;84;0
365;8073;8133;46;0
365;8136;8086;61;0
365;8161;8077;78;0
366;1193;1238;78;0
366;1196;1163;70;0
366;1224;1086;90;0
366;7117;7115;82;0
366;7193;7166;43;0
366;7208;7202;34;0
367;2457;2345;93;0
367;6602;6724;73;0
367;6665;6699;69;0
367;6693;6711;77;0
368;3585;3575;36;0
368;3660;3722;68;0
368;3685;3679;58;0
368;6563;6546;86;0
368;6585;6504;89;0
368;6594;6516;65;0
369;8;198;92;0
369;16;181;60;0
369;131;221;46;0
369;5552;6318;29;0
369;6249;6325;91;0
369;6267;6224;84;0
370;2796;2820;7;0
370;2826;2888;58;0
370;4502;4621;49;0
370;4515;4595;46;0
370;4627;4529;69;0
371;7234;7254;66;0
371;7604;7599;65;0
371;7678;7598;76;0
371;7692;7788;99;0
372;3313;3466;72;0
372;3444;3504;80;0
372;3456;3370;66;0
372;4815;4822;82;0
372;4817;4854;50;0
372;4848;4830;55;0
373;3660;3679;79;0
373;3671;3677;92;0
373;3722;3737;59;0
373;5607;5759;78;0
373;5633;5671;28;0
373;5666;5774;46;0
374;1196;1176;72;0
374;1417;1506;57;0
374;1514;1628;81;0
374;1609;1614;90;0
375;5280;5282;46;0
375;5316;5280;86;0
375;5354;5347;46;0
375;8181;8201;85;0
375;8184;8176;74;0
375;8189;8168;90;0
376;2350;2392;83;0
376;2398;2443;63;0
376;2457;2435;68;0
376;5057;5237;72;0
376;5084;5052;61;0
377;1434;1629;70;0
377;4502;4630;56;0
377;4627;4486;80;0
377;4653;4595;79;0
378;24;142;88;0
378;27;198;80;0
378;125;239;60;0
378;3660;3650;65;0
378;3678;3679;58;0
378;3722;3677;80;0
379;2398;2443;90;0
379;2457;2516;60;0
379;2460;2435;32;0
379;3442;3556;80;0
379;3456;3370;70;0
379;3565;3407;93;0
380;8178;8169;91;0
380;8189;8204;67;0
381;8;198;88;0
381;24;142;70;0
381;125;239;85;0
381;2345;2398;54;0
381;2469;2365;56;0
381;2505;2392;80;0
383;2350;2460;65;0
383;2370;2505;79;0
383;2443;2392;46;0
383;8172;8176;76;0
383;8181;8168;86;0
383;8206;8169;41;0
384;8;125;77;0
384;24;142;74;0
384;291;27;84;0
384;1417;1629;90;0
384;1506;1628;85;0
385;1417;1374;72;0
385;1518;1472;46;1
385;3198;3168;78;0
385;3199;3132;84;0
386;5405;5432;78;0
386;5408;5454;90;0
386;5456;5465;86;0
386;5930;5933;46;1
386;5932;5897;72;0
387;938;926;82;0
387;1019;992;82;0
387;1029;949;82;0
387;1848;1846;65;0
387;1900;1911;65;0
387;1917;1902;84;0
388;2032;2003;82;0
388;2116;2080;63;0
388;2140;2045;81;0
388;5029;5057;61;0
388;5055;5058;57;0
388;5102;5230;71;0
389;353;369;79;0
389;380;361;84;0
389;432;411;78;0
389;2814;2830;73;0
389;2819;2843;84;0
389;2861;2892;65;0
390;3775;3931;73;0
390;3834;3860;26;0
390;3983;3831;84;0
390;7539;7563;89;0
390;7564;7537;56;0
391;1692;1717;77;0
391;1733;1762;68;0
391;6238;6292;43;0
391;6306;6240;70;0
391;6339;5552;78;0
392;1100;1081;22;0
392;1162;1168;60;0
392;5989;6039;65;0
392;6052;6009;80;0
392;6168;6105;65;0
393;2369;2421;60;0
393;2402;2486;55;0
393;2504;2451;75;0
393;5525;5688;46;1
393;5536;5607;70;0
393;5696;5653;46;1
394;3321;3383;46;1
394;3356;3469;77;0
394;3377;3316;58;0
394;5799;5828;83;0
394;5857;5834;89;0
394;5881;5864;70;0
395;2762;2744;74;0
395;5243;5253;81;0
395;5257;5246;69;0
395;5263;5249;74;0
396;4744;4704;68;0
396;7386;7502;68;0
396;7444;7423;58;0
396;7495;7313;50;0
397;536;663;61;0
397;580;769;72;0
397;5278;5352;84;0
397;5302;5327;65;0
398;11;185;89;0
398;86;83;50;0
398;291;224;70;0
398;3650;3599;46;1
398;3703;3617;72;0
398;3734;3741;65;0
399;2272;2206;84;0
399;2291;2204;46;1
399;6992;6977;76;0
399;7003;6996;84;0
399;7033;7011;68;0
400;4595;4627;85;0
400;8068;8067;65;0
400;8073;8154;46;1
400;8157;8158;79;0
401;3203;3168;61;0
401;3233;3120;59;0
401;5903;5888;81;0
401;5912;5897;60;0
401;5927;5930;71;0
402;1417;1614;87;0
402;1428;1403;68;0
402;1438;1374;72;0
402;5397;5498;76;0
402;5405;5431;76;0
402;5456;5465;88;0
403;949;926;46;1
403;1014;977;46;1
403;1029;938;73;0
403;2025;2168;69;0
403;2140;2045;56;0
404;1848;1846;46;1
404;1917;1902;66;0
404;4917;1873;66;0
404;5052;4976;65;0
404;5057;5141;83;0
404;5058;4959;62;0
405;352;362;76;0
405;357;369;33;0
405;368;357;65;0
405;3831;3828;58;0
405;3935;3863;79;0
405;3983;3834;30;0
406;2819;2844;58;0
406;2858;2876;58;0
406;2892;2877;82;0
406;7541;7580;88;0
406;7562;7539;77;0
406;7583;7537;46;1
407;1689;1788;84;0
407;1692;1715;46;1
407;1762;1717;66;0
407;5799;5821;84;0
407;5832;5794;67;0
407;5881;5828;75;0
408;3356;3307;56;0
408;3428;3504;65;0
408;3466;3493;52;0
408;6302;5552;46;1
408;6306;6311;83;0
408;6339;6194;73;0
409;2443;2369;53;0
409;2451;2420;69;0
409;2459;2504;77;0
409;5994;6081;80;0
409;6138;5989;78;0
409;6168;6009;84;0
410;1086;1213;67;0
410;1162;1166;77;0
410;1238;1052;17;0
410;5525;5694;46;1
410;5643;5607;67;0
410;5775;5688;57;0
411;2723;2735;67;0
411;2759;2749;88;0
411;2762;2751;46;1
411;5302;5329;84;0
411;5316;5295;79;0
411;5336;5327;61;0
412;625;663;75;0
412;730;772;80;0
412;802;769;25;0
412;5243;5256;62;0
412;5246;5245;46;1
412;5249;5262;73;0
413;137;185;57;0
413;178;86;46;1
413;264;291;66;0
413;7344;7495;66;0
413;7444;7386;57;0
413;7498;7464;74;0
414;3675;3626;82;0
414;3702;3734;57;0
414;3722;3703;57;0
414;4744;4685;74;0
414;4764;4736;75;0
414;4772;4785;77;0
415;2204;2278;56;0
415;2210;2284;62;0
415;2272;2291;56;0
415;8057;8073;73;0
415;8068;8092;68;0
415;8098;8157;76;0
416;4452;4542;32;0
416;4595;4627;72;0
416;6984;6996;86;0
416;6992;7033;81;0
416;7033;6977;72;0
417;938;996;62;0
417;949;992;80;0
417;1019;977;73;0
417;4976;5052;72;0
417;4987;5149;4;0
417;5102;5230;60;0
418;3110;3138;83;0
418;3199;3203;54;0
418;5408;5405;76;0
418;5497;5446;72;0
418;5503;5432;87;0
419;5898;5930;79;0
419;5924;5935;46;1
419;5933;5897;68;0
420;1806;1900;68;0
420;1857;1885;82;0
420;1917;1848;72;0
420;2032;2140;70;0
420;2045;2168;70;0
420;2116;2128;77;0
421;1715;1690;61;0
421;1717;1774;46;1
421;1762;1753;28;0
421;3404;3442;69;0
421;3428;3316;65;0
421;3504;3377;50;0
422;2803;2845;46;1
422;2876;2830;54;0
422;2888;2843;75;0
422;3775;3931;64;0
422;3860;3983;85;0
422;3863;3935;71;0
423;5821;5865;68;0
423;5857;5860;46;1
423;6194;6218;67;0
423;6311;6225;77;0
423;6339;6238;55;0
424;357;380;81;0
424;374;366;64;0
424;7541;7551;46;1
424;7555;7547;67;0
424;7589;7563;46;1
425;1162;1076;74;0
425;1163;1168;46;1
425;1213;1189;65;0
425;2402;2470;66;0
425;2451;2421;46;1
425;2468;2369;46;1
426;5525;5653;46;1
426;5696;5746;55;0
426;5994;6081;71;0
426;6039;5989;78;0
426;6164;6052;70;0
427;86;267;46;1
427;137;83;69;0
427;291;264;76;0
427;4700;4785;70;0
428;3583;3626;81;0
428;3702;3685;58;0
428;3741;3650;64;0
428;7313;7495;54;0
428;7444;7417;30;0
428;7482;7502;62;0
429;6978;6984;46;1
429;6996;6969;68;0
429;7012;6967;32;0
429;8068;8154;91;0
429;8113;8067;60;0
429;8157;8098;85;0
430;2204;2223;46;1
430;2277;2284;46;1
430;2291;2272;46;1
430;4449;4542;83;0
430;4560;4435;79;0
430;4577;4621;73;0
431;5243;5253;72;0
431;5245;5251;80;0
431;5249;5260;89;0
431;5278;5290;58;0
431;5302;5339;58;0
431;5340;5329;78;0
432;549;625;80;0
432;663;701;52;0
432;772;807;67;0
432;2751;2735;67;0
432;2762;2723;46;1
433;1417;1374;65;0
433;1474;1348;78;0
433;2045;2116;46;1
433;2091;2003;80;0
433;2162;2140;46;1
434;5029;5052;77;0
434;5057;5141;63;0
434;5174;4959;72;0
434;5932;5935;39;0
434;5933;5897;73;0
434;5935;5920;13;0
435;2814;2844;82;0
435;2876;2857;59;0
435;2892;2843;77;0
435;5799;5834;73;0
435;5881;5832;65;0
436;3775;3931;69;0
436;3860;3828;76;0
436;3935;3863;65;0
436;6238;6302;75;0
436;6311;6240;91;0
436;6339;5552;55;0
437;137;83;73;0
437;185;93;57;0
437;291;95;37;0
437;5525;5694;53;0
437;5556;5536;46;1
437;5696;5607;86;0
438;7481;7416;78;0
438;7482;7502;56;0
439;549;772;91;0
439;589;545;68;0
439;625;663;68;0
439;4449;4435;97;0
439;4579;4621;78;0
439;4634;4558;71;0
440;2713;2762;75;0
440;2759;2749;82;0
440;6954;6977;56;0
440;6992;7009;75;0
440;7003;7011;60;0
441;3863;3875;65;0
441;3983;3860;65;0
441;4959;4975;52;0
441;4976;5052;67;0
441;5057;5174;89;0
442;1417;1374;64;0
442;1444;1518;71;0
442;1672;1614;87;0
442;2876;2857;66;0
442;2877;2820;87;0
442;2888;2861;46;1
443;137;83;69;0
443;177;86;79;0
443;2723;2762;83;0
444;536;580;89;0
444;730;520;68;0
444;6085;6009;64;0
445;1417;1374;70;0
445;1444;1518;85;0
445;6105;6052;111;0
445;6138;6168;75;0
445;6164;6093;56;0
446;2723;2682;63;0
446;2735;2749;89;0
446;3863;3875;31;0
446;3895;3831;77;0
446;3983;3860;68;0
447;2759;2682;86;0
447;2762;2735;79;0
447;6085;6004;46;0
447;6138;5989;58;0
448;1417;1518;46;1
448;1438;1403;73;0
448;3775;3875;57;0
448;3834;3860;66;0
448;3994;3831;74;0
449;14;226;60;0
449;259;83;83;0
449;1278;1299;79;0
449;1292;1265;66;0
450;2385;2486;73;0
450;2504;2430;59;0
450;3346;3404;46;1
450;3460;3426;63;0
451;3660;3722;81;0
451;3734;3741;58;0
451;7975;7822;72;0
451;7997;7959;77;0
452;4808;4816;90;0
452;4837;4824;68;0
452;4988;5208;84;0
452;5128;5065;46;1
453;7006;7019;90;0
453;7029;6969;68;0
454;1053;1052;85;0
454;1115;1166;54;0
454;5409;5448;69;0
454;5441;5407;89;0
454;5504;5429;82;0
455;5536;5623;71;0
455;5603;5763;46;1
455;5903;5912;46;1
455;5928;5924;78;0
456;1860;1876;87;0
456;1879;1829;81;0
456;7609;7679;76;0
456;7707;7630;61;0
457;1348;1611;75;0
457;1550;1430;85;0
457;7064;7179;77;0
457;7185;7226;55;0
458;417;342;45;0
458;432;369;69;0
458;6114;6085;57;0
458;6149;6099;81;0
459;670;536;80;0
459;701;671;83;0
459;4158;4179;46;1
459;4161;4153;59;0
460;272;185;62;0
460;3334;3396;64;0
460;3345;3403;77;0
461;1771;1741;59;0
461;1790;1692;73;0
461;5782;5870;69;0
461;5819;5821;77;0
462;7005;6989;85;0
462;7041;6969;70;0
462;7822;7976;71;0
462;7977;7929;83;0
463;2291;2223;46;1
463;2292;2206;46;1
463;3660;3722;67;0
463;3734;3741;62;0
464;4972;4979;49;0
464;5120;4976;21;0
464;5128;5018;68;0
464;5912;5931;46;1
464;5928;5924;81;0
465;1295;1299;66;0
465;2372;2486;71;0
465;2385;2504;65;0
466;4808;4816;67;0
466;4837;4854;66;0
466;5623;5729;80;0
466;5743;5626;80;0
467;1560;1600;81;0
467;1586;1678;75;0
467;1860;1876;72;0
467;1877;1829;64;0
468;7097;7064;51;0
468;7115;7175;40;0
468;7653;7629;89;0
468;7707;7609;84;0
469;1150;1115;78;0
469;1195;1053;61;0
469;6085;6114;64;0
469;6166;6009;46;1
470;356;361;79;0
470;437;344;29;0
470;5450;5443;72;0
470;5480;5395;57;0
471;603;769;86;0
471;670;536;70;0
471;5782;5870;56;0
471;5855;5860;86;0
472;1692;1733;82;0
472;1726;1777;77;0
472;4134;4128;58;0
472;4161;4138;48;0
473;3660;3703;63;0
473;3734;3718;75;0
473;6974;7019;83;0
473;6994;6941;88;0
474;2223;2291;63;0
474;2251;2233;78;0
474;7876;7900;81;0
474;7975;7976;81;0
475;1274;1310;62;0
475;1292;1300;46;1
475;3334;3403;68;0
475;3408;3460;46;1
476;95;53;75;0
476;185;178;64;0
476;2376;2478;39;0
476;2476;2364;46;1
476;2504;2354;46;1
477;4829;4808;64;0
477;4856;4855;74;0
477;5890;5920;67;0
477;5912;5903;34;0
478;5061;4975;65;0
478;5128;5018;46;1
478;5566;3391;83;0
479;1877;1876;46;1
479;1917;1829;48;0
479;7060;7143;77;0
479;7179;7130;64;0
480;1550;1548;46;1
480;1586;1600;83;0
480;7630;7707;64;0
480;7731;7772;75;0
481;5436;5408;61;0
481;5450;5426;46;1
481;6099;6149;67;0
481;6114;6085;56;0
482;350;369;63;0
482;368;342;46;1
482;1166;1090;23;0
482;1254;1256;53;0
483;4134;4153;78;0
483;4179;4161;71;0
483;5782;5821;83;0
483;5855;5881;68;0
484;679;744;67;0
484;701;572;26;0
484;1692;1741;77;0
484;1726;1733;74;0
485;32;178;46;1
485;157;140;85;0
485;1052;1195;65;0
485;1083;1166;76;0
486;3338;3396;61;0
486;3479;3408;76;0
486;7974;7941;58;0
486;7975;7929;73;0
487;356;340;54;0
487;368;346;63;0
487;7697;7629;54;0
487;7731;7793;70;0
488;679;769;62;0
488;6974;6977;85;0
488;7006;6969;88;0
489;4814;4816;73;0
489;4837;4854;63;0
489;6081;6166;79;0
489;6099;6149;70;0
490;1390;1678;68;0
490;3734;3698;66;0
490;3741;3703;46;1
491;4975;4988;46;1
491;5241;5208;63;0
491;5782;5794;35;0
491;5859;5795;57;0
492;1707;1771;104;0
492;1748;1733;119;0
493;3408;3334;64;0
493;3426;3535;60;0
493;4988;5037;66;0
493;5208;4959;46;1
494;1390;1382;90;0
494;1600;1550;80;0
494;6009;6096;64;0
494;6099;6149;54;0
495;32;83;82;0
495;259;276;58;0
495;1707;1733;90;0
495;1790;1774;84;0
496;7005;6999;84;0
496;7697;7629;84;0
496;7707;7638;107;0
497;1707;1774;78;0
497;1790;1733;71;0
497;5037;4975;55;0
497;5208;4976;71;0
498;1600;1550;46;1
498;7764;7638;67;0
499;1739;1722;42;0
499;1756;1747;46;1
499;1790;1771;46;1
499;7713;7707;79;0
500;1390;1497;21;0
500;1659;1678;106;0
500;4972;5146;34;0
500;5065;4975;95;0
501;567;769;69;0
501;572;754;46;1
501;1858;1876;66;0
501;1877;1862;81;0
502;6937;7019;80;0
502;6969;6984;87;0
502;7064;7085;71;0
502;7219;7144;66;0
503;955;979;77;0
503;1040;917;61;0
503;5046;4967;46;1
503;5201;5016;75;0
504;2229;2246;75;0
504;3096;3083;74;0
504;3098;3085;57;0
505;3259;6866;83;0
505;3583;3723;64;0
505;3724;3689;77;0
505;6855;6832;76;0
506;1636;1651;82;0
506;7761;7726;46;1
506;7781;7720;70;0
507;168;19;75;0
507;185;83;75;0
507;2735;7508;55;0
507;7314;7482;55;0
508;2634;2623;86;0
508;3193;3106;73;0
508;3197;3151;46;1
509;4463;4562;83;0
509;4576;4450;69;0
509;4840;4808;64;0
510;1070;1218;46;1
510;2356;2478;46;1
510;2475;2487;62;0
511;2975;3017;70;0
511;3029;2974;70;0
511;6054;6150;46;1
511;6165;6057;70;0
512;3401;3446;79;0
512;3501;3562;79;0
512;8233;8388;65;0
512;8277;8237;65;0
513;639;736;11;0
513;667;689;78;0
513;7144;7177;75;0
513;7145;7227;80;0
514;2229;2276;78;0
514;2241;2278;68;0
514;2698;7379;46;1
514;7448;7524;53;0
515;3723;3584;80;0
515;3724;3689;82;0
515;5201;5016;51;0
516;1877;1860;59;0
516;1908;1855;69;0
516;6937;7019;63;0
516;6969;6977;56;0
517;986;1013;46;1
517;1023;1006;46;1
517;3259;6832;82;0
517;6772;6788;31;0
518;168;23;46;1
518;226;140;72;0
518;3081;3088;86;0
518;3086;3091;82;0
519;1374;1392;83;0
519;1636;1651;86;0
519;2617;2590;78;0
519;2640;2623;71;0
520;3193;3143;84;0
520;3206;3138;75;0
520;7645;7761;62;0
520;7781;7709;75;0
521;4463;4654;59;0
521;4605;4616;64;0
521;6054;4914;74;0
522;2974;2983;76;0
522;2977;3029;60;0
522;4840;4808;64;0
522;4848;4814;84;0
523;1115;1077;46;1
523;1248;1244;73;0
523;8233;8237;46;1
523;8248;8377;56;0
524;2377;2501;68;0
524;2487;2375;52;0
524;3334;3515;81;0
524;3382;3342;76;0
525;601;564;60;0
525;633;789;53;0
525;6991;6937;72;0
525;6993;7025;82;0
526;1877;1855;34;0
526;1908;1862;56;0
526;7219;7144;72;0
526;7227;7195;46;1
527;168;19;46;1
527;267;83;87;0
528;2735;7479;78;0
528;3085;3089;46;1
528;3096;3095;35;0
528;7528;7524;64;0
529;5046;5061;51;0
529;5229;5047;65;0
529;6772;6872;46;1
529;6800;3259;58;0
530;937;1005;84;0
530;1003;996;46;1
530;3590;3600;70;0
530;3741;3584;55;0
531;1560;1625;65;0
531;3143;3193;79;0
531;3149;3201;39;0
532;2617;2593;73;0
532;2634;2611;60;0
532;7647;7781;81;0
532;7662;7633;34;0
