id_gol;id_partido;detalle;id_jugador;id_plantel;minuto;fue_tiempo_extra
270;102;;6352;44;18;0
271;102;;6386;44;50;0
272;103;;682;45;14;0
273;103;;747;45;86;0
274;103;de penal;5836;48;51;0
275;104;;2678;46;53;0
276;104;;2729;46;90;0
277;104;de penal;4930;47;76;0
278;105;;1581;49;36;0
279;105;;1638;49;68;0
280;106;;7846;52;31;0
281;106;;2672;50;56;0
282;106;;7844;52;88;0
283;106;;7963;50;90;0
284;107;;2449;54;90;0
285;107;;2507;54;90;0
286;108;;7620;56;50;0
287;108;;5517;56;74;0
288;108;de penal;7660;56;62;0
289;109;;1139;57;51;0
290;110;;8135;59;33;0
291;110;;8069;60;51;0
292;110;;8122;60;66;0
293;111;;6443;63;59;0
294;112;;2255;61;74;0
295;113;;8272;36;7;0
296;113;;6706;40;55;0
297;113;;8272;36;62;0
298;114;;602;45;41;0
299;114;;681;45;48;0
300;114;;3929;43;57;0
301;114;;3918;43;64;0
302;114;;3918;43;68;0
303;114;;515;45;90;0
304;114;de penal;3856;43;13;0
305;115;;7106;37;12;0
306;115;de penal;7089;35;41;0
307;116;;2831;42;1;0
308;116;;2722;46;4;0
309;117;;1564;49;51;0
310;117;;1620;49;88;0
311;118;;5274;62;48;0
312;118;;5284;62;52;0
313;118;;1247;57;69;0
314;118;;1118;57;74;0
315;118;;1071;57;90;0
316;119;;7655;56;66;0
317;120;;2255;61;90;0
318;120;de penal;4549;58;57;0
319;121;;3989;43;40;0
320;121;;3856;43;61;0
321;122;;1452;57;13;0
322;122;;1087;57;31;0
323;122;;1606;49;76;0
324;123;;7074;35;31;0
325;123;;2711;46;39;0
326;123;;2761;46;101;1
327;123;;7093;35;115;1
328;124;;4567;58;30;0
329;124;;4432;58;59;0
330;125;;3985;43;51;0
331;126;;4650;58;5;0
332;126;;2729;46;68;0
333;126;;2722;46;109;1
334;127;;1155;57;4;0
335;127;;1127;57;82;0
336;128;;2722;43;18;0
337;128;;2729;46;28;0
338;128;;3939;43;59;0
339;128;;3918;43;65;0
340;128;;2722;46;69;0
341;128;de penal;3856;43;38;0
342;129;;1536;67;11;0
343;129;;1564;65;29;0
344;129;;1574;65;90;0
345;129;de penal;1564;65;71;0
346;130;;5699;68;61;0
347;131;;6145;72;44;0
348;131;;6098;72;53;0
349;131;;6020;72;65;0
350;131;;6145;72;72;0
351;131;;6098;72;80;0
352;131;de penal;3319;71;27;0
353;132;;2136;70;12;0
354;132;;2157;70;14;0
355;132;;822;69;35;0
356;132;;2015;70;90;0
357;133;;2205;73;5;0
358;133;;2240;73;58;0
359;133;;2279;73;90;0
360;134;;5279;76;16;0
361;134;;2531;74;64;0
362;134;;2543;74;66;0
363;135;;2588;77;54;0
364;135;;2604;77;57;0
365;135;;2665;77;84;0
366;135;de penal;8272;80;24;0
367;136;;5122;79;35;0
368;136;;4644;78;37;0
369;136;;4978;79;50;0
370;137;;2970;81;22;0
371;137;;7919;84;48;0
372;137;;7957;84;90;0
373;138;;4259;82;48;0
374;138;;3768;82;72;0
375;138;de penal;3768;82;45;0
376;139;;1326;85;3;0
377;139;;682;85;65;0
378;139;;1324;86;84;0
379;141;;116;89;32;0
380;141;;192;89;45;0
381;141;;192;89;78;0
382;141;de penal;192;89;12;0
383;142;;3619;90;1;0
384;142;;4072;91;82;0
385;142;;3596;90;86;0
386;143;;1118;94;70;0
387;143;;1154;94;80;0
388;143;de penal;465;93;25;0
389;144;;2467;95;68;0
390;144;;7117;96;74;0
391;146;;2726;67;11;0
392;146;;2729;67;48;0
393;146;;2722;67;61;0
394;146;;2722;67;73;0
395;147;;2161;70;20;0
396;147;;2008;70;43;0
397;148;;6098;72;20;0
398;148;;822;69;21;0
399;148;;6145;72;58;0
400;148;;6024;72;68;0
401;148;de penal;848;69;54;0
402;149;;2279;73;64;0
403;149;;2273;73;70;0
404;149;;2543;74;73;0
405;151;;8441;80;39;0
406;151;;4617;78;75;0
407;151;;8441;80;85;0
408;152;;2653;77;44;0
409;153;;3849;82;17;0
410;153;;3916;82;18;0
411;153;;3987;82;40;0
412;153;;3768;82;67;0
413;153;;3967;82;73;0
414;153;;7846;84;81;0
415;153;;7998;84;87;0
416;154;;4221;83;31;0
417;154;;2970;81;34;0
418;154;;2970;81;65;0
419;155;;682;85;90;0
420;156;;5847;88;29;1
421;157;;77;89;51;0
422;157;;4072;91;54;0
423;157;;4084;91;63;0
424;157;;142;89;71;0
425;158;;6688;92;5;0
426;158;;3661;90;64;0
427;158;;3619;90;81;0
428;158;;6737;92;90;0
429;159;;1171;94;88;0
430;160;;501;93;26;0
431;160;;473;93;28;0
432;160;;461;93;38;0
433;160;;2507;95;50;0
434;160;;454;93;62;0
435;160;;2452;95;72;0
436;161;;1564;65;17;0
437;161;;1867;66;26;0
438;161;;1564;65;34;0
439;161;;1459;65;49;0
440;161;;1452;65;84;0
441;162;;5656;68;72;0
442;162;;5617;68;75;0
443;162;;5632;68;82;0
444;162;;2729;67;87;0
445;163;;3561;71;36;0
446;163;;3546;71;69;0
447;163;;3455;71;82;0
448;164;;6029;72;77;0
449;164;;6024;72;90;0
450;165;;5337;76;45;0
451;165;;2252;73;55;0
452;165;;2252;73;82;0
453;165;;2279;73;90;0
454;165;de penal;2222;73;17;0
455;166;;4171;75;42;0
456;166;;2531;74;74;0
457;166;de penal;4170;75;90;0
458;167;;8314;80;81;0
459;169;;7960;84;6;0
460;169;;7960;84;31;0
461;169;;7960;84;71;0
462;171;;682;85;3;0
463;171;;5837;88;4;0
464;171;;682;85;45;0
465;171;;5837;88;47;0
466;171;;747;85;50;0
467;172;;1320;86;23;0
468;172;;1331;86;59;0
469;172;;4711;87;82;0
470;172;;1338;86;83;0
471;173;;192;89;55;0
472;174;;4077;92;31;0
473;174;;4084;91;57;0
474;174;;6721;92;80;0
475;175;;1247;94;78;0
476;176;;7127;96;6;0
477;176;;501;93;60;0
478;177;;1414;65;18;0
479;177;;2136;70;32;0
480;178;;2279;73;28;0
481;178;;2279;73;50;0
482;179;;5587;68;48;0
483;179;;6108;72;88;0
484;179;de penal;6045;72;90;0
485;180;;2653;77;52;0
486;180;;4166;75;90;0
487;181;;3939;82;79;0
488;181;;5882;82;90;0
489;182;;243;89;92;1
490;182;;206;89;120;1
491;182;;461;93;120;1
492;183;;602;85;118;1
493;184;;1087;94;93;1
494;184;;1147;94;105;1
495;184;;3645;90;107;1
496;185;;1638;65;7;0
497;185;;1414;65;69;0
498;185;de penal;2279;73;80;0
499;186;;116;89;13;0
500;188;;646;85;8;0
501;189;;192;89;11;0
502;189;;142;89;23;0
503;189;;155;89;24;0
504;189;;155;89;26;0
505;189;;134;89;29;0
506;189;;243;89;69;0
507;189;;243;89;79;0
508;189;;1574;65;90;0
509;191;;5992;72;17;0
510;191;;6162;72;90;0
511;191;de penal;6145;72;3;0
512;192;;77;89;113;1
513;193;;7591;99;55;0
514;193;;5656;98;79;0
515;195;;643;101;6;0
516;196;;2465;102;7;0
517;196;;2496;102;52;0
518;197;;4519;108;4;0
519;197;;3619;107;40;0
520;198;;3283;106;79;0
521;199;;214;109;8;0
522;199;;142;109;26;0
523;199;;192;109;68;0
524;199;;41;109;70;0
525;200;de penal;4084;111;85;0
526;201;;2785;116;46;0
527;201;;6064;116;85;0
528;202;;5279;115;39;0
529;203;;6200;120;39;0
530;203;;5048;118;63;0
531;204;;3258;117;50;0
532;204;;5968;119;90;0
533;206;;1532;121;55;0
534;206;;1441;121;72;0
535;206;;2309;122;89;0
536;207;;2015;125;34;0
537;208;;7859;128;52;0
538;209;;8303;100;24;0
539;209;;8385;100;90;0
540;209;de penal;8303;100;80;0
541;210;;5632;98;64;0
542;210;de penal;5538;98;79;0
543;211;;5874;104;16;0
544;211;;4169;103;44;0
545;211;;4177;103;71;0
546;212;;2493;101;17;0
547;212;;646;101;33;0
548;212;;2458;102;45;0
549;212;;646;101;76;0
550;212;;646;101;80;0
551;213;;7369;112;38;0
552;214;;3262;106;13;0
553;214;;3285;106;42;0
554;214;;3625;107;48;0
555;214;;3595;107;82;0
556;216;;845;110;11;1
557;216;de penal;4084;111;25;0
558;217;;6108;116;53;0
559;218;;1835;113;10;1
560;218;;2793;114;33;0
561;218;;2874;114;61;0
562;219;;6334;120;27;0
563;219;;6310;120;86;0
564;220;;5972;119;7;0
565;220;de penal;5099;118;29;0
566;221;;1523;121;25;0
567;221;;1523;121;50;0
568;221;;1441;121;62;0
569;221;;2539;123;79;0
570;222;;6681;124;29;0
571;222;;6731;124;53;0
572;222;;6605;124;56;0
573;222;;6735;124;60;0
574;222;;6673;124;81;0
575;222;;6721;124;87;0
576;222;;6735;124;89;0
577;223;;2063;125;75;0
578;224;;3561;126;17;0
579;224;;3561;126;51;0
580;225;;8441;100;43;0
581;226;;7554;99;20;0
582;226;;7576;99;37;0
583;226;;3909;97;70;0
584;227;;5874;104;12;0
585;227;;2465;102;38;0
586;227;;2493;102;49;0
587;227;de penal;5788;104;69;0
588;228;;600;101;77;0
589;228;;710;101;89;0
590;229;;4493;108;23;0
591;230;;3625;107;90;0
592;231;;206;109;60;0
593;232;;822;110;69;0
594;232;;845;110;73;1
595;232;;7450;112;84;0
596;233;;3258;117;25;0
597;233;;3258;117;73;0
598;233;;5059;118;81;0
599;233;;3244;117;89;0
600;233;;5184;118;90;0
601;235;;5279;115;17;0
602;235;;5271;115;30;0
603;235;;2889;114;81;0
604;235;;5337;115;87;0
605;236;;6145;116;36;0
606;236;;6045;116;83;0
607;236;de penal;1835;113;65;0
608;238;;2563;123;14;0
609;238;;2557;123;20;0
610;238;;2549;123;82;0
611;239;;3561;126;24;0
612;239;;3411;126;37;0
613;239;;2085;125;47;0
614;241;;8441;100;8;0
615;241;;2458;102;68;0
616;241;;8441;100;80;0
617;242;;4076;111;5;0
618;242;;3625;107;62;0
619;242;;4084;111;93;1
620;243;;142;109;20;0
621;243;;214;109;32;0
622;243;;4651;108;37;0
623;243;;192;109;67;0
624;243;;192;109;70;0
625;244;;786;101;26;0
626;244;;646;101;33;0
627;244;;786;101;52;0
628;244;;5632;98;71;0
629;245;;6098;116;18;0
630;245;;6108;116;84;0
631;245;de penal;3258;117;90;0
632;246;;1500;121;35;0
633;246;;1523;121;38;0
634;246;;1621;121;59;0
635;248;;3561;126;63;0
636;249;;1621;121;10;0
637;249;;6108;116;53;0
638;249;;6108;116;68;0
639;250;;4098;111;45;0
640;250;;8303;100;55;0
641;251;;192;109;3;0
642;251;;142;109;68;0
643;251;;65;109;74;0
644;251;;142;109;89;0
645;252;;3561;126;83;0
646;253;;6125;116;18;0
647;253;;8303;100;41;0
648;253;;6108;116;70;0
649;253;;6098;116;73;0
650;253;;8387;100;90;0
651;254;;3496;126;73;0
652;255;;192;109;19;0
653;255;;8272;100;28;0
654;255;;8303;100;51;0
655;255;;124;109;56;0
656;255;;134;109;82;0
657;256;;3411;126;116;1
658;257;;162;129;6;0
659;257;;2671;130;12;0
660;257;;142;129;17;0
661;257;;142;129;61;0
662;257;;2671;130;73;0
663;257;;66;129;87;0
664;258;;2965;131;24;0
665;258;;2918;131;80;0
666;259;;6264;133;3;0
667;261;;589;137;24;0
668;261;;765;137;38;0
669;261;;2539;138;82;0
670;262;;6098;139;18;0
671;263;;5544;143;28;0
672;263;;4712;142;36;0
673;263;;5544;143;76;0
674;263;;5779;143;79;0
675;264;;6699;144;4;1
676;265;;5176;147;40;0
677;265;;5099;147;83;0
678;266;;6834;148;5;0
679;266;;6897;148;36;0
680;266;;6897;148;76;0
681;267;;5323;152;26;0
682;267;;822;149;84;0
683;267;;822;149;89;0
684;267;;811;149;90;0
685;268;;1513;150;44;0
686;270;;8017;156;31;0
687;270;;2457;153;54;0
688;270;;2345;153;72;0
689;271;;3319;158;13;0
690;271;;3561;158;17;0
691;271;;3546;158;81;0
692;271;de penal;3561;158;48;0
693;272;;8110;159;23;0
694;272;;364;157;57;0
695;272;;361;157;84;0
696;272;;8107;159;90;0
697;273;;198;129;90;0
698;274;;2965;131;8;0
699;274;;2918;131;54;0
700;274;;2936;131;90;0
701;275;;4492;133;83;1
702;275;;4519;133;90;0
703;276;;7721;135;89;0
704;277;;745;137;6;0
705;277;;569;137;31;0
706;277;;745;137;41;0
707;277;;589;137;78;0
708;277;;786;137;84;0
709;277;;682;137;88;0
710;278;;6145;139;23;0
711;278;;6144;139;27;0
712;278;;2552;138;38;0
713;280;;6634;144;63;0
714;280;de penal;6721;144;80;0
715;281;;5090;147;22;0
716;281;;5235;145;27;0
717;282;;4084;146;2;0
718;282;;4098;146;82;0
719;283;;1345;150;49;0
720;283;;1459;150;90;0
721;285;;3863;154;9;0
722;285;;2496;153;81;0
723;286;;7863;155;16;0
724;286;;7817;155;88;1
725;287;;8139;159;8;0
726;287;;3504;158;71;0
727;287;;3546;158;76;0
728;287;de penal;3546;158;90;0
729;288;;8219;160;4;0
730;288;;8217;160;36;0
731;288;;8221;160;46;0
732;288;;8212;160;84;0
733;289;;142;129;4;0
734;289;;142;129;44;0
735;289;;214;129;57;0
736;290;;2612;130;25;0
737;290;;6449;132;33;0
738;290;;6449;132;66;0
739;291;;4487;133;34;0
740;291;;7599;135;51;0
741;291;;4519;133;85;0
742;291;;7707;135;90;0
743;292;;8043;134;25;0
744;292;;6249;134;86;0
745;294;;7532;140;10;0
746;294;;7355;140;20;0
747;294;;2534;138;67;0
748;294;de penal;2534;138;37;0
749;294;de penal;2548;138;86;0
750;295;;6676;144;6;0
751;295;;5598;143;29;0
752;295;de penal;6731;144;24;0
753;296;;323;141;60;0
754;296;;4688;142;75;0
755;297;;5129;147;26;0
756;297;;5102;147;87;0
757;298;;4082;146;22;0
758;298;;3619;145;43;0
759;298;de penal;4068;146;45;0
760;299;;5356;152;34;0
761;299;;1629;150;45;0
762;299;;1507;150;53;0
763;299;;1468;150;59;0
764;299;;1629;150;81;0
765;300;;2748;151;2;0
766;300;;2707;151;56;0
767;300;;855;149;79;0
768;300;de penal;874;149;38;0
769;301;;3994;154;55;0
770;301;;3863;154;61;0
771;302;;7958;155;23;0
772;302;;7863;155;77;0
773;303;;3424;158;36;0
774;304;de penal;8221;160;70;0
775;305;;214;129;4;0
776;305;;214;129;12;0
777;306;;5656;143;6;0
778;306;;589;137;10;0
779;306;;745;137;98;1
780;307;;4452;133;60;0
781;308;;6676;144;23;0
782;309;de penal;5222;147;90;0
783;311;;1629;150;5;0
784;311;;1345;150;45;0
785;311;;1672;150;84;0
786;312;;3947;154;41;0
787;312;;3994;154;83;0
788;312;;4001;154;90;0
789;312;de penal;3561;158;28;0
790;313;;533;137;49;0
791;313;;142;129;80;0
792;314;;5237;147;6;0
793;314;;5220;147;59;0
794;314;;5220;147;69;0
795;316;;3863;154;57;0
796;317;;5095;147;119;1
797;317;;5052;147;121;1
798;318;de penal;4001;154;33;0
799;319;;246;129;56;0
800;319;;6711;129;60;1
801;319;;246;129;78;0
802;319;;6693;144;88;0
803;320;;5129;147;19;0
804;320;de penal;4001;154;7;0
805;321;;7253;163;30;0
806;322;;1873;179;39;0
807;322;;4823;180;52;0
808;323;;2889;161;45;0
809;323;;8410;164;47;0
810;323;;2889;161;83;0
811;324;;142;177;20;0
812;324;;142;177;25;0
813;324;;13;177;40;0
814;324;;122;177;45;0
815;324;;142;177;70;0
816;324;;167;177;73;0
817;324;;24;177;84;0
818;324;;239;177;90;0
819;325;;4472;182;24;0
820;325;;7598;184;59;0
821;326;;6318;167;39;0
822;326;;6205;167;55;0
823;326;;7570;168;63;0
824;326;de penal;7547;168;90;0
825;327;;545;181;63;0
826;328;;3504;166;44;0
827;328;;3556;166;74;0
828;328;;3268;165;82;0
829;328;de penal;3408;166;87;0
830;329;de penal;5538;188;60;0
831;330;;8201;172;45;0
832;330;;1629;169;50;0
833;330;;1629;169;49;0
834;330;de penal;1614;169;87;0
835;331;;5230;187;7;0
836;331;;5230;187;27;0
837;332;;2612;171;61;0
838;332;;2674;171;65;0
839;333;;1256;189;57;0
840;333;;5354;190;59;0
841;333;;5282;190;67;0
842;333;;1215;189;75;1
843;334;;2398;173;26;0
844;334;;2516;173;53;0
845;335;;7211;191;59;0
846;335;de penal;7115;191;64;0
847;336;;3692;174;4;0
848;336;;6666;174;29;0
849;336;;3679;174;36;0
850;336;;6615;176;39;1
851;336;;3575;176;71;0
852;337;;142;177;19;0
853;337;;4827;180;90;0
854;339;;1835;179;66;1
855;340;;7247;163;52;0
856;340;de penal;2889;161;16;0
857;341;;5786;183;27;0
858;341;;7707;184;35;0
859;341;de penal;7707;184;63;0
860;342;;3496;167;10;0
861;342;;3466;166;53;0
862;342;;3466;166;69;0
863;342;de penal;3408;166;83;0
864;343;de penal;4452;182;44;0
865;344;;7579;168;4;1
866;345;;5230;187;55;0
867;345;;2726;185;73;0
868;345;;2738;185;76;0
869;346;;1618;169;15;0
870;346;;1614;169;32;0
871;346;;1629;169;55;0
872;346;de penal;1628;169;45;0
873;347;;2918;186;5;0
874;347;;5541;188;28;1
875;347;;5759;188;57;0
876;348;;8169;172;56;0
877;348;;2646;171;86;0
878;349;;5282;190;51;0
879;350;;3678;174;24;0
880;350;;2345;173;78;0
881;351;;1256;189;13;0
882;351;;8077;192;17;0
883;352;;6699;176;14;1
884;352;;6699;176;65;1
885;352;;6699;176;77;1
886;352;;6723;176;88;0
887;353;;2874;161;22;0
888;353;;2889;161;67;0
889;354;;7253;163;26;0
890;354;;7253;163;38;0
891;354;;8363;164;46;0
892;354;;8303;164;69;0
893;354;de penal;7257;163;20;0
894;354;de penal;8399;164;88;0
895;355;;27;177;50;0
896;355;;142;177;79;0
897;356;;4827;180;7;0
898;356;;4811;180;61;0
899;356;;4818;180;87;0
900;357;;7784;184;59;0
901;357;;589;181;88;0
902;359;;3504;166;4;0
903;359;;7563;168;31;0
904;359;;3456;166;45;1
905;359;;7586;168;53;0
906;359;;3504;166;56;0
907;360;;3261;165;45;0
908;360;;6249;167;65;0
909;360;;5552;167;73;0
910;360;;6249;167;84;0
911;361;;1629;169;10;0
912;361;;1629;169;13;0
913;361;;1437;169;38;0
914;361;;2671;171;39;0
915;361;;2612;171;56;0
916;361;;1614;169;62;0
917;361;;1508;169;64;0
918;362;;8201;172;6;0
919;362;;8187;172;9;0
920;362;;8176;172;85;0
921;363;;5541;188;34;1
922;363;;5052;187;85;0
923;364;;2941;186;48;0
924;365;;5316;190;48;0
925;365;;5325;190;75;1
926;366;;1253;189;7;0
927;366;;7060;191;52;0
928;366;;1196;189;78;0
929;366;;1256;189;82;0
930;366;;7208;191;88;0
931;367;;2496;173;70;0
932;368;;6546;175;3;0
933;368;;6513;175;5;0
934;368;;6594;175;66;0
935;368;;3625;174;83;0
936;369;;198;177;88;0
937;370;;4507;182;5;0
938;370;;4595;182;22;0
939;370;;4529;182;44;0
940;371;;7707;184;11;0
941;371;;7235;163;37;0
942;371;;7235;163;14;0
943;372;;3466;166;8;0
944;372;de penal;4827;180;90;0
945;373;;3679;174;8;0
946;373;;3625;174;65;0
947;374;;1614;169;67;0
948;374;;1629;169;87;0
949;375;;8176;172;12;0
950;376;;5230;187;18;0
951;376;;2505;173;88;0
952;376;;2345;173;117;1
953;377;;4595;182;23;0
954;377;;1614;169;45;0
955;377;;1628;169;50;0
956;378;;13;177;39;0
957;380;;8189;172;4;0
958;381;;13;177;75;0
959;383;;8204;172;1;0
960;383;;2460;173;9;0
961;383;;8189;172;13;0
962;383;;8189;172;32;0
963;383;;2510;173;90;0
964;384;;1629;169;67;0
965;384;;1629;169;79;0
966;385;;1403;193;5;0
967;385;;3111;193;74;0
968;385;de penal;3124;194;38;0
969;386;;5450;195;37;0
970;386;;5432;196;45;0
971;386;;5465;195;60;0
972;386;;5894;196;61;0
973;387;;1892;198;77;0
974;387;;996;197;90;0
975;388;;5230;200;11;0
976;388;;2135;199;45;0
977;388;;2135;199;48;0
978;388;de penal;4976;200;84;0
979;389;;2873;202;69;0
980;390;;3834;203;36;0
981;390;;7550;203;77;0
982;390;;3863;203;90;0
983;393;;2385;210;27;0
984;393;;5696;211;50;0
985;393;;5633;211;75;0
986;393;;5633;211;84;0
987;394;;3408;206;21;0
988;394;;5782;207;24;0
989;394;;3504;206;47;0
990;394;;3571;207;73;1
991;394;;5860;207;78;0
992;395;;2749;222;27;0
993;395;;5249;223;45;0
994;395;;2735;222;53;0
995;395;;2755;222;69;0
996;396;;7416;216;73;0
997;397;;545;221;28;0
998;398;;185;213;10;0
999;398;;140;213;67;0
1000;399;;6978;219;45;0
1001;400;;4626;218;42;0
1002;400;;4621;218;89;0
1003;401;;5897;196;46;0
1004;401;;3117;194;66;0
1005;402;;1629;193;9;0
1006;402;;1614;193;45;0
1007;402;;1374;193;50;1
1008;403;;2135;199;70;0
1009;403;;1029;197;90;0
1010;404;;5055;200;7;0
1011;404;;5230;200;75;0
1012;404;;5230;200;89;0
1013;405;;3863;203;37;0
1014;405;;3983;203;68;1
1015;405;;3863;203;78;0
1016;405;;3900;203;85;0
1017;406;;2861;202;12;0
1018;406;;7563;204;51;0
1019;407;;5828;207;28;0
1020;409;;6004;212;37;0
1021;409;;6085;212;41;0
1022;409;;5989;212;71;0
1023;409;;6138;212;78;0
1024;409;;6009;212;83;0
1025;410;;1256;209;42;0
1026;410;;1256;209;47;0
1027;410;;5538;211;62;0
1028;410;de penal;5607;211;55;0
1029;411;;2755;222;77;0
1030;412;;701;221;31;0
1031;412;;701;221;55;0
1032;412;;545;221;73;0
1033;412;;545;221;78;0
1034;412;de penal;545;221;83;0
1035;413;;7417;216;13;0
1036;413;;7502;216;52;0
1037;413;;7416;213;72;0
1038;413;;24;213;78;0
1039;414;;4704;215;41;0
1040;414;;4742;215;83;0
1041;414;;3679;214;87;0
1042;415;;2272;217;82;0
1043;416;;6996;219;46;0
1044;416;;4595;218;81;0
1045;416;;7009;219;90;1
1046;417;;5230;200;48;0
1047;417;;4976;200;90;0
1048;417;de penal;949;197;90;0
1049;418;;5411;195;23;0
1050;418;;5465;195;46;0
1051;418;;5411;195;85;0
1052;419;;1374;193;78;1
1053;419;;5899;196;83;0
1054;419;de penal;5928;196;89;0
1055;420;;2140;199;20;0
1056;420;;1873;198;56;0
1057;421;;3442;206;18;0
1058;421;;3466;206;55;0
1059;421;;1733;205;58;0
1060;421;;3466;206;81;0
1061;421;;1689;206;88;0
1062;421;;3428;206;90;0
1063;421;de penal;3408;206;6;0
1064;422;;3931;203;56;1
1065;422;de penal;3831;203;12;0
1066;422;de penal;2844;202;42;0
1067;423;;6210;208;1;0
1068;423;;5865;207;11;0
1069;423;;6218;208;58;0
1070;423;;6240;208;86;0
1071;424;;7539;204;18;1
1072;424;de penal;361;201;45;0
1073;424;de penal;380;201;74;0
1074;424;de penal;7539;204;90;0
1075;425;;1166;209;7;0
1076;425;;2516;210;72;0
1077;426;;6004;212;4;0
1078;426;;6009;212;18;0
1079;426;;5696;211;75;0
1080;426;;5633;211;90;0
1081;427;;24;213;50;0
1082;427;;140;213;57;0
1083;428;;7383;216;3;0
1084;429;;6996;219;71;0
1085;429;de penal;8154;220;12;0
1086;430;;4435;218;20;0
1087;430;;4452;218;29;0
1088;431;;5262;223;39;0
1089;431;;5262;223;54;0
1090;431;;5327;224;74;0
1091;432;;730;221;36;0
1092;433;;1403;193;11;0
1093;433;;1403;193;27;0
1094;433;;2135;199;68;0
1095;433;;1629;193;70;0
1096;433;de penal;1629;193;45;0
1097;434;;5230;200;18;0
1098;435;;2857;202;3;1
1099;435;;2843;202;12;0
1100;435;;2876;202;60;0
1101;435;;2820;202;76;0
1102;435;;5799;207;78;0
1103;436;;3774;203;113;1
1104;437;;5633;211;47;0
1105;437;;140;213;75;0
1106;437;;24;213;86;0
1107;438;;5989;212;38;0
1108;438;;7383;216;48;0
1109;438;;6006;212;90;0
1110;439;;4595;218;16;0
1111;439;;807;221;45;1
1112;439;de penal;545;221;6;0
1113;439;de penal;4626;218;10;0
1114;440;de penal;2755;222;45;0
1115;442;;2830;202;2;0
1116;442;;1374;193;11;1
1117;442;;1614;193;27;0
1118;442;;2843;202;50;0
1119;442;;1614;193;60;0
1120;443;;2698;222;45;0
1121;443;;2762;222;80;0
1122;443;;2755;222;85;0
1123;444;;6056;212;12;0
1124;444;;663;221;17;0
1125;444;;5989;212;89;0
1126;445;;1629;193;46;0
1127;445;;6056;212;87;0
1128;446;;2755;222;46;0
1129;446;;3977;203;47;0
1130;446;;3977;203;69;0
1131;447;;2735;222;13;0
1132;447;;6168;212;21;0
1133;447;;2755;222;35;0
1134;448;;4001;203;27;0
1135;448;;4001;203;45;0
1136;448;;3931;203;90;1
1137;449;;140;233;61;0
1138;450;;3426;236;51;0
1139;450;;3396;236;55;1
1140;450;;2392;235;85;0
1141;450;;2504;235;90;0
1142;451;;7827;228;39;0
1143;451;;3741;226;44;0
1144;452;;4824;241;11;0
1145;453;;7019;227;15;0
1146;453;;6977;227;34;0
1147;453;;2291;225;43;0
1148;453;;7019;227;89;0
1149;454;;1090;246;11;0
1150;455;;5928;244;84;1
1151;456;;7720;232;8;0
1152;456;;1829;230;31;0
1153;456;;1902;230;47;0
1154;456;;7638;232;75;0
1155;457;;1625;229;26;0
1156;457;de penal;1600;229;52;0
1157;458;;411;245;18;0
1158;458;;6052;248;50;0
1159;458;;6114;248;86;0
1160;459;;545;237;2;0
1161;459;;545;237;44;0
1162;459;;671;237;60;0
1163;459;de penal;545;237;90;0
1164;460;;3396;236;14;1
1165;460;;140;233;48;0
1166;461;;5881;240;21;0
1167;461;;5794;240;43;0
1168;461;;5795;240;55;0
1169;462;;7976;228;16;0
1170;462;;6977;227;35;0
1171;462;;7836;228;52;0
1172;462;;7900;228;65;0
1173;462;;7900;228;72;0
1174;463;;2226;226;35;0
1175;463;;3722;226;52;0
1176;463;;2291;225;90;0
1177;464;;4975;242;69;0
1178;466;;3391;243;42;0
1179;466;;3391;243;65;0
1180;466;;4808;241;84;0
1181;467;;1625;229;39;0
1182;467;;1537;229;66;0
1183;467;;1374;229;73;1
1184;468;;7638;232;59;0
1185;468;;7638;232;81;0
1186;468;de penal;7185;231;4;0
1187;468;de penal;7633;232;37;0
1188;469;;1042;246;65;0
1189;470;;5429;247;26;0
1190;470;;411;245;45;0
1191;470;de penal;361;245;7;0
1192;471;;5870;240;8;0
1193;471;;572;237;21;0
1194;471;;572;237;28;0
1195;472;;1741;238;65;1
1196;472;;1692;238;90;0
1197;472;de penal;1774;238;5;0
1198;472;de penal;1774;238;55;0
1199;473;;7009;227;18;1
1200;474;;2233;225;44;0
1201;474;;2251;225;90;0
1202;475;;3346;236;66;0
1203;475;;1307;234;67;0
1204;475;;3346;236;70;0
1205;475;de penal;3403;236;19;0
1206;476;;140;233;12;0
1207;476;;226;233;20;0
1208;476;;140;233;37;0
1209;476;;2398;235;52;0
1210;476;;2392;235;63;0
1211;478;;5128;242;48;0
1212;478;;5536;243;57;0
1213;479;;7185;231;15;0
1214;479;;7185;231;41;0
1215;479;;1877;230;46;0
1216;479;;7185;231;72;0
1217;479;;7185;231;75;0
1218;479;;7179;231;81;0
1219;479;de penal;7185;231;44;0
1220;480;;7609;232;23;1
1221;480;;1625;229;46;0
1222;481;;5989;248;43;0
1223;481;;5488;247;47;0
1224;481;;6099;248;77;0
1225;482;;369;245;5;0
1226;483;;5821;240;45;0
1227;483;;5794;240;90;0
1228;484;;1774;238;61;0
1229;484;;1771;238;90;0
1230;485;;272;233;6;0
1231;485;;1126;246;8;0
1232;485;;140;233;11;0
1233;485;;272;233;40;0
1234;485;;1042;246;90;0
1235;486;;3408;236;15;0
1236;486;;3442;236;74;0
1237;486;de penal;3338;236;86;0
1238;487;;7638;232;6;0
1239;487;;7609;232;51;1
1240;487;;356;245;85;0
1241;487;;7609;232;88;1
1242;488;;6969;227;11;0
1243;488;;6969;227;18;0
1244;488;;6977;227;58;0
1245;488;;536;237;75;0
1246;488;de penal;545;237;16;0
1247;489;;5989;248;11;0
1248;489;;6052;248;41;0
1249;490;;1374;229;72;1
1250;491;;5795;240;25;0
1251;491;;4976;242;89;0
1252;491;de penal;4976;242;100;1
1253;492;;1774;238;6;0
1254;492;de penal;5607;243;18;0
1255;493;;4975;242;25;0
1256;493;;3346;236;58;0
1257;493;;4976;242;87;0
1258;494;;1625;229;53;0
1259;494;;1374;229;63;1
1260;494;;5989;248;64;0
1261;494;;6164;248;76;0
1262;494;;1382;229;81;0
1263;495;;1774;238;75;0
1264;495;;1741;238;78;1
1265;495;de penal;178;233;47;0
1266;496;;7633;232;78;0
1267;496;;7019;227;88;0
1268;496;;7019;227;101;1
1269;496;;7609;232;115;1
1270;497;;4976;242;20;0
1271;497;;4976;242;25;0
1272;497;de penal;1774;238;44;0
1273;498;;1625;229;80;0
1274;499;;7633;232;8;0
1275;499;;7731;232;30;0
1276;499;;7707;232;37;0
1277;499;;7609;232;40;1
1278;501;;1902;254;67;0
1279;502;;6984;255;41;0
1280;502;de penal;6984;255;55;0
1281;503;;5201;252;78;0
1282;504;;2276;262;50;0
1283;504;;2289;262;85;0
1284;505;;6909;250;26;0
1285;505;;6803;250;50;0
1286;505;;3600;251;60;0
1287;505;;6909;250;78;0
1288;505;;6855;250;90;0
1289;505;de penal;6773;250;40;0
1290;506;;1392;257;40;0
1291;506;;1392;257;63;0
1292;506;;7633;260;79;0
1293;507;;178;261;28;0
1294;507;;140;261;39;0
1295;507;;7373;264;55;0
1296;507;;178;261;64;0
1297;507;;272;261;70;0
1298;508;;2590;258;49;0
1299;509;;4562;270;9;0
1300;509;;4850;271;73;0
1301;510;;1090;265;53;0
1302;510;;1098;265;64;0
1303;511;;6054;272;58;0
1304;511;de penal;2976;269;83;0
1305;513;;789;253;27;0
1306;513;;564;253;79;0
1307;514;;7373;264;75;0
1308;515;;5089;252;11;0
1309;516;;1877;254;76;0
1310;516;;1877;254;86;0
1311;516;;6937;255;88;0
1312;517;de penal;6773;250;31;0
1313;518;;272;261;35;0
1314;518;;140;261;37;0
1315;518;;3091;263;46;0
1316;518;;178;261;47;0
1317;518;;19;261;58;0
1318;518;;272;261;75;0
1319;519;;1560;257;33;0
1320;520;;3192;259;11;0
1321;520;;7781;260;86;0
1322;520;de penal;3170;259;81;0
1323;523;;1077;265;15;0
1324;523;;1189;265;24;0
1325;523;;1070;265;47;0
1326;523;;8248;268;73;0
1327;524;;3457;267;23;0
1328;524;;2394;266;43;0
1329;524;;3457;267;61;0
1330;524;;3457;267;81;0
1331;525;;689;253;62;0
1332;525;;6937;255;68;0
1333;526;;7177;256;20;0
1334;526;;7231;256;29;0
1335;526;;7227;256;52;0
1336;526;;7085;256;63;0
1337;527;;168;261;88;0
1338;527;;2278;262;90;0
1339;528;;7508;264;5;1
1340;528;;7448;264;9;0
1341;528;;3089;263;22;0
1342;528;;7448;264;46;0
1343;528;;2735;264;90;0
1344;529;;5201;252;9;0
1345;529;;4976;252;78;0
1346;530;;986;249;49;0
1347;530;;1005;249;63;0
1348;530;;3689;251;83;0
1349;531;;1560;257;81;0
1350;532;;7645;260;32;0
1351;532;;2605;258;75;0
1352;532;;2634;258;87;0
