id_partido;id_jugador;detalle
107;26;suspendido
243;41;lesionado
182;116;lesionado
192;134;lesionado
231;142;suspendido
255;162;lesionado
254;192;suspendido
186;194;lesionado
189;194;lesionado
192;194;lesionado
255;284;lesionado
215;468;suspendido
190;602;lesionado
228;641;suspendido
525;736;lesionado
188;747;suspendido
163;822;suspendido
216;822;suspendido
163;837;lesionado
216;841;lesionado
232;841;lesionado
232;855;suspendido
232;874;suspendido
184;1101;suspendido
175;1142;lesionado
125;1155;suspendido
184;1229;lesionado
188;1229;lesionado
175;1242;lesionado
122;1399;suspendido
105;1410;lesionado
122;1410;lesionado
105;1429;lesionado
117;1429;lesionado
237;1441;lesionado
246;1441;lesionado
249;1441;lesionado
246;1450;lesionado
246;1502;lesionado
237;1513;suspendido
185;1527;suspendido
189;1564;lesionado
191;1564;lesionado
249;1601;suspendido
189;1638;suspendido
161;1808;lesionado
236;1831;lesionado
236;1864;lesionado
161;1912;suspendido
236;1912;lesionado
239;2023;suspendido
246;2046;suspendido
239;2050;suspendido
246;2083;suspendido
246;2109;suspendido
112;2197;lesionado
165;2207;lesionado
120;2211;lesionado
120;2279;lesionado
206;2300;lesionado
206;2316;lesionado
206;2318;lesionado
206;2320;suspendido
206;2336;lesionado
205;2529;lesionado
238;2532;lesionado
166;2569;suspendido
187;2604;suspendido
187;2636;lesionado
104;2705;lesionado
116;2705;lesionado
123;2705;lesionado
126;2705;lesionado
128;2705;lesionado
235;2835;suspendido
101;2894;suspendido
245;3257;suspendido
229;3295;lesionado
173;3577;lesionado
230;3634;suspendido
226;3750;lesionado
170;3785;suspendido
210;3791;lesionado
226;3791;lesionado
121;3916;suspendido
226;3981;suspendido
250;4073;suspendido
174;4076;lesionado
250;4096;suspendido
174;4098;suspendido
216;4122;lesionado
231;4122;lesionado
242;4122;lesionado
166;4148;suspendido
211;4168;lesionado
228;4168;lesionado
207;4250;lesionado
168;4442;lesionado
229;4473;suspendido
120;4494;lesionado
215;4553;lesionado
229;4553;lesionado
168;4597;lesionado
220;5002;lesionado
167;5048;lesionado
203;5176;lesionado
225;5641;suspendido
117;5672;suspendido
179;5769;suspendido
225;5771;lesionado
181;5800;lesionado
227;5831;suspendido
204;5963;suspendido
220;5963;suspendido
187;6016;lesionado
191;6016;lesionado
253;6016;suspendido
187;6029;lesionado
190;6029;lesionado
191;6029;lesionado
249;6073;lesionado
191;6108;lesionado
253;6132;suspendido
164;6145;suspendido
110;6169;suspendido
110;6175;suspendido
110;6178;lesionado
247;6232;suspendido
219;6319;lesionado
102;6370;lesionado
174;6604;lesionado
174;6605;lesionado
222;6609;lesionado
237;6609;lesionado
248;6609;lesionado
174;6623;lesionado
222;6634;lesionado
237;6634;lesionado
248;6637;lesionado
174;6712;lesionado
115;7203;suspendido
213;7404;suspendido
226;7544;suspendido
226;7556;suspendido
119;7710;suspendido
124;7724;suspendido
208;7819;lesionado
240;7819;suspendido
208;7863;lesionado
183;7872;lesionado
119;7910;suspendido
119;7952;suspendido
223;7958;lesionado
240;7958;lesionado
169;7983;lesionado
183;7983;lesionado
106;8002;lesionado
110;8062;lesionado
110;8070;lesionado
110;8078;lesionado
110;8104;lesionado
121;8272;lesionado
253;8306;suspendido
225;8314;lesionado
209;8338;suspendido
253;8338;lesionado
255;8338;lesionado
178;8441;suspendido
253;8441;suspendido
