id_partido;id_jugador
485;3
255;7
507;9
518;9
527;9
199;12
213;12
192;13
273;13
289;13
317;13
324;13
337;13
355;13
369;13
378;13
381;13
507;15
507;19
518;19
527;19
485;21
254;23
381;23
449;23
485;23
495;23
507;23
518;23
527;23
378;24
413;24
427;24
443;24
507;25
141;26
157;26
173;26
182;26
186;26
189;26
192;26
231;26
243;26
251;26
254;26
255;26
369;27
381;27
384;27
257;30
317;30
254;32
381;32
449;32
507;32
518;32
485;36
381;37
485;37
495;37
507;37
518;37
527;37
485;39
255;40
231;41
255;41
507;42
485;43
485;45
507;51
254;53
381;53
449;53
507;56
192;65
199;65
213;65
231;65
243;65
251;65
254;65
255;65
257;65
273;65
289;65
317;65
141;66
192;66
257;66
273;66
289;66
324;66
337;66
355;66
369;66
378;66
381;66
384;66
107;76
141;77
157;77
182;77
485;79
254;83
378;83
381;83
427;83
443;83
449;83
485;83
495;83
507;83
518;83
527;83
324;86
337;86
355;86
378;86
381;86
384;86
413;86
443;86
485;89
107;91
485;92
378;93
413;93
427;93
443;93
427;95
485;95
495;95
507;97
507;100
507;110
485;112
141;114
157;114
173;114
182;114
186;114
189;114
192;114
107;116
141;116
157;116
173;116
186;116
189;116
192;116
289;117
254;118
381;118
449;118
485;118
495;118
507;118
518;118
527;118
485;120
324;122
337;122
355;122
485;123
141;124
255;124
369;125
378;125
384;125
413;125
443;125
507;126
141;127
324;127
337;127
355;127
369;127
378;127
381;127
384;127
141;131
317;131
378;131
507;133
107;134
141;134
157;134
186;134
189;134
199;134
213;134
231;134
243;134
251;134
254;134
255;134
107;136
254;140
378;140
381;140
413;140
427;140
443;140
449;140
485;140
495;140
507;140
518;140
527;140
507;141
141;142
186;142
189;142
192;142
199;142
213;142
243;142
251;142
254;142
257;142
273;142
289;142
317;142
324;142
337;142
355;142
369;142
378;142
381;142
384;142
485;144
378;145
413;145
427;145
443;145
254;146
378;146
381;146
413;146
427;146
443;146
449;146
485;146
495;146
507;147
192;151
485;154
107;155
141;155
157;155
173;155
182;155
186;155
189;155
192;155
507;156
507;160
507;161
141;162
157;162
173;162
182;162
186;162
189;162
192;162
199;162
213;162
231;162
243;162
251;162
254;162
257;162
273;162
289;162
317;162
192;163
257;163
273;163
289;163
317;163
485;164
507;166
324;167
337;167
355;167
369;167
378;167
381;167
384;167
507;173
254;178
381;178
427;178
443;178
449;178
485;178
495;178
507;178
518;178
527;178
507;179
141;180
157;180
173;180
182;180
192;180
199;180
213;180
231;180
243;180
251;180
254;180
255;180
257;180
273;180
289;180
317;180
141;181
192;181
257;181
273;181
317;181
324;181
337;181
355;181
369;181
378;181
381;181
384;181
507;182
254;185
378;185
413;185
449;185
495;185
507;186
485;191
141;192
157;192
173;192
182;192
186;192
189;192
192;192
199;192
213;192
231;192
243;192
251;192
255;192
182;194
107;196
141;196
157;196
173;196
182;196
186;196
189;196
192;196
199;196
213;196
231;196
243;196
251;196
254;196
369;198
378;198
381;198
384;198
485;200
141;202
507;203
107;206
141;206
157;206
173;206
182;206
186;206
189;206
192;206
199;206
213;206
231;206
243;206
251;206
254;206
255;206
507;210
507;211
527;212
141;214
173;214
192;214
199;214
213;214
231;214
243;214
251;214
254;214
257;214
273;214
289;214
317;214
507;215
417;216
507;217
324;219
337;219
355;219
381;219
384;219
369;221
107;223
378;224
507;224
518;224
527;224
381;226
449;226
254;232
381;232
449;232
485;232
507;234
507;235
507;238
141;239
192;239
257;239
273;239
289;239
317;239
324;239
337;239
355;239
369;239
378;239
381;239
384;239
507;240
485;244
141;246
173;246
182;246
186;246
189;246
192;246
199;246
213;246
231;246
243;246
251;246
254;246
255;246
257;246
273;246
289;246
507;247
485;249
507;254
485;255
417;258
254;259
507;260
107;261
485;262
507;263
427;264
443;264
378;267
413;267
427;267
254;270
507;271
485;272
495;272
507;272
518;272
527;272
417;275
485;276
495;276
507;277
507;278
107;282
507;283
378;287
413;287
427;287
443;287
324;291
337;291
355;291
378;291
413;291
485;293
264;317
279;317
296;317
264;318
279;318
264;320
279;320
296;320
264;322
279;322
296;322
264;324
279;324
296;324
264;325
279;325
296;325
264;326
279;326
296;326
264;329
279;329
296;329
264;335
279;335
296;335
264;336
279;336
296;336
296;337
264;339
279;339
296;339
458;340
470;340
482;340
487;340
458;342
482;342
470;344
458;346
470;346
482;346
487;346
324;349
339;349
356;349
389;349
405;349
424;349
458;349
470;349
482;349
487;349
458;350
272;352
288;352
303;352
324;352
339;353
324;354
356;354
389;354
405;354
424;354
272;355
288;355
303;358
303;361
324;361
389;361
405;361
424;361
470;361
487;361
339;362
356;362
389;362
405;362
424;362
272;364
288;364
389;365
405;365
458;365
470;365
482;365
487;365
424;366
272;367
288;367
303;367
389;368
458;368
470;368
389;369
405;369
458;369
470;369
482;369
487;369
324;373
339;373
339;374
356;374
389;374
405;374
339;376
356;376
272;377
288;377
303;377
324;377
339;377
356;377
389;377
405;377
424;377
272;379
324;379
339;379
356;379
424;379
424;380
324;381
356;381
288;410
389;411
405;411
424;411
458;411
470;411
487;411
272;414
288;414
303;414
482;417
487;417
458;422
470;422
482;422
272;424
288;424
303;424
303;425
339;425
356;425
458;427
470;427
482;427
487;427
272;430
288;430
303;430
324;430
405;432
424;432
482;432
487;432
272;435
288;435
303;435
324;435
339;435
356;435
272;436
288;436
303;436
324;437
339;437
356;437
389;437
405;437
424;437
482;437
487;437
198;441
215;441
230;441
176;442
182;442
143;450
160;450
176;450
215;451
143;452
160;452
198;452
215;452
230;452
160;454
176;454
198;458
160;461
176;461
198;462
230;462
143;465
160;465
176;465
182;465
143;470
182;470
143;473
160;473
176;473
182;473
198;473
215;473
230;473
198;477
215;477
230;477
182;480
198;480
215;480
230;480
143;483
160;483
176;483
182;483
215;483
230;483
143;485
160;486
176;486
182;486
198;490
215;490
230;490
143;492
160;492
176;492
160;496
176;496
143;497
182;497
160;501
176;501
182;501
143;502
182;502
143;503
182;503
198;506
215;506
230;506
198;507
215;507
230;507
198;509
215;509
230;509
192;511
261;511
277;511
103;515
139;515
155;515
228;515
357;516
357;517
343;520
357;520
397;520
412;520
188;527
103;528
114;528
183;529
357;531
192;533
261;533
277;533
343;533
397;533
412;533
195;536
459;536
484;536
488;536
501;536
103;539
114;539
188;542
488;543
501;543
513;543
525;543
188;544
212;544
343;544
484;544
501;544
513;544
525;544
195;545
343;545
357;545
397;545
412;545
459;545
484;545
488;545
484;547
357;548
188;550
188;551
192;551
228;554
484;557
188;561
212;561
343;561
484;561
228;562
251;562
261;562
277;562
188;564
212;564
343;564
484;564
501;564
513;564
525;564
195;566
459;566
484;566
488;566
183;568
261;569
139;570
195;572
459;572
484;572
513;572
525;572
195;577
343;577
357;577
195;580
343;580
357;580
412;580
459;580
484;580
488;580
357;582
212;584
192;585
192;589
261;589
277;589
188;592
343;592
484;592
357;595
281;599
417;599
493;599
529;599
188;600
192;600
195;600
212;600
228;600
251;600
103;602
114;602
139;602
155;602
183;602
188;602
195;602
212;602
251;602
484;603
188;604
188;608
343;608
501;611
484;612
103;616
139;616
155;616
183;616
183;618
188;619
357;622
103;623
155;623
183;623
357;624
188;626
188;627
103;629
139;629
155;629
183;629
188;629
192;629
212;631
484;631
188;633
212;633
343;633
484;633
183;636
343;637
192;638
277;638
525;639
357;640
195;641
212;641
192;643
195;643
212;643
251;643
261;643
277;643
103;646
155;646
183;646
188;646
192;646
195;646
212;646
251;646
357;650
195;652
459;652
484;652
488;652
357;653
188;654
183;659
188;659
192;659
357;662
195;663
343;663
357;663
397;663
412;663
357;666
501;667
188;671
195;671
212;671
343;671
459;671
484;671
501;671
513;671
525;671
183;676
484;676
183;677
103;678
114;678
139;678
155;678
183;678
188;678
192;678
195;678
212;678
251;678
261;678
277;678
103;681
114;681
103;682
114;682
139;682
155;682
183;682
188;682
192;682
195;682
212;682
228;682
251;682
228;684
281;687
417;687
493;687
529;687
513;689
525;689
484;693
357;694
188;695
343;695
513;695
525;695
188;697
183;698
195;701
343;701
357;701
397;701
412;701
488;701
103;703
114;703
228;703
251;703
484;705
484;706
212;713
188;714
114;718
357;720
103;722
114;722
192;722
357;724
183;725
195;731
343;731
195;732
343;732
357;732
188;736
212;736
343;736
484;736
501;736
513;736
183;738
195;739
459;739
484;739
488;739
192;740
261;740
277;740
343;741
397;741
412;741
228;742
484;744
139;745
192;745
212;745
228;745
251;745
261;745
277;745
103;747
114;747
139;747
155;747
183;747
192;747
183;748
484;748
103;750
139;750
155;750
183;750
188;750
192;750
195;750
212;750
228;750
251;750
484;752
357;753
188;754
195;754
212;754
343;754
459;754
484;754
488;754
501;754
484;757
484;758
195;760
212;760
343;760
357;760
484;761
261;765
277;765
195;769
397;769
412;769
459;769
488;769
501;769
513;770
525;770
195;772
343;772
397;772
412;772
459;772
484;772
488;772
501;773
513;773
525;773
183;774
192;775
195;775
261;775
277;775
343;775
357;775
103;781
114;781
188;784
192;786
195;786
212;786
251;786
513;789
525;789
357;791
188;794
212;794
343;794
484;794
195;800
228;800
343;800
397;800
412;800
343;802
397;802
357;803
103;806
139;806
155;806
183;806
188;806
192;806
195;807
343;807
357;807
397;807
412;807
232;816
102;817
163;819
132;820
148;820
216;820
232;820
267;820
309;820
132;822
148;822
199;822
232;822
283;822
300;822
309;822
216;824
232;824
199;825
267;825
283;825
300;825
309;825
199;827
216;827
232;827
267;827
283;827
300;827
309;827
132;830
148;830
163;830
199;835
216;835
232;835
267;835
283;835
300;835
132;837
199;839
199;841
267;841
283;841
300;841
309;841
216;845
102;848
132;848
148;848
163;848
102;850
300;852
232;854
216;855
267;855
300;855
102;857
102;861
132;861
148;861
163;861
148;868
163;868
148;870
163;870
102;873
132;873
199;874
216;874
267;874
283;874
300;874
309;874
102;875
199;877
216;877
232;877
267;877
283;877
300;877
309;877
132;878
148;878
163;878
283;881
102;885
102;886
102;891
132;891
148;891
163;891
102;892
199;894
216;894
232;894
267;894
283;894
309;894
132;897
148;897
163;897
283;898
300;898
309;898
163;899
199;904
216;904
232;904
267;906
283;906
300;906
309;906
132;910
148;910
163;910
199;911
216;911
232;911
267;911
309;911
417;915
517;915
530;915
417;917
530;917
517;918
417;922
417;923
387;926
403;926
417;927
403;928
387;932
403;932
417;932
417;934
403;938
517;942
517;943
417;945
403;946
387;949
417;949
517;949
530;949
417;950
403;952
417;953
517;955
417;956
417;957
417;960
517;963
517;964
517;966
403;968
417;968
387;970
403;970
417;970
403;973
417;973
403;974
417;975
417;976
387;977
403;977
417;977
417;978
517;978
530;978
417;979
387;980
403;980
417;980
403;984
417;984
517;985
417;986
530;986
417;987
517;987
530;987
403;990
417;990
387;991
403;991
417;991
517;991
530;991
387;992
403;992
417;992
417;995
387;996
403;996
417;996
517;996
530;996
517;998
403;999
417;999
417;1002
517;1005
530;1005
417;1006
517;1006
417;1007
403;1008
417;1008
417;1009
417;1011
517;1012
387;1013
403;1013
417;1013
517;1013
417;1016
417;1017
417;1018
517;1020
417;1022
417;1023
530;1023
417;1028
417;1029
417;1030
517;1032
417;1033
403;1034
387;1036
403;1036
417;1036
417;1039
517;1040
530;1040
469;1042
482;1042
485;1042
118;1043
122;1043
125;1043
127;1043
143;1043
159;1043
184;1043
188;1043
109;1044
125;1047
485;1047
188;1048
109;1049
392;1052
410;1052
482;1052
392;1053
410;1053
425;1053
469;1053
485;1055
109;1056
125;1057
125;1059
485;1060
410;1061
125;1062
125;1063
485;1063
118;1064
109;1065
125;1069
109;1070
188;1070
410;1070
523;1070
109;1071
122;1071
125;1071
127;1071
143;1071
188;1074
485;1075
392;1076
425;1076
109;1077
425;1077
523;1077
188;1078
109;1079
109;1080
118;1080
122;1080
125;1080
127;1080
143;1080
159;1080
175;1080
184;1080
188;1080
392;1081
188;1083
125;1084
159;1086
351;1086
118;1087
122;1087
125;1087
127;1087
143;1087
159;1087
184;1087
188;1087
109;1090
425;1090
469;1090
482;1090
523;1090
188;1093
122;1094
159;1094
333;1094
351;1094
485;1095
392;1096
410;1096
125;1097
109;1098
410;1098
425;1098
469;1098
482;1098
485;1098
523;1098
351;1100
410;1100
425;1100
175;1101
109;1103
125;1103
143;1103
175;1103
109;1104
188;1104
425;1104
523;1104
109;1105
410;1106
109;1113
425;1115
469;1115
485;1115
109;1118
122;1118
125;1118
159;1118
175;1118
184;1118
188;1118
125;1119
109;1121
188;1121
410;1121
425;1121
523;1121
109;1122
125;1123
122;1124
159;1124
333;1124
351;1124
485;1125
109;1126
188;1126
469;1126
485;1126
523;1126
118;1127
122;1127
125;1127
127;1127
143;1127
159;1127
184;1127
188;1127
109;1128
485;1129
125;1130
485;1131
109;1134
109;1136
125;1137
109;1139
175;1139
485;1141
118;1142
122;1142
125;1142
127;1142
143;1142
159;1142
184;1142
188;1142
485;1144
485;1145
175;1146
118;1147
122;1147
125;1147
127;1147
143;1147
159;1147
482;1150
109;1151
109;1153
118;1154
159;1154
175;1154
184;1154
118;1155
122;1155
127;1155
188;1157
175;1159
188;1159
122;1163
159;1163
125;1165
392;1166
410;1166
425;1166
485;1166
392;1168
410;1168
425;1168
184;1171
188;1171
485;1172
125;1173
485;1174
122;1176
159;1176
333;1176
125;1177
188;1178
410;1178
109;1183
425;1183
469;1183
482;1183
485;1183
523;1183
485;1185
188;1187
109;1189
188;1189
410;1189
425;1189
469;1189
482;1189
485;1189
523;1189
125;1191
485;1192
122;1193
333;1193
351;1193
125;1194
485;1194
482;1195
485;1195
392;1197
410;1197
425;1197
469;1197
482;1197
485;1197
351;1198
125;1199
109;1203
127;1203
125;1206
109;1207
122;1208
143;1208
159;1208
175;1208
184;1208
188;1208
333;1208
351;1208
109;1209
109;1213
392;1213
410;1213
425;1213
469;1213
482;1213
485;1213
523;1213
333;1215
351;1215
425;1218
485;1221
122;1222
159;1222
425;1222
333;1224
425;1228
175;1229
188;1230
410;1230
410;1232
122;1233
159;1233
333;1233
351;1233
188;1234
125;1235
485;1235
125;1236
188;1237
410;1237
122;1238
159;1238
333;1238
351;1238
109;1242
159;1242
109;1244
425;1244
523;1244
392;1245
485;1246
118;1247
122;1247
125;1247
127;1247
143;1247
175;1247
184;1247
188;1247
188;1248
188;1249
410;1250
425;1250
125;1252
485;1252
122;1253
159;1253
333;1253
469;1254
485;1254
485;1255
122;1256
159;1256
333;1256
351;1256
392;1256
410;1256
425;1256
482;1256
118;1257
122;1257
125;1257
127;1257
143;1257
159;1257
184;1257
188;1257
449;1265
465;1265
449;1267
465;1267
475;1267
449;1276
465;1276
449;1289
465;1289
475;1289
475;1296
449;1298
465;1298
449;1299
465;1299
475;1299
475;1300
449;1303
465;1303
475;1303
449;1307
465;1307
475;1307
449;1309
465;1309
475;1309
449;1310
465;1310
475;1310
475;1311
449;1313
465;1313
475;1313
139;1317
156;1317
172;1317
139;1318
156;1318
172;1318
139;1319
139;1320
156;1320
172;1320
172;1322
139;1323
156;1323
172;1324
139;1326
172;1326
139;1327
156;1327
156;1328
139;1329
156;1329
139;1330
156;1330
139;1331
156;1331
172;1331
139;1333
156;1333
172;1333
156;1334
172;1334
172;1335
172;1338
480;1341
117;1342
480;1342
500;1344
129;1345
283;1345
311;1345
480;1346
500;1346
177;1348
191;1348
249;1348
316;1348
385;1348
402;1348
442;1348
467;1348
480;1348
490;1348
498;1348
500;1348
316;1349
385;1349
480;1349
480;1351
105;1353
117;1353
122;1353
498;1354
117;1356
129;1356
177;1356
237;1356
249;1356
498;1357
500;1357
346;1359
361;1359
480;1363
500;1363
117;1367
480;1367
500;1368
117;1369
480;1369
117;1370
480;1370
480;1371
500;1371
498;1372
500;1372
117;1373
480;1373
177;1374
191;1374
249;1374
316;1374
385;1374
402;1374
419;1374
442;1374
457;1374
467;1374
480;1374
490;1374
498;1374
500;1374
498;1376
189;1379
117;1380
480;1380
249;1382
316;1382
385;1382
480;1382
498;1382
500;1382
480;1383
500;1383
117;1384
237;1387
500;1387
480;1388
500;1388
122;1390
129;1390
177;1390
283;1390
311;1390
316;1390
330;1390
346;1390
361;1390
377;1390
384;1390
385;1390
402;1390
419;1390
442;1390
316;1392
385;1392
480;1392
316;1393
500;1394
249;1396
105;1399
117;1399
117;1401
480;1401
498;1401
177;1403
191;1403
316;1403
385;1403
402;1403
442;1403
480;1405
299;1406
500;1407
117;1411
480;1411
189;1412
500;1413
117;1414
129;1414
177;1414
185;1414
189;1414
191;1414
498;1415
419;1416
237;1417
129;1419
283;1419
299;1419
311;1419
316;1419
498;1420
117;1421
498;1421
498;1422
249;1423
500;1423
117;1424
498;1424
480;1426
500;1426
177;1430
191;1430
249;1430
316;1430
385;1430
402;1430
419;1430
442;1430
457;1430
467;1430
480;1430
490;1430
498;1430
500;1430
385;1431
330;1434
361;1434
316;1435
498;1435
122;1437
330;1437
361;1437
377;1437
384;1437
500;1440
206;1441
221;1441
117;1442
480;1442
316;1443
129;1444
283;1444
311;1444
500;1445
105;1447
117;1447
122;1447
385;1448
206;1450
221;1450
237;1450
249;1450
500;1451
122;1452
177;1452
185;1452
189;1452
237;1454
117;1455
500;1456
117;1458
480;1458
117;1459
129;1459
177;1459
185;1459
189;1459
117;1461
480;1461
105;1462
117;1462
122;1462
117;1463
498;1463
500;1466
498;1467
500;1467
299;1468
122;1469
177;1469
206;1469
221;1469
237;1469
249;1469
299;1469
316;1469
330;1469
346;1469
361;1469
377;1469
384;1469
117;1470
498;1470
385;1472
419;1474
480;1478
500;1478
129;1481
177;1481
185;1481
189;1481
117;1486
480;1486
237;1489
249;1489
500;1489
480;1490
500;1490
191;1492
498;1493
500;1495
500;1496
249;1497
385;1497
457;1497
467;1497
480;1497
490;1497
498;1497
500;1497
316;1498
129;1500
177;1500
206;1500
221;1500
237;1500
249;1500
283;1500
299;1500
311;1500
316;1500
117;1501
237;1502
117;1503
129;1503
177;1503
185;1503
189;1503
191;1503
206;1503
221;1503
237;1503
249;1503
316;1504
122;1506
330;1506
346;1506
361;1506
299;1507
316;1507
316;1508
385;1508
361;1509
177;1510
191;1510
316;1510
385;1510
402;1510
419;1510
442;1510
117;1512
480;1512
129;1513
177;1513
206;1513
221;1513
249;1513
283;1513
299;1513
311;1513
316;1513
330;1514
377;1514
384;1514
385;1515
249;1516
498;1516
500;1516
177;1518
191;1518
316;1518
402;1518
419;1518
442;1518
457;1518
467;1518
480;1518
490;1518
480;1519
500;1519
237;1520
480;1521
500;1521
122;1522
129;1522
177;1522
206;1522
221;1522
237;1522
249;1522
283;1522
299;1522
311;1522
316;1522
330;1522
346;1522
361;1522
377;1522
384;1522
177;1523
206;1523
221;1523
237;1523
249;1523
249;1524
480;1526
500;1526
117;1527
129;1527
177;1527
189;1527
191;1527
385;1530
480;1531
500;1531
177;1532
185;1532
189;1532
191;1532
206;1532
221;1532
237;1532
249;1532
117;1533
480;1533
237;1534
105;1536
117;1536
122;1536
129;1536
177;1536
185;1536
189;1536
249;1537
457;1537
467;1537
480;1537
490;1537
498;1537
500;1537
500;1538
122;1539
330;1539
346;1539
361;1539
377;1539
384;1539
249;1540
249;1541
480;1543
500;1543
385;1546
480;1546
117;1547
498;1547
249;1548
457;1548
467;1548
480;1548
490;1548
498;1548
500;1548
191;1549
249;1550
490;1550
498;1550
500;1550
177;1552
206;1552
221;1552
237;1552
249;1552
105;1555
117;1555
122;1555
498;1557
480;1559
316;1560
480;1560
480;1561
500;1561
500;1562
480;1563
105;1564
117;1564
122;1564
129;1564
177;1564
185;1564
480;1565
500;1565
237;1566
117;1568
480;1568
498;1568
480;1569
498;1571
237;1572
498;1572
117;1573
129;1573
177;1573
185;1573
189;1573
191;1573
385;1574
498;1574
500;1574
237;1578
480;1579
500;1579
105;1580
117;1580
122;1580
129;1580
185;1580
191;1580
249;1582
500;1582
117;1591
237;1591
498;1591
500;1591
498;1592
480;1593
500;1593
105;1594
117;1594
122;1594
117;1595
117;1596
457;1600
467;1600
480;1600
117;1601
177;1601
191;1601
498;1603
385;1610
480;1610
385;1611
457;1611
237;1613
122;1614
177;1614
191;1614
316;1614
330;1614
346;1614
361;1614
377;1614
384;1614
385;1614
402;1614
419;1614
442;1614
249;1615
498;1615
500;1615
500;1616
480;1617
500;1617
122;1618
129;1618
177;1618
191;1618
283;1618
311;1618
316;1618
330;1618
346;1618
377;1618
384;1618
385;1618
402;1618
419;1618
442;1618
500;1619
177;1621
206;1621
221;1621
249;1621
299;1621
500;1622
249;1625
385;1625
457;1625
467;1625
480;1625
490;1625
498;1625
500;1625
480;1626
500;1626
122;1628
129;1628
283;1628
299;1628
311;1628
316;1628
330;1628
346;1628
377;1628
384;1628
122;1629
129;1629
177;1629
191;1629
283;1629
299;1629
311;1629
316;1629
330;1629
346;1629
361;1629
377;1629
384;1629
385;1629
402;1629
419;1629
442;1629
122;1630
330;1630
346;1630
377;1630
384;1630
480;1633
385;1635
237;1637
105;1638
117;1638
122;1638
129;1638
177;1638
185;1638
191;1638
316;1639
385;1639
177;1641
191;1641
249;1641
316;1641
385;1641
402;1641
419;1641
442;1641
457;1641
467;1641
480;1641
490;1641
498;1641
500;1641
480;1645
500;1645
498;1648
385;1649
498;1649
500;1649
500;1650
385;1651
480;1651
249;1652
117;1654
498;1654
385;1661
480;1663
500;1663
105;1665
117;1665
122;1665
191;1665
500;1666
117;1667
498;1667
191;1669
249;1671
500;1671
129;1672
283;1672
311;1672
316;1672
480;1676
500;1676
385;1677
498;1677
249;1678
457;1678
467;1678
480;1678
490;1678
498;1678
500;1678
117;1679
498;1679
480;1680
117;1681
498;1681
492;1687
497;1687
421;1689
391;1690
407;1690
421;1690
472;1690
484;1690
492;1690
495;1690
497;1690
499;1690
499;1691
407;1692
421;1692
492;1692
499;1695
484;1698
484;1699
492;1699
497;1699
484;1700
484;1709
492;1709
497;1709
407;1710
421;1710
499;1711
492;1712
497;1712
407;1714
472;1714
484;1714
492;1714
495;1714
497;1714
499;1714
407;1715
484;1716
391;1717
407;1717
497;1719
391;1722
407;1722
421;1722
472;1722
484;1722
495;1722
497;1722
499;1722
499;1723
492;1726
495;1726
497;1726
499;1726
391;1727
407;1727
421;1727
484;1728
499;1729
484;1731
407;1733
421;1733
472;1733
484;1733
492;1733
495;1733
497;1733
499;1733
492;1734
484;1736
484;1738
407;1739
472;1739
484;1739
492;1739
407;1741
472;1741
484;1741
492;1741
495;1741
497;1741
499;1741
484;1743
497;1743
484;1744
407;1747
472;1747
484;1747
492;1747
495;1747
497;1747
499;1747
484;1751
497;1751
484;1752
391;1753
421;1753
499;1754
499;1758
492;1760
499;1761
391;1762
391;1763
407;1763
484;1765
492;1765
484;1767
484;1768
492;1768
497;1768
472;1771
484;1771
492;1771
495;1771
497;1771
499;1771
391;1774
407;1774
421;1774
472;1774
484;1774
492;1774
495;1774
497;1774
499;1774
407;1777
472;1777
484;1777
495;1777
497;1777
499;1777
499;1780
484;1782
499;1783
499;1784
484;1786
391;1788
407;1788
472;1788
484;1788
495;1788
497;1788
499;1788
484;1789
492;1789
391;1790
421;1790
492;1790
492;1795
497;1795
391;1796
407;1796
421;1796
484;1799
404;1801
146;1802
456;1803
467;1803
479;1803
387;1806
404;1806
404;1807
130;1808
146;1808
202;1808
218;1808
236;1808
202;1811
218;1811
456;1813
467;1813
236;1814
322;1815
339;1815
355;1815
130;1817
146;1817
236;1817
130;1818
146;1818
202;1818
236;1818
130;1820
501;1824
516;1824
526;1824
218;1828
456;1829
467;1829
479;1829
130;1831
146;1831
202;1831
218;1831
130;1835
202;1835
218;1835
236;1835
322;1835
339;1835
355;1835
322;1841
339;1841
355;1841
456;1841
467;1841
479;1841
218;1842
236;1842
322;1842
339;1842
355;1842
202;1843
218;1843
236;1843
387;1846
404;1846
130;1847
146;1847
420;1848
404;1849
322;1850
339;1850
355;1850
387;1850
404;1850
456;1850
467;1850
479;1850
479;1853
501;1853
526;1853
339;1854
404;1855
501;1855
516;1855
526;1855
322;1857
339;1857
355;1857
456;1858
467;1858
479;1858
516;1860
420;1861
501;1862
516;1862
526;1862
202;1863
236;1863
501;1866
146;1867
202;1867
130;1870
146;1870
202;1870
218;1870
236;1870
404;1871
404;1872
322;1873
339;1873
355;1873
387;1873
404;1873
420;1873
456;1874
467;1874
501;1874
516;1874
526;1874
456;1876
467;1876
479;1876
501;1876
516;1876
526;1876
404;1877
130;1878
146;1878
236;1880
479;1882
501;1882
516;1882
526;1882
404;1883
387;1885
404;1885
420;1885
387;1892
404;1892
420;1892
404;1893
501;1893
516;1893
526;1893
130;1895
146;1895
202;1895
218;1895
236;1895
322;1900
355;1900
404;1900
420;1900
387;1902
404;1902
420;1902
456;1902
467;1902
479;1902
501;1902
516;1902
526;1902
404;1904
516;1905
526;1905
420;1909
387;1911
130;1912
146;1912
218;1912
322;1913
339;1913
355;1913
387;1913
404;1913
420;1913
456;1913
467;1913
387;1914
404;1914
420;1914
479;1914
456;1916
467;1916
479;1916
501;1916
516;1916
526;1916
322;1918
339;1918
355;1918
404;1921
202;1924
218;1924
322;1925
339;1925
355;1925
387;1925
404;1925
420;1925
177;2003
388;2003
403;2003
420;2003
147;2007
132;2008
147;2008
164;2008
177;2008
388;2009
177;2012
177;2015
207;2015
223;2015
239;2015
403;2017
403;2018
132;2019
147;2019
164;2019
177;2019
207;2019
223;2019
239;2019
147;2020
177;2023
207;2023
223;2023
147;2024
403;2027
223;2030
177;2031
177;2032
147;2035
388;2036
147;2037
132;2038
147;2038
164;2038
177;2038
403;2040
223;2043
388;2045
403;2045
239;2046
223;2047
388;2047
147;2048
207;2050
223;2050
388;2052
403;2052
223;2054
388;2054
177;2055
177;2056
388;2056
403;2056
420;2056
403;2061
177;2063
239;2063
164;2065
132;2070
147;2070
164;2070
177;2070
207;2070
223;2070
239;2070
132;2071
147;2071
164;2071
177;2071
223;2071
239;2071
223;2072
147;2076
388;2079
177;2080
388;2080
403;2080
420;2080
132;2083
147;2083
164;2083
177;2083
207;2083
223;2083
239;2083
132;2084
147;2084
164;2084
177;2084
207;2085
403;2088
147;2090
223;2093
403;2096
388;2098
403;2102
388;2105
403;2105
420;2105
207;2109
223;2109
239;2109
147;2110
388;2111
223;2114
177;2116
177;2119
388;2119
403;2119
420;2119
147;2123
223;2127
388;2128
403;2128
420;2128
147;2132
177;2135
388;2135
403;2135
420;2135
132;2136
147;2136
164;2136
177;2136
207;2136
223;2136
239;2136
223;2137
388;2137
223;2138
177;2140
420;2140
147;2141
164;2141
177;2141
177;2144
223;2144
177;2146
388;2146
403;2146
420;2146
388;2149
223;2150
132;2157
207;2157
239;2157
403;2159
132;2161
147;2161
164;2161
177;2161
132;2164
147;2164
177;2164
207;2164
223;2164
239;2164
388;2167
388;2168
403;2168
420;2168
403;2170
177;2172
388;2172
403;2172
420;2172
346;2174
362;2174
332;2175
332;2177
346;2177
362;2177
332;2178
346;2178
362;2178
332;2179
346;2179
362;2179
332;2180
346;2180
362;2180
332;2181
346;2181
362;2181
332;2182
346;2182
346;2184
332;2188
332;2189
346;2189
362;2189
332;2190
346;2190
362;2190
332;2191
362;2191
362;2192
346;2195
362;2195
514;2196
133;2197
149;2197
178;2197
453;2198
463;2198
474;2198
504;2198
514;2198
527;2198
165;2199
514;2200
112;2203
120;2203
165;2203
399;2204
133;2205
149;2205
165;2205
178;2205
185;2205
399;2206
453;2206
463;2206
474;2206
120;2208
120;2209
399;2209
415;2209
120;2212
399;2212
415;2212
514;2217
453;2219
463;2219
474;2219
112;2222
120;2222
133;2222
149;2222
165;2222
178;2222
185;2222
120;2223
415;2223
463;2223
514;2225
453;2226
463;2226
474;2226
504;2226
514;2226
527;2226
527;2229
527;2230
112;2231
120;2231
463;2233
474;2233
453;2234
504;2234
514;2234
527;2234
504;2235
514;2235
527;2235
514;2236
514;2237
165;2238
185;2238
133;2240
149;2240
178;2240
185;2240
453;2242
463;2242
474;2242
504;2242
514;2242
527;2242
504;2243
514;2243
527;2243
133;2245
149;2245
185;2245
504;2246
514;2246
514;2248
120;2249
514;2250
120;2251
399;2251
415;2251
165;2252
178;2252
165;2253
474;2254
112;2255
120;2255
112;2256
120;2256
120;2257
399;2257
415;2257
120;2258
112;2263
120;2263
133;2263
149;2263
165;2263
178;2263
185;2263
120;2264
399;2264
415;2264
453;2267
463;2267
504;2267
514;2267
527;2267
453;2271
463;2271
474;2271
120;2272
112;2273
120;2273
165;2273
514;2274
165;2275
504;2276
514;2276
120;2278
399;2278
415;2278
453;2278
463;2278
474;2278
504;2278
514;2278
527;2278
112;2279
133;2279
149;2279
178;2279
185;2279
112;2280
120;2280
133;2280
149;2280
178;2280
185;2280
112;2281
120;2281
514;2282
399;2283
415;2283
120;2284
399;2284
415;2284
514;2285
112;2288
120;2289
399;2289
415;2289
453;2289
463;2289
474;2289
504;2289
514;2289
527;2289
165;2290
415;2291
453;2291
474;2291
133;2296
149;2296
178;2296
185;2296
133;2297
149;2297
178;2297
185;2297
133;2299
149;2299
178;2299
185;2299
222;2301
206;2302
222;2302
238;2302
206;2303
222;2303
238;2303
222;2305
222;2306
206;2307
222;2307
238;2307
222;2308
206;2309
222;2309
238;2309
206;2310
222;2310
238;2310
222;2311
222;2312
222;2313
222;2314
222;2319
222;2321
222;2322
222;2323
222;2324
222;2325
222;2326
206;2327
222;2327
238;2327
222;2329
206;2330
222;2330
238;2330
222;2331
222;2332
206;2333
222;2333
238;2333
222;2335
206;2338
222;2338
238;2338
206;2339
222;2339
238;2339
206;2341
222;2341
238;2341
222;2342
222;2343
222;2344
367;2345
376;2345
379;2345
383;2345
376;2348
524;2348
212;2349
376;2349
196;2350
227;2350
381;2350
270;2353
285;2353
302;2353
381;2354
376;2355
212;2356
196;2358
212;2358
227;2358
376;2359
379;2364
381;2364
425;2364
465;2364
524;2364
270;2365
285;2365
302;2365
334;2365
350;2365
367;2365
376;2365
379;2365
381;2365
425;2366
524;2366
212;2368
376;2368
425;2368
524;2368
409;2369
425;2369
409;2371
425;2371
379;2372
381;2372
409;2372
524;2375
212;2380
376;2380
425;2380
425;2383
524;2383
425;2385
144;2388
160;2388
175;2388
107;2389
144;2391
160;2391
175;2391
334;2392
350;2392
367;2392
376;2392
379;2392
381;2392
383;2392
409;2392
425;2392
465;2392
524;2392
212;2393
376;2393
524;2394
334;2398
350;2398
379;2398
381;2398
425;2398
465;2398
107;2401
107;2406
144;2409
160;2409
196;2409
212;2409
227;2409
107;2410
144;2415
160;2415
175;2415
196;2415
212;2415
227;2415
409;2417
425;2417
409;2420
409;2421
425;2421
285;2422
302;2422
270;2426
302;2426
212;2430
376;2430
379;2430
381;2430
425;2430
465;2430
524;2430
196;2431
212;2431
227;2431
285;2435
302;2435
334;2435
350;2435
367;2435
376;2435
379;2435
379;2436
381;2436
465;2436
212;2438
175;2441
175;2442
334;2443
350;2443
367;2443
376;2443
379;2443
381;2443
425;2443
270;2446
285;2446
212;2448
107;2449
144;2449
160;2449
175;2449
379;2450
381;2450
465;2450
107;2452
144;2452
160;2452
175;2452
270;2457
285;2457
302;2457
381;2457
383;2457
144;2458
160;2458
175;2458
196;2458
212;2458
227;2458
270;2460
285;2460
334;2460
350;2460
383;2460
270;2462
285;2462
302;2462
107;2463
196;2465
212;2465
227;2465
383;2469
409;2469
425;2469
425;2470
409;2472
270;2476
285;2476
302;2476
334;2476
350;2476
367;2476
376;2476
379;2476
381;2476
383;2476
107;2477
144;2477
160;2477
175;2477
379;2478
381;2478
425;2478
465;2478
196;2479
212;2479
227;2479
270;2479
285;2479
302;2479
367;2479
376;2479
379;2479
381;2479
383;2479
107;2484
379;2486
465;2486
425;2487
212;2489
212;2490
376;2490
212;2492
376;2492
144;2493
160;2493
196;2493
212;2493
227;2493
302;2493
196;2496
212;2496
227;2496
270;2496
285;2496
302;2496
334;2496
350;2496
367;2496
376;2496
379;2496
381;2496
383;2496
379;2499
381;2499
465;2499
212;2501
376;2501
425;2501
524;2501
409;2504
425;2504
465;2504
334;2505
350;2505
367;2505
376;2505
379;2505
383;2505
379;2506
381;2506
465;2506
107;2507
144;2507
160;2507
175;2507
270;2510
334;2510
350;2510
367;2510
376;2510
379;2510
381;2510
383;2510
196;2514
212;2514
227;2514
334;2516
350;2516
367;2516
376;2516
379;2516
381;2516
383;2516
409;2516
425;2516
524;2517
144;2520
160;2520
175;2520
107;2521
261;2523
294;2523
134;2526
149;2526
166;2526
134;2527
149;2527
166;2527
134;2528
149;2528
166;2528
205;2528
221;2528
238;2528
294;2528
134;2529
149;2529
166;2529
238;2529
261;2529
278;2529
294;2529
134;2531
149;2531
205;2532
221;2532
134;2533
149;2533
166;2533
205;2534
221;2534
294;2534
294;2537
166;2539
221;2539
238;2539
261;2539
278;2539
205;2540
221;2540
238;2540
261;2540
278;2540
294;2540
134;2543
149;2543
166;2543
205;2543
238;2543
149;2547
261;2548
134;2549
166;2549
205;2549
221;2549
238;2550
261;2550
294;2550
278;2551
294;2551
278;2552
294;2554
261;2556
278;2556
238;2557
278;2557
205;2559
221;2559
134;2560
149;2560
166;2560
205;2560
221;2560
238;2560
261;2561
278;2561
166;2562
205;2562
221;2562
238;2562
261;2562
278;2562
134;2563
149;2563
166;2563
205;2563
221;2563
238;2563
261;2563
278;2563
294;2563
134;2569
149;2569
205;2569
221;2569
238;2569
261;2569
278;2569
294;2569
106;2571
187;2571
290;2576
135;2581
152;2581
180;2581
187;2581
290;2581
106;2582
135;2582
152;2582
168;2582
180;2582
187;2582
168;2583
106;2588
135;2588
152;2588
168;2588
180;2588
187;2588
332;2589
348;2589
361;2589
508;2590
532;2590
257;2591
274;2591
290;2591
332;2591
348;2591
361;2591
508;2593
532;2593
508;2594
532;2594
106;2596
508;2597
532;2597
135;2602
152;2602
168;2602
180;2602
187;2602
290;2603
135;2604
152;2604
168;2604
180;2604
508;2605
532;2605
257;2606
274;2606
332;2607
106;2610
135;2610
152;2610
168;2610
180;2610
187;2610
508;2611
532;2611
257;2612
274;2612
290;2612
332;2612
348;2612
361;2612
106;2613
135;2613
152;2613
168;2613
180;2613
187;2613
257;2614
274;2614
290;2614
508;2615
532;2615
106;2619
508;2623
532;2623
332;2625
348;2625
361;2625
348;2627
361;2627
508;2628
532;2628
257;2629
274;2629
290;2629
332;2629
348;2629
361;2629
257;2632
332;2632
348;2632
361;2632
168;2636
508;2637
532;2637
106;2642
135;2642
152;2642
168;2642
180;2642
187;2642
106;2645
257;2648
274;2648
290;2648
508;2650
532;2650
106;2653
135;2653
152;2653
168;2653
180;2653
187;2653
257;2657
274;2657
257;2660
274;2660
290;2660
332;2660
348;2660
361;2660
135;2662
152;2662
168;2662
180;2662
187;2662
135;2664
152;2664
180;2664
187;2664
257;2664
274;2664
290;2664
274;2669
332;2669
348;2669
361;2669
257;2671
274;2671
290;2671
332;2671
348;2671
361;2671
106;2672
332;2674
348;2674
361;2674
128;2676
395;2676
440;2676
443;2676
447;2676
129;2677
300;2677
104;2678
128;2681
395;2681
440;2681
443;2681
447;2681
128;2682
395;2682
440;2682
443;2682
447;2682
162;2683
345;2683
364;2683
116;2686
126;2686
128;2686
104;2689
104;2690
129;2690
146;2690
162;2690
128;2698
162;2698
345;2698
364;2698
395;2698
440;2698
443;2698
447;2698
104;2699
129;2700
440;2702
447;2702
104;2704
129;2706
129;2707
162;2707
300;2707
345;2707
364;2707
129;2708
162;2708
345;2708
364;2708
104;2709
129;2709
104;2711
123;2711
129;2712
300;2712
128;2714
395;2714
440;2714
443;2714
447;2714
116;2719
123;2719
126;2719
128;2719
129;2719
146;2719
162;2719
116;2722
123;2722
126;2722
128;2722
146;2722
162;2722
104;2724
116;2724
123;2724
126;2724
128;2724
129;2724
146;2724
162;2724
129;2726
146;2726
162;2726
300;2726
364;2726
104;2729
116;2729
123;2729
126;2729
128;2729
129;2729
146;2729
162;2729
104;2731
104;2732
129;2733
146;2733
162;2733
300;2733
345;2733
364;2733
146;2734
162;2734
162;2735
395;2735
447;2735
129;2736
300;2736
116;2737
123;2737
126;2737
128;2737
129;2737
146;2737
162;2737
345;2738
364;2738
116;2739
123;2739
126;2739
128;2739
146;2740
345;2741
364;2741
128;2744
129;2744
300;2744
364;2744
395;2744
440;2744
443;2744
129;2745
162;2745
300;2745
345;2745
364;2745
128;2746
162;2746
345;2746
395;2746
443;2746
447;2746
129;2748
146;2748
162;2748
300;2748
128;2749
395;2749
440;2749
443;2749
447;2749
128;2751
395;2751
440;2751
443;2751
447;2751
116;2752
123;2752
126;2752
128;2752
116;2753
123;2753
126;2753
128;2753
128;2755
162;2755
395;2755
440;2755
443;2755
447;2755
162;2758
300;2758
345;2758
364;2758
129;2759
300;2759
116;2761
123;2761
126;2761
128;2761
128;2762
440;2762
443;2762
116;2765
123;2765
126;2765
128;2765
129;2765
162;2765
345;2766
162;2769
201;2785
218;2785
235;2785
201;2793
218;2793
235;2793
101;2797
116;2797
101;2799
116;2799
389;2803
406;2803
435;2803
442;2803
101;2804
116;2804
101;2805
116;2805
101;2807
116;2807
201;2810
101;2811
116;2811
101;2817
323;2817
340;2817
370;2817
218;2818
323;2818
340;2818
370;2818
323;2819
340;2819
435;2819
442;2819
101;2820
323;2820
340;2820
370;2820
389;2820
406;2820
435;2820
442;2820
101;2821
323;2821
340;2821
370;2821
389;2822
406;2822
435;2822
442;2822
201;2825
218;2825
235;2825
101;2829
370;2829
101;2830
201;2830
218;2830
235;2830
389;2830
406;2830
435;2830
442;2830
101;2831
116;2831
201;2833
235;2833
101;2835
116;2835
201;2835
218;2835
116;2836
235;2840
389;2843
406;2843
435;2843
442;2843
389;2844
406;2844
435;2844
442;2844
101;2846
323;2846
340;2846
370;2846
435;2857
442;2857
406;2861
435;2861
442;2861
101;2868
201;2868
218;2868
235;2868
201;2870
218;2870
235;2870
389;2873
406;2873
435;2873
442;2873
101;2874
201;2874
218;2874
235;2874
323;2874
340;2874
370;2874
323;2876
340;2876
370;2876
389;2876
406;2876
389;2877
406;2877
101;2878
116;2878
389;2879
406;2879
435;2879
442;2879
101;2882
101;2886
201;2886
218;2886
235;2886
323;2886
340;2886
370;2886
101;2887
101;2888
323;2888
340;2888
370;2888
101;2889
218;2889
235;2889
323;2889
340;2889
370;2889
389;2892
116;2894
331;2896
289;2897
170;2900
289;2903
364;2903
137;2904
154;2904
170;2904
289;2909
137;2911
154;2911
258;2913
274;2913
307;2913
331;2914
347;2914
364;2914
331;2915
347;2915
364;2915
258;2917
274;2917
289;2917
307;2917
331;2917
347;2917
364;2917
258;2918
274;2918
307;2918
331;2918
347;2918
364;2918
137;2919
154;2919
170;2919
137;2920
154;2920
170;2920
258;2921
274;2921
289;2921
307;2921
137;2928
137;2929
154;2929
170;2929
289;2929
331;2930
347;2930
364;2930
258;2932
274;2932
307;2932
331;2932
347;2932
364;2932
289;2936
347;2936
258;2941
274;2941
289;2941
307;2941
331;2941
347;2941
364;2941
154;2943
170;2943
137;2944
154;2944
170;2944
258;2945
274;2945
289;2945
307;2945
137;2946
154;2946
170;2946
331;2947
347;2947
364;2947
137;2950
154;2950
170;2950
331;2953
347;2953
364;2953
258;2959
274;2959
307;2959
258;2965
274;2965
307;2965
364;2965
258;2966
274;2966
289;2966
307;2966
331;2966
347;2966
137;2969
154;2969
170;2969
258;2969
274;2969
289;2969
307;2969
137;2970
154;2970
170;2970
511;2974
511;2976
522;2976
511;2983
522;2983
511;2997
522;2997
511;2998
522;2998
522;3014
511;3017
511;3018
522;3018
511;3025
522;3025
522;3029
511;3032
522;3032
511;3033
522;3033
511;3034
522;3034
504;3078
518;3078
528;3078
528;3081
504;3082
518;3082
528;3082
504;3083
518;3083
528;3083
504;3085
504;3087
518;3087
528;3087
504;3088
518;3088
528;3088
504;3089
518;3089
528;3089
504;3090
518;3090
528;3090
518;3091
528;3091
504;3094
518;3094
528;3094
504;3095
518;3095
528;3095
504;3097
518;3097
385;3100
508;3100
520;3100
385;3103
508;3106
385;3111
401;3111
418;3111
385;3117
401;3117
418;3117
385;3120
401;3120
385;3124
401;3124
418;3124
385;3132
401;3132
418;3132
385;3138
401;3138
418;3138
520;3138
520;3143
385;3146
401;3146
418;3146
508;3151
385;3153
385;3157
385;3159
385;3163
401;3163
418;3163
385;3168
401;3168
385;3170
508;3170
520;3170
385;3177
401;3177
418;3177
385;3180
401;3180
418;3180
508;3180
520;3180
520;3181
385;3186
508;3186
520;3186
385;3192
508;3192
520;3192
385;3193
508;3196
385;3197
385;3200
508;3200
520;3200
385;3201
520;3201
418;3203
385;3204
508;3204
520;3204
385;3206
508;3206
385;3207
385;3212
385;3220
385;3221
385;3225
385;3227
385;3232
418;3233
204;3238
204;3239
219;3239
233;3239
245;3239
204;3240
219;3240
233;3240
245;3240
204;3243
233;3243
245;3243
219;3245
233;3247
245;3247
204;3248
219;3248
233;3248
245;3248
219;3249
233;3249
245;3249
219;3252
204;3254
219;3254
204;3255
219;3255
233;3255
245;3255
233;3256
245;3256
204;3257
219;3257
233;3257
204;3258
219;3258
233;3258
245;3258
204;3259
219;3259
245;3259
204;3260
233;3260
245;3260
344;3261
360;3261
198;3262
214;3262
229;3262
198;3263
214;3263
229;3263
360;3264
328;3265
344;3265
360;3265
198;3267
214;3267
229;3267
344;3268
360;3268
360;3269
198;3270
328;3274
198;3276
214;3276
229;3276
198;3278
214;3278
229;3278
328;3279
344;3279
360;3279
198;3280
214;3280
229;3280
328;3281
344;3281
198;3283
214;3283
229;3283
214;3285
229;3285
328;3288
344;3288
360;3288
328;3290
344;3290
360;3290
198;3291
214;3291
229;3291
328;3292
360;3292
328;3293
344;3293
360;3293
198;3296
214;3296
229;3296
328;3297
344;3297
328;3300
344;3300
198;3302
214;3302
229;3302
360;3303
344;3305
328;3306
208;3307
254;3307
342;3307
379;3307
475;3307
493;3307
512;3309
342;3311
421;3311
115;3312
131;3312
147;3312
163;3312
303;3313
359;3313
163;3314
224;3315
394;3316
421;3316
208;3317
254;3317
342;3317
379;3317
394;3317
421;3317
493;3317
224;3318
131;3319
147;3319
163;3319
208;3319
224;3319
239;3319
248;3319
252;3319
254;3319
256;3319
271;3319
287;3319
312;3319
208;3320
342;3321
421;3321
512;3322
524;3322
512;3323
224;3327
512;3330
115;3331
131;3333
147;3333
208;3334
493;3334
328;3336
342;3336
372;3336
379;3336
147;3337
512;3337
115;3341
131;3341
147;3341
208;3341
224;3341
239;3341
248;3341
252;3341
254;3341
256;3341
512;3342
524;3342
224;3344
208;3345
254;3346
475;3346
493;3346
493;3347
303;3348
379;3348
208;3349
224;3349
239;3349
248;3349
252;3349
254;3349
256;3349
131;3354
147;3354
208;3354
224;3354
239;3354
248;3354
252;3354
254;3354
256;3354
271;3354
287;3354
312;3354
328;3354
342;3354
359;3354
372;3354
379;3354
163;3355
512;3357
493;3358
512;3359
524;3359
493;3360
493;3361
115;3364
131;3364
147;3364
493;3365
359;3366
115;3368
328;3370
342;3370
372;3370
379;3370
208;3371
512;3374
342;3377
421;3377
303;3379
312;3379
493;3381
208;3383
254;3383
379;3383
394;3383
475;3383
493;3383
147;3386
512;3386
208;3387
271;3391
287;3391
208;3393
208;3395
254;3395
379;3395
475;3395
493;3395
147;3397
512;3397
147;3398
512;3398
224;3399
493;3400
524;3401
254;3403
475;3403
379;3404
475;3404
359;3407
372;3407
379;3407
208;3408
254;3408
328;3408
342;3408
372;3408
379;3408
394;3408
421;3408
493;3409
147;3410
512;3410
131;3411
147;3411
163;3411
208;3411
239;3411
248;3411
252;3411
254;3411
256;3411
303;3411
493;3412
208;3413
115;3414
394;3415
512;3416
303;3418
359;3418
379;3418
224;3419
328;3421
342;3421
372;3421
163;3422
224;3423
303;3424
254;3426
379;3426
475;3426
524;3426
512;3427
394;3428
115;3429
163;3429
493;3430
493;3431
493;3435
512;3436
303;3440
224;3441
208;3442
254;3442
328;3442
342;3442
372;3442
379;3442
394;3442
421;3442
493;3442
493;3443
512;3446
303;3450
271;3451
287;3451
493;3452
512;3453
524;3453
147;3454
359;3456
512;3457
524;3457
475;3460
512;3462
359;3466
372;3466
379;3466
421;3466
493;3467
115;3468
208;3469
328;3469
342;3469
359;3469
379;3469
394;3469
421;3469
493;3469
512;3470
224;3471
493;3473
493;3479
271;3480
287;3480
312;3480
147;3482
512;3482
147;3484
512;3484
147;3486
254;3486
256;3486
208;3487
271;3488
287;3488
312;3488
115;3490
131;3490
208;3490
224;3490
239;3490
248;3490
252;3490
254;3490
256;3490
208;3491
147;3492
512;3492
342;3493
147;3494
512;3494
208;3496
224;3496
239;3496
248;3496
252;3496
254;3496
256;3496
271;3496
287;3496
312;3496
328;3496
342;3496
372;3496
379;3496
493;3497
147;3502
512;3502
115;3503
131;3503
147;3503
163;3503
208;3503
224;3503
239;3503
248;3503
252;3503
254;3503
256;3503
271;3503
287;3503
312;3503
303;3504
312;3504
328;3504
342;3504
359;3504
372;3504
394;3504
493;3506
208;3507
163;3509
303;3511
512;3515
524;3515
359;3518
379;3518
512;3519
303;3522
208;3526
512;3527
524;3527
151;3528
224;3531
208;3535
254;3535
342;3535
379;3535
394;3535
421;3535
475;3535
493;3535
512;3537
115;3538
131;3538
147;3538
208;3538
493;3540
208;3542
224;3543
163;3546
224;3546
239;3546
248;3546
252;3546
271;3546
287;3546
312;3546
328;3549
342;3549
328;3556
342;3556
372;3556
379;3556
493;3558
163;3561
208;3561
224;3561
239;3561
248;3561
252;3561
254;3561
256;3561
271;3561
287;3561
312;3561
512;3562
524;3562
475;3563
131;3565
208;3565
224;3565
239;3565
248;3565
252;3565
254;3565
256;3565
271;3565
287;3565
312;3565
359;3565
493;3566
224;3567
493;3568
147;3569
512;3569
208;3570
208;3571
254;3571
342;3571
394;3571
421;3571
475;3571
493;3571
512;3571
524;3571
158;3575
350;3575
368;3575
142;3577
214;3577
230;3577
242;3577
281;3578
281;3580
505;3580
530;3580
281;3583
451;3583
463;3583
473;3583
490;3583
530;3583
281;3584
530;3584
142;3585
158;3585
173;3585
184;3585
266;3585
350;3585
142;3586
158;3586
173;3586
142;3587
158;3587
184;3587
373;3588
378;3588
142;3589
158;3589
173;3589
184;3589
142;3591
214;3591
230;3591
242;3591
281;3591
230;3594
242;3594
142;3595
158;3595
173;3595
184;3595
214;3595
230;3595
242;3595
378;3599
428;3599
281;3600
451;3600
463;3600
473;3600
490;3600
505;3600
530;3600
142;3601
158;3601
184;3601
142;3604
214;3604
230;3604
242;3604
266;3604
281;3604
242;3606
463;3607
473;3607
490;3607
142;3609
266;3610
281;3610
281;3614
173;3615
378;3617
214;3618
230;3618
242;3618
142;3619
158;3619
173;3619
184;3619
214;3619
230;3619
242;3619
281;3619
281;3622
281;3624
142;3625
158;3625
214;3625
230;3625
242;3625
266;3625
281;3625
350;3625
368;3625
373;3625
378;3625
378;3626
414;3626
428;3626
451;3626
463;3626
473;3626
490;3626
281;3628
530;3628
230;3629
281;3633
214;3634
242;3634
281;3635
158;3636
350;3636
368;3636
373;3636
378;3636
428;3636
281;3638
230;3641
281;3642
173;3643
184;3643
281;3648
281;3649
451;3649
463;3649
473;3649
505;3649
530;3649
158;3650
350;3650
368;3650
378;3650
414;3650
428;3650
281;3652
142;3655
158;3655
173;3655
184;3655
214;3655
230;3655
242;3655
142;3658
158;3658
173;3658
184;3658
378;3660
414;3660
428;3660
490;3660
142;3661
158;3661
173;3661
184;3661
142;3662
266;3662
281;3662
378;3662
414;3662
451;3665
451;3667
463;3667
473;3667
490;3667
281;3669
142;3670
266;3670
373;3670
378;3670
281;3673
378;3675
428;3675
281;3676
158;3677
266;3677
281;3677
373;3677
378;3677
350;3678
368;3678
142;3679
158;3679
266;3679
281;3679
350;3679
368;3679
373;3679
378;3679
414;3679
428;3679
281;3683
281;3684
451;3684
463;3684
473;3684
490;3684
505;3684
530;3684
414;3685
428;3685
281;3687
281;3689
505;3689
530;3689
281;3691
158;3692
350;3692
368;3692
373;3692
378;3692
142;3695
214;3695
266;3695
281;3695
490;3698
281;3699
158;3700
266;3700
281;3700
350;3700
368;3700
373;3700
378;3700
414;3700
281;3703
414;3703
451;3703
463;3703
473;3703
490;3703
505;3703
530;3703
281;3704
378;3706
414;3706
428;3706
142;3707
266;3707
281;3707
350;3707
368;3707
373;3707
378;3707
414;3707
428;3707
281;3712
158;3713
350;3713
368;3713
373;3713
378;3713
451;3718
463;3718
473;3718
490;3718
158;3722
368;3722
378;3722
428;3722
451;3722
463;3722
473;3722
490;3722
505;3723
214;3725
505;3727
281;3731
505;3731
530;3731
414;3734
281;3735
505;3735
530;3735
373;3737
378;3741
451;3741
463;3741
473;3741
505;3741
158;3744
173;3744
184;3744
121;3746
210;3746
269;3746
285;3746
312;3746
316;3746
318;3746
320;3746
316;3748
320;3748
121;3750
210;3750
121;3752
210;3752
125;3753
320;3753
121;3754
210;3754
320;3755
101;3758
128;3758
226;3758
269;3758
285;3758
301;3758
312;3758
316;3758
318;3758
320;3758
321;3758
338;3758
405;3758
436;3758
125;3759
320;3759
316;3761
320;3761
316;3762
320;3762
125;3766
320;3766
210;3767
138;3768
153;3768
170;3768
181;3768
186;3768
320;3771
128;3774
226;3774
320;3774
405;3774
436;3774
405;3775
121;3776
210;3776
121;3777
210;3777
316;3778
320;3778
125;3780
320;3780
125;3783
320;3783
121;3784
210;3784
138;3785
153;3785
181;3785
186;3785
101;3788
210;3789
125;3793
320;3793
210;3794
226;3800
226;3801
210;3804
125;3808
320;3808
320;3810
125;3811
320;3811
121;3812
210;3813
138;3814
153;3814
181;3814
186;3814
125;3816
210;3816
320;3816
101;3818
210;3819
101;3820
128;3820
226;3820
316;3820
320;3820
321;3820
338;3820
405;3820
436;3820
128;3821
226;3821
316;3821
320;3821
405;3821
436;3821
125;3823
320;3823
121;3824
210;3824
226;3824
125;3825
320;3825
226;3826
170;3827
405;3828
436;3828
121;3830
210;3830
128;3831
226;3831
316;3831
320;3831
321;3831
436;3831
101;3834
405;3834
121;3836
138;3836
153;3836
181;3836
186;3836
210;3836
316;3838
320;3838
436;3841
121;3843
210;3843
226;3843
269;3843
285;3843
301;3843
312;3843
316;3843
318;3843
320;3843
210;3845
226;3846
316;3848
320;3848
101;3849
114;3849
121;3849
125;3849
128;3849
153;3849
181;3849
121;3852
210;3852
121;3854
226;3854
121;3855
210;3855
101;3856
114;3856
121;3856
125;3856
128;3856
138;3856
170;3856
186;3856
320;3859
128;3860
226;3860
316;3860
320;3860
121;3861
210;3861
125;3862
320;3862
226;3863
269;3863
285;3863
301;3863
312;3863
316;3863
318;3863
320;3863
321;3863
338;3863
405;3863
436;3863
121;3864
210;3865
101;3866
114;3866
121;3866
125;3866
128;3866
320;3869
125;3870
320;3870
436;3871
125;3872
320;3872
210;3873
436;3873
101;3874
114;3874
121;3874
125;3874
128;3874
128;3875
316;3875
320;3875
101;3877
210;3880
436;3880
170;3882
181;3882
125;3884
320;3884
320;3885
210;3889
210;3892
316;3895
321;3895
338;3895
101;3896
436;3897
210;3898
101;3900
128;3900
226;3900
316;3900
320;3900
321;3900
338;3900
405;3900
436;3900
125;3901
320;3901
114;3902
121;3902
125;3902
128;3902
138;3902
153;3902
170;3902
181;3902
186;3902
210;3902
226;3902
210;3905
101;3908
269;3908
285;3908
301;3908
312;3908
316;3908
318;3908
320;3908
210;3909
285;3909
301;3909
312;3909
316;3909
318;3909
320;3909
101;3910
210;3912
436;3912
210;3913
210;3914
125;3915
210;3915
320;3915
114;3916
125;3916
128;3916
138;3916
153;3916
170;3916
181;3916
186;3916
114;3918
121;3918
125;3918
128;3918
320;3920
338;3921
125;3924
320;3924
101;3925
114;3929
121;3929
125;3929
128;3929
436;3930
128;3931
226;3931
316;3931
320;3931
321;3931
338;3931
436;3931
436;3933
210;3934
316;3938
320;3938
114;3939
121;3939
125;3939
128;3939
138;3939
170;3939
181;3939
186;3939
125;3940
320;3940
210;3944
436;3944
121;3947
210;3947
226;3947
269;3947
301;3947
312;3947
316;3947
318;3947
320;3947
320;3948
316;3951
320;3951
121;3956
170;3956
210;3956
226;3956
269;3957
285;3957
301;3957
312;3957
316;3957
318;3957
320;3957
138;3959
153;3959
170;3959
186;3959
170;3961
101;3964
301;3965
121;3966
153;3967
170;3967
320;3968
226;3970
316;3971
320;3971
210;3972
210;3976
101;3977
128;3977
226;3977
269;3977
285;3977
301;3977
312;3977
316;3977
318;3977
320;3977
321;3977
338;3977
405;3977
436;3977
316;3979
320;3979
121;3980
121;3981
210;3981
320;3982
101;3983
301;3983
321;3983
338;3983
436;3983
316;3984
114;3985
121;3985
125;3985
128;3985
138;3987
153;3987
181;3987
186;3987
125;3988
320;3988
101;3989
114;3989
121;3989
125;3989
128;3989
138;3989
153;3989
181;3989
186;3989
125;3990
320;3990
101;3994
269;3994
285;3994
301;3994
312;3994
316;3994
318;3994
320;3994
321;3994
338;3994
210;3995
210;3996
436;3996
101;3997
269;3997
285;3997
321;3997
338;3997
436;3998
125;4000
320;4000
101;4001
128;4001
226;4001
269;4001
285;4001
312;4001
316;4001
318;4001
320;4001
405;4001
265;4053
311;4053
282;4054
216;4055
157;4059
142;4066
265;4066
282;4066
311;4066
200;4067
216;4067
231;4067
242;4067
250;4067
142;4068
265;4068
282;4068
311;4068
142;4069
157;4069
200;4069
216;4069
231;4069
242;4069
250;4069
142;4071
157;4071
142;4072
157;4072
200;4072
216;4072
231;4072
242;4072
142;4074
142;4075
157;4076
200;4076
216;4076
231;4076
242;4076
250;4076
142;4077
157;4077
157;4080
142;4082
311;4082
142;4083
265;4083
282;4083
142;4084
157;4084
200;4084
216;4084
231;4084
242;4084
250;4084
265;4084
282;4084
311;4084
242;4085
250;4085
142;4088
200;4088
216;4088
231;4088
242;4088
250;4088
265;4088
282;4088
311;4088
265;4090
142;4091
142;4095
200;4095
231;4095
242;4095
250;4095
265;4095
282;4095
311;4095
142;4096
157;4096
216;4096
231;4096
242;4096
142;4097
282;4097
142;4098
157;4098
250;4098
265;4098
282;4098
311;4098
142;4101
142;4105
200;4105
216;4105
231;4105
242;4105
250;4105
265;4105
282;4105
311;4105
265;4106
311;4106
142;4108
142;4110
157;4110
200;4113
216;4113
231;4113
242;4113
250;4113
142;4116
282;4116
311;4116
200;4121
216;4121
231;4121
200;4122
250;4122
211;4126
211;4127
472;4128
459;4129
472;4129
472;4130
196;4132
166;4133
180;4133
150;4135
133;4136
196;4136
211;4136
211;4138
472;4138
133;4139
150;4139
166;4139
180;4139
211;4140
459;4140
472;4140
211;4143
472;4143
166;4144
180;4144
196;4144
211;4144
228;4144
472;4145
211;4146
133;4147
150;4147
166;4147
180;4147
133;4148
150;4148
196;4148
211;4148
228;4148
211;4149
459;4149
472;4149
459;4150
133;4151
150;4151
166;4151
211;4152
228;4152
211;4153
459;4153
472;4153
133;4155
150;4155
166;4155
180;4155
133;4156
150;4156
166;4156
180;4156
459;4157
472;4158
459;4159
150;4160
211;4161
228;4162
211;4164
459;4164
472;4164
196;4165
211;4165
228;4165
133;4166
150;4166
166;4166
180;4166
211;4166
228;4166
133;4169
166;4169
180;4169
211;4169
133;4170
150;4170
166;4170
180;4170
196;4170
228;4170
180;4171
459;4172
196;4173
133;4177
150;4177
166;4177
180;4177
196;4177
211;4177
228;4177
211;4178
459;4178
459;4179
196;4181
211;4181
228;4181
196;4182
211;4182
228;4182
196;4183
211;4183
228;4183
207;4206
240;4206
224;4207
138;4209
154;4209
169;4209
138;4210
154;4210
169;4210
138;4211
154;4211
169;4211
240;4211
224;4212
224;4214
207;4218
224;4218
240;4218
154;4219
169;4219
224;4220
138;4221
154;4221
169;4221
138;4227
154;4227
169;4227
207;4227
224;4227
224;4228
138;4229
154;4229
169;4229
207;4229
224;4229
240;4229
169;4230
154;4231
169;4231
138;4232
154;4232
207;4233
224;4233
224;4235
138;4236
154;4236
207;4236
224;4236
224;4239
224;4242
207;4243
224;4243
138;4245
224;4247
207;4248
240;4248
240;4249
138;4251
169;4251
207;4251
224;4251
240;4251
207;4252
240;4253
224;4255
240;4255
240;4256
224;4258
138;4259
154;4259
169;4259
207;4259
224;4259
240;4259
224;4260
224;4262
224;4263
120;4430
343;4430
400;4430
416;4430
109;4431
120;4432
124;4432
126;4432
120;4435
343;4435
400;4435
416;4435
315;4436
151;4437
136;4442
151;4442
315;4443
315;4444
168;4446
109;4447
509;4447
521;4447
215;4448
229;4448
243;4448
400;4449
416;4449
259;4450
343;4450
509;4450
120;4452
124;4452
259;4452
275;4452
307;4452
315;4452
325;4452
343;4452
358;4452
370;4452
377;4452
315;4456
109;4460
151;4460
151;4464
109;4465
259;4465
343;4465
509;4465
521;4465
343;4467
358;4467
370;4467
377;4467
315;4468
109;4469
151;4469
109;4470
136;4470
151;4470
168;4470
315;4471
120;4472
325;4472
343;4472
358;4472
370;4472
377;4472
400;4472
416;4472
124;4473
215;4473
275;4473
307;4474
315;4476
315;4477
151;4478
315;4485
124;4486
215;4486
229;4486
243;4486
259;4486
275;4486
307;4486
315;4486
325;4486
343;4486
358;4486
370;4486
377;4486
124;4487
259;4487
275;4487
307;4487
315;4487
315;4488
259;4492
275;4492
229;4493
243;4493
109;4494
127;4494
109;4495
151;4495
109;4496
127;4496
315;4503
343;4505
124;4507
259;4507
275;4507
307;4507
315;4507
325;4507
343;4507
358;4507
370;4507
377;4507
109;4508
151;4508
315;4509
168;4513
109;4518
509;4518
521;4518
136;4519
151;4519
215;4519
229;4519
243;4519
259;4519
275;4519
307;4519
315;4519
315;4521
151;4522
124;4524
307;4524
315;4524
325;4524
343;4524
136;4525
151;4525
151;4527
120;4528
124;4528
126;4528
136;4528
151;4528
215;4529
325;4529
343;4529
358;4529
370;4529
377;4529
259;4531
343;4531
259;4532
343;4532
151;4534
315;4539
315;4540
315;4541
120;4542
343;4542
400;4542
416;4542
136;4543
151;4543
215;4544
229;4544
243;4544
151;4546
136;4547
151;4547
215;4547
229;4547
243;4547
109;4548
127;4548
168;4548
120;4549
124;4549
126;4549
127;4549
168;4555
124;4557
168;4557
215;4557
229;4557
243;4557
259;4557
275;4557
307;4557
315;4557
120;4558
343;4558
400;4558
416;4558
215;4561
109;4562
259;4562
343;4562
509;4562
521;4562
120;4563
124;4563
126;4563
109;4564
151;4564
109;4565
127;4565
120;4567
124;4567
126;4567
127;4567
259;4570
109;4572
151;4572
151;4575
109;4576
109;4578
151;4578
325;4581
343;4581
358;4581
370;4581
377;4581
168;4583
229;4583
243;4583
315;4584
151;4587
120;4590
259;4590
315;4590
343;4590
416;4590
120;4595
124;4595
259;4595
275;4595
325;4595
343;4595
358;4595
370;4595
377;4595
109;4596
151;4596
315;4598
109;4599
521;4599
109;4601
509;4601
521;4601
315;4602
109;4604
120;4604
124;4604
126;4604
127;4604
151;4607
109;4610
259;4611
343;4611
124;4614
259;4614
275;4614
307;4614
315;4614
509;4616
521;4616
124;4617
136;4617
151;4617
215;4617
229;4617
243;4617
307;4617
315;4617
109;4618
127;4618
259;4620
343;4620
120;4621
325;4621
343;4621
358;4621
370;4621
377;4621
400;4621
416;4621
120;4623
325;4623
343;4623
358;4623
370;4623
377;4623
400;4623
416;4623
168;4625
120;4626
343;4626
400;4626
416;4626
400;4627
416;4627
109;4628
259;4628
343;4628
509;4628
521;4628
358;4630
370;4630
377;4630
168;4632
400;4634
315;4635
109;4636
151;4636
120;4638
124;4638
126;4638
127;4638
136;4638
151;4638
259;4639
343;4639
259;4640
343;4640
509;4640
315;4642
109;4643
120;4643
124;4643
126;4643
127;4643
136;4644
151;4644
168;4644
109;4647
151;4647
124;4648
215;4648
229;4648
243;4648
259;4648
275;4648
307;4648
315;4648
120;4650
124;4650
126;4650
127;4650
229;4651
243;4651
109;4652
325;4653
109;4654
509;4654
521;4654
109;4656
509;4656
521;4656
120;4657
124;4657
126;4657
136;4661
151;4661
151;4665
168;4666
315;4668
109;4672
151;4672
109;4673
521;4673
120;4676
124;4676
126;4676
414;4678
427;4678
396;4685
414;4685
427;4685
396;4687
414;4687
427;4687
296;4688
263;4696
296;4696
396;4696
414;4696
427;4696
140;4699
155;4699
172;4699
396;4704
414;4704
427;4704
140;4711
155;4711
172;4711
263;4712
280;4712
140;4714
155;4714
172;4714
140;4716
155;4716
172;4716
263;4718
280;4718
296;4718
140;4720
140;4722
155;4722
172;4722
263;4727
280;4727
296;4727
263;4729
280;4729
396;4734
414;4734
427;4734
396;4736
414;4736
427;4736
280;4741
296;4741
263;4742
280;4742
296;4742
396;4742
414;4742
427;4742
396;4746
414;4746
427;4746
263;4747
280;4747
296;4747
140;4750
155;4750
172;4750
396;4753
140;4756
155;4756
172;4756
263;4756
280;4756
263;4758
280;4758
296;4758
396;4763
414;4763
427;4763
140;4765
155;4765
172;4765
263;4768
280;4768
296;4768
140;4773
155;4773
172;4773
155;4778
172;4778
140;4782
155;4782
172;4782
263;4782
280;4782
296;4782
296;4784
396;4785
414;4785
427;4785
452;4808
477;4808
509;4808
522;4808
452;4809
466;4809
477;4809
489;4809
452;4810
466;4810
477;4810
489;4810
509;4810
522;4810
322;4811
337;4811
356;4811
372;4811
509;4814
522;4814
452;4816
466;4816
489;4816
322;4818
337;4818
356;4818
372;4818
337;4820
356;4820
372;4820
322;4821
337;4821
356;4821
372;4821
322;4822
337;4822
356;4822
372;4822
322;4823
337;4823
356;4823
372;4823
452;4824
466;4824
477;4824
489;4824
509;4824
522;4824
452;4826
466;4826
322;4827
337;4827
356;4827
372;4827
452;4828
466;4828
477;4828
489;4828
322;4830
337;4830
356;4830
372;4830
477;4830
489;4830
322;4834
337;4834
356;4834
372;4834
322;4835
337;4835
356;4835
372;4835
452;4836
509;4836
522;4836
322;4837
477;4837
452;4839
466;4839
477;4839
489;4839
509;4839
522;4839
452;4841
509;4841
522;4841
452;4842
509;4842
522;4842
452;4847
466;4847
489;4847
452;4848
452;4850
509;4850
522;4850
452;4851
466;4851
477;4851
489;4851
322;4854
337;4854
356;4854
372;4854
452;4854
466;4854
477;4854
489;4854
509;4854
522;4854
452;4855
466;4855
477;4855
489;4855
509;4855
522;4855
104;4913
104;4916
104;4920
104;4921
104;4922
104;4923
104;4924
104;4925
104;4927
104;4929
104;4930
152;4957
388;4959
404;4959
434;4959
452;4959
478;4959
491;4959
493;4959
497;4959
500;4959
388;4960
478;4960
500;4960
281;4961
417;4961
493;4961
529;4961
320;4963
376;4963
497;4963
203;4964
417;4967
320;4968
434;4968
500;4968
320;4970
404;4970
500;4970
478;4972
281;4974
417;4974
493;4974
529;4974
320;4975
388;4975
404;4975
417;4975
434;4975
452;4975
478;4975
493;4975
497;4975
500;4975
167;4976
388;4976
404;4976
434;4976
452;4976
478;4976
491;4976
493;4976
497;4976
500;4976
529;4976
320;4977
376;4977
497;4977
136;4978
152;4978
167;4978
167;4979
281;4979
417;4979
434;4979
452;4979
500;4979
529;4979
320;4980
388;4981
136;4983
152;4983
167;4983
314;4983
320;4984
417;4984
434;4985
478;4985
491;4985
493;4985
497;4985
500;4985
320;4986
417;4986
167;4987
281;4987
320;4987
417;4987
434;4987
452;4987
497;4987
529;4987
167;4988
281;4988
434;4988
478;4988
491;4988
497;4988
500;4988
529;4988
478;4989
500;4989
281;4990
417;4990
493;4990
529;4990
320;4991
434;4991
500;4991
320;4992
417;4992
500;4992
320;4993
434;4993
500;4993
203;4994
478;4996
500;4996
167;4998
281;5000
417;5000
493;5000
529;5000
152;5002
167;5002
203;5002
265;5002
281;5002
297;5002
309;5002
314;5002
317;5002
320;5002
331;5002
345;5002
363;5002
376;5002
388;5004
388;5005
478;5005
500;5005
320;5006
376;5006
404;5006
417;5006
497;5006
500;5006
281;5007
417;5007
493;5007
529;5007
297;5008
314;5008
317;5008
320;5008
136;5010
152;5010
203;5011
220;5011
233;5011
265;5011
281;5011
297;5011
309;5011
314;5011
317;5011
320;5011
331;5011
345;5011
363;5011
388;5011
404;5011
417;5011
434;5011
203;5013
203;5015
281;5016
417;5016
434;5018
478;5018
497;5018
281;5020
417;5020
493;5020
529;5020
320;5022
417;5022
500;5022
281;5023
417;5023
493;5023
529;5023
478;5024
500;5024
320;5026
434;5026
500;5026
136;5028
152;5028
167;5028
203;5028
220;5028
233;5028
320;5031
434;5031
500;5031
376;5032
320;5034
434;5034
500;5034
376;5035
404;5035
281;5036
417;5036
493;5036
529;5036
493;5037
320;5038
376;5038
404;5038
497;5038
320;5040
388;5040
404;5040
417;5040
434;5040
452;5040
478;5040
491;5040
493;5040
497;5040
203;5042
220;5042
233;5042
500;5043
136;5044
152;5044
167;5044
167;5046
452;5046
167;5047
281;5047
320;5047
376;5047
417;5047
452;5047
497;5047
529;5047
136;5048
152;5048
203;5048
220;5048
233;5048
265;5048
281;5048
167;5050
478;5051
500;5051
309;5052
320;5052
376;5052
417;5052
434;5052
320;5055
331;5055
404;5055
417;5055
434;5055
376;5056
497;5056
388;5057
417;5057
388;5058
233;5059
478;5060
500;5060
281;5061
417;5061
452;5061
491;5061
493;5061
497;5061
500;5061
529;5061
320;5062
434;5062
500;5062
331;5063
345;5063
452;5065
388;5066
478;5066
500;5066
203;5067
281;5070
320;5070
417;5070
434;5070
493;5070
500;5070
529;5070
281;5072
417;5072
493;5072
529;5072
320;5073
434;5073
500;5073
167;5074
281;5074
417;5074
452;5074
529;5074
320;5077
434;5077
500;5077
203;5079
320;5081
376;5081
497;5081
320;5083
376;5083
497;5083
233;5084
297;5084
309;5084
314;5084
317;5084
320;5084
320;5085
434;5085
500;5085
320;5086
404;5086
417;5086
500;5086
167;5089
281;5089
417;5089
452;5089
529;5089
203;5090
220;5090
265;5090
281;5090
297;5090
309;5090
404;5094
265;5095
297;5095
309;5095
314;5095
317;5095
320;5095
281;5096
417;5096
493;5096
529;5096
281;5097
417;5097
493;5097
529;5097
203;5099
220;5099
233;5099
167;5100
363;5102
376;5103
320;5108
434;5108
500;5108
388;5109
500;5115
167;5117
281;5117
320;5117
331;5117
345;5117
363;5117
376;5117
388;5117
404;5117
417;5117
434;5117
452;5117
478;5117
491;5117
493;5117
497;5117
500;5117
529;5117
478;5120
491;5120
220;5121
233;5121
136;5122
152;5122
167;5122
203;5122
220;5122
203;5123
281;5127
320;5127
417;5127
434;5127
493;5127
500;5127
529;5127
491;5128
493;5128
500;5128
309;5129
317;5129
320;5129
388;5131
478;5131
500;5131
281;5132
320;5132
417;5132
434;5132
493;5132
500;5132
529;5132
203;5138
220;5138
233;5138
281;5139
320;5139
417;5139
434;5139
493;5139
500;5139
529;5139
320;5141
404;5141
434;5141
203;5143
152;5144
203;5145
491;5146
497;5146
500;5146
265;5149
281;5149
297;5149
331;5149
345;5149
363;5149
388;5149
404;5149
417;5149
320;5153
434;5153
500;5153
320;5154
434;5154
500;5154
404;5155
281;5156
417;5156
493;5156
529;5156
320;5157
388;5157
404;5157
417;5157
434;5157
452;5157
493;5157
497;5157
500;5157
136;5158
203;5160
331;5161
345;5161
363;5161
376;5161
320;5165
434;5165
500;5165
203;5168
220;5168
233;5168
388;5169
320;5170
434;5170
500;5170
265;5172
281;5172
297;5172
309;5172
314;5172
317;5172
320;5172
320;5174
417;5174
320;5175
434;5175
500;5175
136;5176
152;5176
167;5176
265;5176
281;5176
297;5176
309;5176
314;5176
317;5176
320;5176
281;5179
417;5179
493;5179
529;5179
320;5186
434;5186
500;5186
203;5188
478;5189
500;5189
388;5190
388;5193
478;5193
500;5193
281;5194
417;5194
493;5194
529;5194
320;5195
404;5195
417;5195
500;5195
500;5198
388;5199
281;5200
417;5200
493;5200
529;5200
167;5201
452;5201
529;5201
320;5202
376;5202
404;5202
417;5202
497;5202
500;5202
320;5206
434;5206
500;5206
434;5208
452;5208
478;5208
491;5208
136;5209
320;5215
404;5215
417;5215
452;5216
493;5216
331;5219
345;5219
363;5219
376;5219
265;5220
281;5220
309;5220
314;5220
317;5220
320;5220
265;5222
281;5222
297;5222
314;5222
317;5222
320;5222
331;5222
345;5222
363;5222
376;5222
281;5226
417;5226
493;5226
529;5226
136;5227
167;5227
281;5228
417;5228
320;5229
376;5229
497;5229
320;5230
331;5230
345;5230
363;5230
376;5230
388;5230
404;5230
417;5230
434;5230
265;5235
281;5235
417;5236
203;5237
220;5237
233;5237
281;5237
297;5237
309;5237
314;5237
317;5237
320;5237
331;5237
345;5237
363;5237
376;5237
345;5238
363;5238
376;5238
167;5239
281;5239
417;5239
452;5239
529;5239
320;5240
404;5240
417;5240
500;5240
395;5242
412;5242
395;5245
412;5245
395;5246
412;5247
431;5247
395;5249
395;5250
412;5250
431;5250
431;5251
395;5252
412;5252
431;5252
395;5253
412;5253
431;5253
431;5254
395;5255
431;5255
412;5256
431;5256
412;5257
395;5260
412;5260
431;5260
395;5261
412;5261
431;5261
395;5262
412;5262
431;5262
202;5264
217;5264
235;5264
247;5264
397;5265
431;5265
165;5266
202;5271
217;5271
235;5271
247;5271
267;5272
118;5274
118;5275
134;5275
150;5275
165;5275
202;5275
217;5275
235;5275
247;5275
134;5279
150;5279
165;5279
202;5279
217;5279
235;5279
247;5279
333;5280
397;5281
431;5281
299;5282
333;5282
349;5282
365;5282
375;5282
118;5284
397;5290
431;5290
118;5291
134;5291
165;5291
299;5292
267;5295
299;5295
397;5295
431;5295
111;5296
118;5296
134;5296
150;5296
165;5296
202;5296
217;5296
235;5296
247;5296
202;5299
217;5299
235;5299
247;5299
267;5299
150;5300
165;5300
299;5305
111;5306
333;5307
349;5307
365;5307
375;5307
202;5308
217;5308
235;5308
247;5308
267;5311
349;5311
365;5311
375;5311
333;5314
134;5315
111;5318
349;5319
365;5319
375;5319
111;5320
118;5320
134;5320
150;5320
165;5320
202;5320
217;5320
235;5320
247;5320
267;5323
299;5323
397;5324
267;5325
299;5325
333;5325
349;5325
365;5325
375;5325
397;5325
431;5325
333;5326
349;5326
365;5326
375;5326
397;5327
431;5327
202;5328
217;5328
235;5328
247;5328
267;5328
299;5328
397;5329
431;5329
397;5330
431;5330
333;5331
349;5331
365;5331
375;5331
375;5333
299;5334
111;5337
134;5337
150;5337
165;5337
150;5338
165;5338
202;5338
217;5338
235;5338
247;5338
431;5339
333;5340
349;5340
365;5340
375;5340
118;5341
134;5341
150;5341
111;5345
111;5346
118;5346
267;5347
299;5347
375;5347
111;5349
118;5349
118;5350
397;5352
431;5352
333;5354
349;5354
365;5354
267;5355
299;5356
202;5358
217;5358
235;5358
247;5358
333;5360
349;5360
365;5360
375;5360
267;5362
299;5362
134;5363
150;5363
165;5363
111;5366
111;5367
134;5367
150;5367
397;5368
431;5368
267;5370
333;5370
349;5370
365;5370
111;5372
118;5372
134;5372
150;5372
165;5372
470;5395
418;5397
418;5405
470;5407
470;5408
481;5408
470;5409
481;5409
386;5411
402;5411
418;5411
386;5414
402;5414
481;5426
470;5429
386;5431
402;5431
386;5432
402;5432
418;5432
470;5436
481;5441
470;5443
481;5443
418;5446
386;5450
402;5450
418;5450
386;5451
402;5451
470;5451
481;5451
386;5454
402;5454
418;5454
470;5454
481;5454
386;5465
402;5465
418;5465
481;5488
386;5489
402;5489
418;5489
470;5489
481;5490
386;5497
402;5497
386;5498
402;5498
418;5498
481;5504
418;5509
470;5509
481;5509
117;5513
130;5513
162;5513
179;5513
193;5513
410;5514
492;5514
108;5517
117;5517
492;5519
455;5520
466;5520
478;5520
492;5520
210;5521
347;5525
363;5525
373;5525
117;5526
210;5526
117;5528
210;5528
117;5529
117;5531
210;5531
466;5536
478;5536
492;5536
162;5538
179;5538
225;5538
347;5538
363;5538
373;5538
410;5538
210;5539
162;5541
263;5541
347;5541
363;5541
373;5541
210;5542
410;5543
492;5543
263;5544
279;5544
295;5544
162;5548
210;5549
478;5549
179;5552
410;5552
455;5552
466;5552
478;5552
492;5552
117;5553
210;5553
117;5555
210;5555
162;5556
179;5556
347;5556
363;5556
373;5556
210;5557
117;5559
210;5564
492;5565
492;5566
410;5575
492;5575
179;5579
410;5579
117;5582
117;5583
455;5584
466;5584
478;5584
492;5584
117;5585
210;5585
117;5587
130;5587
162;5587
179;5587
193;5587
210;5587
225;5587
492;5589
492;5590
492;5593
410;5597
295;5598
210;5599
478;5599
193;5600
210;5600
225;5600
263;5600
279;5600
492;5603
108;5604
117;5604
455;5605
466;5605
478;5605
492;5605
179;5607
410;5607
466;5607
478;5607
492;5607
210;5609
117;5614
478;5616
108;5617
117;5617
130;5617
162;5617
179;5617
225;5617
455;5623
492;5623
478;5624
466;5626
478;5626
492;5626
210;5629
117;5630
108;5632
117;5632
179;5633
410;5633
108;5634
117;5634
130;5634
162;5634
179;5634
117;5637
193;5641
210;5641
117;5642
210;5642
410;5644
492;5644
108;5645
117;5645
130;5645
162;5645
179;5645
210;5646
117;5648
210;5648
108;5651
117;5651
162;5653
179;5653
347;5653
363;5653
373;5653
117;5656
130;5656
162;5656
179;5656
193;5656
210;5656
225;5656
263;5656
279;5656
295;5656
347;5656
363;5656
373;5656
210;5659
210;5662
263;5663
279;5663
295;5663
210;5665
162;5666
117;5668
162;5671
347;5671
363;5671
373;5671
108;5672
117;5672
130;5672
162;5672
179;5672
210;5672
225;5672
117;5674
478;5675
410;5676
492;5676
117;5679
117;5680
210;5680
410;5683
492;5683
210;5684
108;5685
117;5685
130;5685
162;5685
179;5685
117;5686
410;5688
117;5691
193;5692
210;5692
225;5692
263;5692
279;5692
295;5692
210;5693
478;5693
410;5694
263;5695
279;5695
295;5695
410;5695
210;5698
478;5698
117;5699
130;5699
162;5699
179;5699
295;5700
210;5701
478;5702
117;5703
162;5704
193;5704
210;5704
225;5704
347;5704
363;5704
373;5704
263;5705
279;5705
295;5705
478;5711
410;5712
492;5712
455;5713
466;5713
478;5713
492;5713
179;5714
410;5714
455;5714
492;5714
117;5720
210;5720
117;5722
117;5725
130;5725
162;5725
179;5725
193;5725
210;5725
225;5725
295;5725
347;5728
363;5728
373;5728
466;5729
478;5729
492;5729
117;5732
210;5732
210;5734
210;5735
210;5736
117;5737
108;5740
117;5740
179;5741
193;5741
210;5741
225;5741
263;5741
279;5741
295;5741
492;5742
492;5743
210;5744
410;5745
455;5745
492;5745
179;5746
410;5746
263;5748
279;5748
295;5748
117;5749
117;5750
410;5751
492;5751
179;5755
410;5755
455;5755
466;5755
478;5755
492;5755
162;5759
193;5759
210;5759
225;5759
263;5759
279;5759
347;5759
363;5759
373;5759
117;5760
210;5760
410;5762
455;5763
492;5763
478;5764
478;5765
117;5769
130;5769
162;5769
108;5771
117;5771
193;5771
210;5771
117;5773
162;5774
347;5774
363;5774
373;5774
179;5775
117;5776
455;5777
466;5777
478;5777
492;5777
117;5778
279;5779
394;5782
407;5782
435;5782
227;5783
195;5786
341;5786
358;5786
195;5788
211;5788
227;5788
358;5791
103;5792
140;5792
156;5792
181;5792
195;5794
211;5794
407;5794
491;5794
195;5795
211;5795
407;5795
491;5795
227;5797
140;5798
423;5799
103;5800
156;5800
195;5801
341;5801
394;5801
407;5801
435;5801
103;5802
341;5804
358;5804
195;5808
407;5808
423;5808
491;5808
195;5813
211;5813
491;5813
103;5814
140;5814
156;5814
181;5814
103;5815
140;5815
156;5815
181;5815
195;5815
211;5815
227;5815
358;5815
103;5816
195;5817
211;5817
227;5817
195;5821
211;5821
394;5821
407;5821
435;5821
491;5821
195;5822
211;5822
103;5824
103;5826
394;5828
407;5828
435;5828
407;5829
423;5829
195;5831
211;5831
195;5832
227;5832
423;5832
435;5832
211;5833
195;5834
394;5834
407;5834
423;5834
435;5834
103;5836
140;5836
181;5836
103;5837
140;5837
156;5837
181;5837
103;5838
195;5840
211;5840
407;5840
491;5840
103;5843
140;5843
156;5843
181;5843
195;5844
358;5845
140;5846
103;5847
156;5847
181;5847
211;5847
195;5848
211;5848
227;5848
195;5850
341;5850
195;5851
227;5851
423;5853
195;5854
211;5854
394;5854
407;5854
435;5854
491;5854
195;5855
341;5855
358;5855
394;5855
407;5855
435;5855
491;5855
195;5856
341;5856
358;5856
195;5860
211;5860
394;5860
407;5860
423;5860
435;5860
491;5860
103;5861
140;5861
156;5861
181;5861
103;5862
140;5862
156;5862
181;5862
358;5863
394;5864
423;5865
103;5866
140;5866
156;5866
181;5866
195;5867
211;5867
394;5867
407;5867
423;5867
435;5867
491;5867
195;5868
211;5868
227;5868
195;5869
341;5869
195;5870
211;5870
407;5870
195;5871
358;5871
195;5872
211;5872
103;5873
211;5874
227;5874
341;5876
358;5876
341;5877
103;5879
195;5880
341;5880
394;5880
407;5880
423;5880
435;5880
195;5881
211;5881
407;5881
423;5881
491;5881
103;5882
156;5882
181;5882
195;5882
211;5882
227;5882
341;5882
358;5882
434;5883
434;5884
434;5885
434;5886
386;5888
401;5888
419;5888
434;5888
455;5888
477;5888
386;5889
401;5889
419;5889
434;5889
455;5889
477;5889
434;5890
455;5890
434;5891
455;5891
477;5891
434;5892
434;5893
386;5894
401;5894
419;5894
434;5894
434;5895
434;5896
455;5896
386;5897
401;5897
419;5897
434;5897
434;5898
455;5898
477;5898
386;5899
401;5899
419;5899
434;5899
434;5900
386;5901
401;5901
419;5901
434;5901
434;5902
455;5902
477;5903
434;5904
434;5906
434;5908
434;5909
434;5910
434;5911
455;5912
434;5913
434;5914
477;5915
386;5916
401;5916
419;5916
434;5916
434;5917
434;5918
434;5919
386;5920
419;5920
434;5920
455;5920
477;5920
434;5922
386;5924
434;5924
455;5924
477;5924
434;5926
386;5928
401;5928
419;5928
434;5928
477;5928
401;5930
419;5930
434;5930
434;5931
401;5932
386;5933
477;5934
401;5935
419;5935
434;5936
455;5936
477;5936
204;5941
220;5941
234;5941
204;5952
220;5952
234;5952
204;5954
220;5954
234;5954
204;5957
220;5957
234;5957
204;5958
220;5958
234;5958
204;5965
220;5965
234;5965
204;5966
220;5966
234;5966
204;5968
220;5968
234;5968
204;5972
220;5972
234;5972
204;5973
220;5973
234;5973
204;5978
220;5978
234;5978
179;5989
191;5989
249;5989
409;5989
438;5989
447;5989
458;5989
469;5989
481;5989
489;5989
131;5992
148;5992
164;5992
179;5992
187;5992
191;5992
438;5994
236;5998
253;5998
308;5998
131;6002
148;6002
164;6002
179;6002
187;6002
191;6002
191;6003
179;6004
191;6004
262;6004
278;6004
308;6004
392;6004
409;6004
438;6004
447;6004
249;6005
253;6005
179;6006
191;6006
409;6006
438;6006
447;6006
179;6007
191;6007
392;6007
409;6007
438;6007
447;6007
458;6007
469;6007
481;6007
489;6007
179;6009
191;6009
392;6009
409;6009
438;6009
458;6009
469;6009
249;6011
438;6011
458;6011
469;6011
481;6011
489;6011
131;6012
148;6012
191;6012
131;6016
148;6016
164;6016
179;6016
201;6016
217;6016
236;6016
245;6016
249;6016
256;6016
131;6020
148;6020
164;6020
179;6020
187;6020
191;6020
253;6023
187;6024
521;6034
511;6036
521;6036
249;6037
253;6037
392;6039
438;6039
201;6040
217;6040
236;6040
245;6040
249;6040
253;6040
256;6040
262;6040
278;6040
438;6041
131;6048
148;6048
164;6048
249;6049
253;6049
249;6051
253;6051
179;6052
191;6052
249;6052
409;6052
438;6052
447;6052
458;6052
469;6052
481;6052
489;6052
191;6056
392;6056
438;6056
447;6056
511;6057
249;6058
458;6058
469;6058
481;6058
489;6058
511;6058
521;6058
249;6061
253;6061
164;6064
179;6064
187;6064
191;6064
201;6064
217;6064
236;6064
245;6064
249;6064
253;6064
256;6064
308;6064
164;6068
131;6072
148;6072
187;6072
191;6072
201;6073
217;6073
236;6073
245;6073
253;6073
256;6073
262;6073
278;6073
308;6073
249;6079
253;6079
179;6081
392;6081
409;6081
438;6081
447;6081
249;6082
262;6082
278;6082
308;6082
438;6082
179;6085
249;6085
392;6085
409;6085
438;6085
458;6085
481;6085
489;6085
179;6093
191;6093
438;6093
249;6094
253;6094
249;6095
253;6095
249;6096
458;6096
469;6096
489;6096
511;6096
521;6096
249;6097
253;6097
131;6098
148;6098
164;6098
179;6098
187;6098
191;6098
245;6098
249;6098
253;6098
256;6098
262;6098
278;6098
308;6098
458;6099
469;6099
511;6100
392;6105
438;6105
447;6105
131;6108
148;6108
164;6108
179;6108
187;6108
201;6108
217;6108
236;6108
245;6108
249;6108
253;6108
256;6108
262;6108
278;6108
308;6108
179;6110
191;6110
392;6110
409;6110
438;6110
447;6110
201;6111
217;6111
236;6111
245;6111
249;6111
253;6111
256;6111
249;6113
253;6113
469;6114
249;6119
469;6119
481;6119
489;6119
521;6120
511;6121
521;6121
511;6122
521;6122
201;6123
217;6123
236;6123
245;6123
249;6123
253;6123
256;6123
262;6123
278;6123
308;6123
511;6124
521;6124
201;6125
217;6125
236;6125
245;6125
249;6125
253;6125
256;6125
262;6125
278;6125
308;6125
438;6125
179;6129
191;6129
262;6129
278;6129
308;6129
392;6129
409;6129
438;6129
447;6129
201;6130
217;6130
236;6130
201;6132
217;6132
245;6132
249;6132
256;6132
458;6135
249;6136
253;6136
438;6138
262;6144
278;6144
131;6145
148;6145
179;6145
187;6145
191;6145
201;6145
217;6145
236;6145
245;6145
249;6145
253;6145
256;6145
262;6145
278;6145
308;6145
511;6148
521;6148
249;6149
481;6149
489;6149
511;6150
179;6154
131;6155
148;6155
164;6155
179;6155
187;6155
191;6155
164;6162
179;6162
187;6162
191;6162
249;6164
392;6164
409;6164
438;6164
481;6164
489;6164
521;6165
249;6166
481;6166
489;6166
249;6167
458;6167
469;6167
481;6167
511;6167
521;6167
191;6168
438;6168
447;6168
110;6171
110;6173
110;6179
110;6180
110;6181
110;6182
110;6183
110;6184
110;6188
110;6190
110;6191
436;6193
259;6194
276;6194
292;6194
326;6194
342;6194
360;6194
369;6194
391;6194
436;6194
436;6195
203;6200
219;6200
247;6200
252;6200
326;6203
360;6203
436;6204
326;6205
342;6205
360;6205
369;6205
423;6205
436;6205
436;6206
203;6207
276;6207
326;6210
342;6210
360;6210
369;6210
391;6210
423;6210
436;6210
252;6214
292;6214
203;6215
219;6215
247;6215
247;6217
342;6218
391;6218
423;6218
436;6218
276;6223
292;6223
203;6224
219;6224
247;6224
259;6224
276;6224
369;6224
423;6225
259;6227
234;6231
259;6231
276;6231
292;6231
326;6231
342;6231
360;6231
369;6231
203;6232
219;6232
234;6232
252;6232
326;6235
342;6235
391;6235
436;6235
259;6236
234;6238
259;6238
276;6238
292;6238
326;6238
342;6238
360;6238
369;6238
423;6238
203;6239
276;6239
342;6240
360;6240
369;6240
391;6240
423;6240
436;6240
234;6241
252;6241
203;6244
276;6244
342;6246
360;6246
369;6246
391;6246
423;6246
436;6246
203;6250
219;6250
234;6250
247;6250
252;6250
259;6251
292;6255
342;6257
391;6257
423;6257
436;6257
259;6259
259;6260
259;6264
276;6264
292;6264
326;6264
342;6264
360;6264
369;6264
391;6264
423;6264
436;6264
342;6267
203;6268
276;6268
203;6271
276;6271
203;6279
276;6279
203;6280
276;6280
436;6282
203;6283
276;6283
203;6285
276;6285
436;6287
259;6288
436;6290
391;6292
203;6293
219;6293
234;6293
247;6293
252;6293
276;6296
292;6296
259;6297
247;6300
259;6302
276;6302
292;6302
342;6302
360;6302
391;6302
423;6302
436;6302
436;6304
436;6307
203;6310
219;6310
234;6310
247;6310
252;6310
259;6310
276;6310
342;6311
436;6314
259;6315
219;6318
234;6318
247;6318
259;6318
276;6318
292;6318
326;6318
342;6318
360;6318
369;6318
252;6319
342;6320
391;6320
423;6320
436;6320
259;6321
326;6325
369;6325
326;6326
259;6327
259;6328
203;6329
203;6330
276;6330
203;6331
219;6331
234;6331
252;6331
259;6331
276;6331
292;6331
203;6332
276;6332
203;6334
219;6334
234;6334
247;6334
252;6335
436;6337
203;6338
219;6338
234;6338
247;6338
252;6338
259;6338
259;6340
102;6342
102;6352
102;6363
102;6373
102;6377
102;6386
102;6415
102;6425
102;6431
102;6432
102;6438
258;6440
273;6440
290;6440
334;6440
258;6442
273;6442
290;6442
111;6443
111;6444
258;6448
273;6448
290;6448
273;6449
290;6449
334;6463
352;6463
111;6468
111;6477
368;6478
111;6480
111;6483
334;6487
352;6487
111;6492
273;6493
290;6493
258;6494
334;6497
352;6497
368;6504
334;6511
352;6511
368;6511
111;6512
352;6513
368;6513
258;6514
273;6514
290;6514
334;6514
352;6514
368;6514
368;6516
111;6519
111;6524
368;6531
368;6542
334;6546
352;6546
368;6546
258;6558
273;6558
290;6558
258;6567
273;6567
290;6567
258;6569
273;6569
334;6571
352;6571
258;6579
290;6579
334;6585
352;6585
258;6595
273;6595
290;6595
334;6595
352;6595
368;6597
111;6598
258;6600
273;6600
290;6600
334;6600
352;6600
368;6600
222;6603
237;6603
315;6603
158;6604
141;6605
222;6605
248;6605
141;6607
158;6607
205;6607
222;6607
237;6607
248;6607
222;6608
315;6608
158;6614
367;6614
158;6615
295;6618
222;6621
315;6621
113;6622
141;6623
205;6623
222;6623
237;6623
248;6623
222;6624
237;6624
315;6624
141;6626
158;6626
237;6626
248;6626
141;6627
280;6627
308;6627
318;6627
222;6628
315;6628
222;6629
315;6629
205;6633
237;6633
141;6634
205;6634
280;6634
308;6634
318;6634
237;6637
205;6639
222;6639
237;6639
248;6639
222;6640
315;6640
222;6641
237;6641
315;6641
158;6645
352;6645
367;6645
141;6646
264;6646
280;6646
295;6646
308;6646
315;6646
318;6646
222;6647
315;6647
158;6648
264;6648
280;6648
295;6648
308;6648
315;6648
318;6648
352;6648
367;6648
113;6649
352;6650
222;6653
315;6653
113;6655
113;6656
222;6657
237;6657
315;6657
222;6661
237;6661
315;6661
158;6663
352;6663
367;6663
158;6666
352;6666
367;6666
222;6669
237;6669
315;6669
222;6670
315;6670
222;6671
237;6671
315;6671
205;6673
222;6675
315;6675
141;6676
280;6676
295;6676
308;6676
315;6676
318;6676
222;6677
315;6677
113;6678
141;6681
158;6681
205;6681
222;6681
237;6681
248;6681
222;6683
264;6683
280;6683
295;6683
308;6683
315;6683
318;6683
222;6685
237;6685
315;6685
141;6687
158;6687
141;6688
158;6688
141;6694
264;6694
280;6694
308;6694
315;6694
318;6694
113;6698
141;6698
141;6699
158;6699
264;6699
280;6699
308;6699
315;6699
318;6699
352;6699
367;6699
352;6700
367;6700
141;6701
205;6701
205;6705
222;6705
113;6706
141;6706
237;6706
248;6706
141;6708
158;6708
113;6709
222;6710
315;6710
158;6711
264;6711
295;6711
315;6711
352;6711
367;6711
158;6712
295;6712
141;6718
264;6718
280;6718
295;6718
308;6718
315;6718
318;6718
205;6719
222;6719
237;6719
248;6719
264;6719
280;6719
295;6719
308;6719
315;6719
318;6719
113;6721
141;6721
158;6721
205;6721
222;6721
237;6721
248;6721
264;6721
280;6721
308;6721
315;6721
318;6721
158;6723
158;6724
352;6724
367;6724
158;6726
352;6726
367;6726
113;6727
113;6730
141;6731
222;6731
248;6731
264;6731
295;6731
222;6732
237;6732
315;6732
222;6735
237;6735
248;6735
264;6735
295;6735
315;6735
222;6736
237;6736
315;6736
141;6738
158;6738
222;6739
237;6739
315;6739
158;6742
352;6742
367;6742
297;6768
505;6773
517;6773
529;6773
529;6777
529;6780
529;6783
266;6785
282;6785
297;6785
505;6788
517;6788
529;6788
529;6789
266;6799
282;6799
266;6801
282;6801
297;6801
505;6803
517;6803
529;6803
517;6805
517;6806
517;6807
266;6818
282;6818
297;6818
529;6823
517;6826
505;6827
517;6827
529;6827
529;6829
529;6830
505;6832
517;6832
529;6832
505;6833
517;6833
266;6834
529;6836
529;6839
297;6841
517;6844
529;6845
505;6848
517;6848
282;6853
505;6866
517;6866
529;6866
266;6868
282;6868
297;6868
529;6870
517;6872
529;6872
517;6873
529;6878
517;6879
529;6884
266;6885
282;6885
297;6885
517;6886
266;6887
282;6887
297;6887
297;6888
529;6893
266;6897
282;6897
297;6897
266;6898
282;6898
297;6898
517;6900
529;6906
505;6909
517;6909
529;6909
529;6910
517;6911
505;6914
517;6914
529;6914
505;6916
529;6918
517;6920
266;6921
282;6921
529;6927
529;6929
529;6931
502;6936
516;6936
525;6936
525;6937
453;6941
462;6941
473;6941
488;6941
496;6941
399;6950
416;6950
429;6950
440;6950
429;6964
429;6967
429;6969
453;6969
462;6969
473;6969
488;6969
496;6969
399;6973
416;6973
440;6973
399;6974
416;6974
429;6974
440;6974
399;6977
416;6977
429;6977
440;6977
453;6977
462;6977
473;6977
488;6977
496;6977
516;6977
525;6977
399;6978
416;6978
440;6978
502;6981
516;6981
525;6981
429;6984
502;6984
516;6984
525;6984
502;6988
516;6988
525;6988
453;6989
462;6989
473;6989
488;6989
496;6989
502;6989
525;6989
429;6992
453;6994
462;6994
488;6994
399;6996
416;6996
440;6996
399;6999
416;6999
429;6999
440;6999
453;6999
462;6999
473;6999
488;6999
496;6999
399;7009
416;7009
429;7009
440;7009
453;7009
462;7009
473;7009
488;7009
496;7009
399;7011
416;7011
440;7011
399;7012
416;7012
440;7012
453;7012
462;7012
473;7012
488;7012
496;7012
502;7012
516;7012
525;7012
453;7015
462;7015
473;7015
488;7015
496;7015
473;7016
488;7016
496;7016
453;7019
462;7019
473;7019
496;7019
502;7019
516;7019
502;7022
516;7022
525;7022
502;7024
516;7024
525;7024
502;7025
516;7025
525;7025
473;7029
488;7029
496;7029
399;7036
416;7036
429;7036
440;7036
453;7036
462;7036
502;7039
516;7039
115;7047
123;7047
144;7047
159;7047
176;7047
502;7048
513;7048
526;7048
159;7049
144;7059
159;7059
176;7059
159;7060
335;7060
502;7061
513;7061
468;7064
479;7073
123;7074
502;7082
526;7083
502;7085
513;7085
526;7085
115;7089
123;7089
144;7090
159;7090
176;7090
115;7093
123;7093
144;7101
159;7101
176;7101
115;7102
123;7102
457;7103
468;7103
502;7103
513;7103
526;7103
115;7106
123;7106
144;7106
159;7106
176;7106
335;7111
349;7111
159;7113
159;7115
335;7115
349;7115
457;7115
479;7115
176;7117
457;7119
468;7119
502;7120
513;7120
526;7120
457;7121
468;7121
479;7121
159;7123
144;7127
159;7127
176;7127
144;7128
159;7128
176;7128
479;7130
159;7132
335;7132
349;7132
159;7133
176;7133
115;7136
123;7136
115;7137
123;7137
457;7139
468;7139
502;7140
513;7140
526;7140
115;7141
123;7141
479;7143
502;7144
526;7144
468;7162
159;7165
335;7165
349;7165
159;7166
335;7166
349;7166
457;7166
468;7166
479;7166
159;7169
335;7169
349;7169
468;7169
479;7169
457;7171
335;7172
349;7172
468;7175
502;7177
513;7177
526;7177
457;7179
468;7179
502;7180
468;7185
479;7185
115;7187
123;7187
144;7187
159;7187
176;7187
335;7192
349;7192
513;7195
526;7195
144;7196
159;7196
176;7196
159;7202
349;7202
159;7205
335;7205
349;7205
457;7209
479;7209
479;7210
159;7211
335;7211
349;7211
457;7214
479;7214
513;7215
526;7215
144;7223
457;7226
502;7227
513;7227
115;7228
144;7228
115;7230
123;7230
513;7231
526;7231
112;7232
380;7234
354;7235
371;7235
380;7235
380;7236
321;7238
354;7238
371;7238
380;7238
380;7240
321;7241
340;7241
354;7241
371;7241
380;7241
321;7242
340;7242
354;7242
371;7242
380;7242
380;7246
321;7247
340;7247
380;7247
321;7249
340;7249
354;7249
371;7249
380;7249
321;7253
340;7253
354;7253
371;7253
380;7253
321;7254
340;7254
354;7254
371;7254
380;7254
321;7255
340;7255
354;7255
371;7255
380;7255
321;7257
340;7257
354;7257
380;7257
371;7258
380;7258
112;7259
112;7261
112;7266
112;7267
112;7269
112;7277
380;7282
321;7283
340;7283
380;7283
380;7284
354;7285
380;7285
112;7286
112;7287
112;7289
112;7290
340;7291
380;7291
321;7294
340;7294
354;7294
371;7294
380;7294
371;7295
380;7295
380;7296
514;7299
507;7304
507;7306
507;7308
507;7309
507;7312
396;7313
438;7313
514;7314
528;7314
507;7318
507;7320
262;7324
294;7324
262;7325
277;7325
294;7325
396;7326
413;7326
428;7326
438;7326
262;7332
277;7334
294;7334
262;7335
277;7335
294;7335
514;7336
507;7337
294;7340
514;7342
262;7343
277;7343
294;7343
507;7349
514;7349
528;7349
507;7351
294;7355
507;7356
200;7358
213;7358
232;7358
507;7360
514;7360
528;7360
507;7364
514;7364
262;7367
277;7367
294;7367
396;7368
413;7368
428;7368
438;7368
200;7369
213;7369
232;7369
507;7373
514;7373
528;7373
396;7374
413;7374
428;7374
438;7374
514;7375
507;7379
514;7379
262;7381
277;7381
105;7382
200;7382
213;7382
413;7383
428;7383
438;7383
277;7384
105;7385
413;7386
507;7389
396;7390
413;7390
428;7390
438;7390
200;7391
213;7391
232;7391
507;7392
262;7394
277;7394
294;7394
507;7395
213;7396
232;7396
507;7400
105;7401
200;7404
232;7404
507;7406
514;7409
105;7410
514;7412
396;7416
413;7416
428;7416
438;7416
396;7417
413;7417
428;7417
438;7417
105;7418
200;7419
105;7420
262;7423
277;7423
396;7423
428;7423
507;7424
507;7425
507;7426
396;7427
438;7427
507;7428
105;7429
262;7436
277;7436
213;7439
232;7439
232;7441
507;7442
507;7443
528;7448
200;7450
507;7451
507;7452
507;7457
396;7464
413;7464
428;7464
438;7464
507;7466
514;7466
514;7471
507;7473
507;7475
105;7478
514;7479
528;7479
507;7480
507;7482
507;7483
514;7483
507;7486
514;7489
507;7490
507;7492
514;7492
528;7492
507;7494
200;7495
213;7495
232;7495
262;7495
277;7495
294;7495
413;7495
428;7495
514;7496
528;7496
396;7502
413;7502
428;7502
438;7502
507;7502
514;7502
528;7502
105;7504
200;7504
213;7504
232;7504
213;7505
507;7508
514;7508
528;7508
105;7511
507;7514
105;7518
507;7519
200;7520
213;7520
232;7520
507;7524
514;7524
528;7524
507;7526
507;7528
507;7530
507;7531
200;7532
213;7532
232;7532
294;7532
326;7536
344;7536
359;7536
226;7537
406;7537
406;7539
424;7539
326;7542
344;7542
359;7542
193;7544
209;7544
226;7546
406;7546
424;7546
226;7547
326;7547
344;7547
359;7547
406;7547
424;7547
193;7548
209;7548
226;7550
326;7550
406;7550
424;7550
226;7551
424;7551
226;7552
226;7553
193;7554
209;7554
226;7554
193;7556
209;7556
193;7559
209;7559
209;7561
226;7561
226;7562
226;7563
326;7563
344;7563
359;7563
406;7563
424;7563
406;7564
424;7564
193;7568
209;7568
193;7569
209;7569
226;7569
326;7569
344;7569
359;7569
326;7570
344;7570
359;7570
226;7575
406;7575
424;7575
193;7576
209;7576
226;7576
226;7578
344;7579
359;7579
226;7580
406;7580
424;7580
326;7581
344;7581
359;7581
226;7582
193;7584
209;7584
226;7584
226;7586
326;7586
344;7586
359;7586
406;7586
424;7586
226;7588
326;7588
344;7588
359;7588
193;7590
193;7591
209;7591
226;7591
226;7592
406;7592
424;7592
326;7594
344;7594
359;7594
480;7595
480;7597
124;7598
260;7598
276;7598
325;7598
341;7598
357;7598
371;7598
124;7599
325;7599
341;7599
357;7599
371;7599
480;7600
480;7603
499;7605
357;7607
480;7608
468;7609
480;7609
487;7609
496;7609
498;7609
499;7609
357;7611
456;7612
468;7612
480;7612
487;7612
496;7612
498;7612
499;7612
498;7614
276;7615
480;7615
357;7616
108;7620
119;7620
124;7620
498;7622
357;7624
108;7625
119;7625
124;7625
498;7626
480;7627
498;7628
456;7629
468;7629
487;7629
496;7629
498;7629
499;7629
456;7630
498;7631
498;7632
456;7633
468;7633
480;7633
487;7633
496;7633
498;7633
499;7633
520;7633
532;7633
480;7634
357;7635
108;7636
119;7636
124;7636
456;7638
468;7638
487;7638
496;7638
498;7638
357;7639
124;7641
260;7641
276;7641
499;7642
108;7644
119;7644
124;7644
532;7645
480;7648
498;7652
108;7655
119;7655
124;7655
276;7656
480;7656
480;7657
499;7658
357;7659
108;7660
119;7660
124;7660
498;7661
498;7665
357;7666
498;7668
498;7669
480;7670
498;7672
325;7673
341;7673
357;7673
371;7673
498;7675
499;7675
520;7677
532;7677
260;7678
276;7678
456;7679
468;7679
480;7679
487;7679
496;7679
498;7679
499;7679
520;7679
532;7679
124;7680
276;7680
480;7681
325;7682
341;7682
357;7682
371;7682
357;7683
276;7686
480;7686
498;7687
480;7688
357;7689
357;7691
480;7691
124;7692
276;7693
480;7693
498;7694
480;7695
124;7696
276;7696
480;7697
499;7697
499;7698
357;7699
480;7699
499;7702
124;7704
357;7705
498;7706
499;7706
124;7707
260;7707
276;7707
325;7707
341;7707
357;7707
371;7707
480;7707
499;7707
498;7708
480;7709
520;7709
532;7709
108;7710
124;7710
498;7712
480;7713
520;7713
480;7714
108;7715
119;7715
124;7715
480;7716
498;7717
124;7718
260;7718
276;7718
325;7718
341;7718
357;7718
371;7718
456;7720
468;7720
480;7720
487;7720
496;7720
498;7720
124;7721
260;7721
276;7721
325;7721
341;7721
498;7722
124;7723
260;7723
276;7723
325;7723
341;7723
357;7723
371;7723
108;7724
119;7724
480;7726
480;7728
480;7729
498;7729
124;7730
260;7730
276;7730
325;7730
341;7730
357;7730
371;7730
496;7731
498;7731
499;7731
325;7732
341;7732
357;7732
371;7732
276;7735
480;7735
480;7736
480;7737
520;7737
532;7737
456;7740
468;7740
480;7740
487;7740
496;7740
498;7740
499;7740
520;7740
532;7740
480;7741
276;7743
480;7743
498;7747
480;7748
498;7750
498;7751
108;7752
119;7752
124;7752
357;7753
499;7754
276;7756
480;7756
498;7758
480;7759
520;7761
532;7761
456;7763
468;7763
480;7763
487;7763
496;7763
498;7763
499;7763
520;7763
532;7763
357;7766
357;7768
480;7769
276;7770
480;7770
499;7771
456;7772
468;7772
480;7772
487;7772
496;7772
499;7772
520;7772
532;7772
498;7774
260;7775
498;7776
480;7777
498;7778
276;7779
480;7779
498;7779
532;7781
276;7782
480;7782
480;7783
260;7784
341;7784
357;7784
371;7784
119;7785
276;7786
480;7786
498;7786
325;7788
357;7788
371;7788
498;7791
498;7792
499;7792
456;7793
468;7793
480;7793
487;7793
498;7793
520;7793
357;7794
108;7795
119;7795
124;7795
499;7796
480;7798
498;7799
480;7800
357;7801
260;7802
276;7802
106;7807
119;7807
223;7808
183;7811
208;7811
223;7812
183;7814
208;7814
208;7817
240;7817
269;7817
286;7817
302;7817
310;7817
106;7819
119;7819
137;7819
153;7819
169;7819
183;7819
223;7819
137;7820
153;7820
169;7820
183;7820
208;7820
223;7820
240;7820
208;7822
451;7822
208;7827
451;7827
462;7827
474;7827
183;7828
208;7828
269;7834
286;7834
302;7834
310;7834
208;7836
451;7836
462;7836
474;7836
269;7841
286;7841
302;7841
310;7841
208;7842
240;7842
119;7843
137;7843
153;7843
169;7843
183;7843
310;7843
119;7844
137;7844
169;7844
183;7844
106;7846
119;7846
183;7851
208;7852
223;7852
106;7854
223;7855
208;7859
223;7859
240;7859
223;7863
269;7863
286;7863
302;7863
310;7863
183;7871
208;7871
106;7872
208;7873
451;7873
462;7873
474;7873
183;7875
208;7875
208;7878
223;7878
240;7878
223;7879
286;7881
208;7883
451;7883
462;7883
474;7883
183;7885
208;7885
208;7886
451;7886
462;7886
474;7886
208;7891
223;7891
240;7891
137;7892
153;7892
169;7892
183;7892
208;7892
223;7892
240;7892
208;7900
462;7900
474;7900
183;7903
183;7904
208;7904
119;7905
208;7908
106;7910
137;7910
153;7910
169;7910
183;7910
208;7910
223;7910
240;7910
269;7915
286;7915
310;7915
153;7919
169;7919
183;7919
223;7922
269;7924
286;7924
302;7924
310;7924
208;7927
223;7927
240;7927
208;7929
451;7929
462;7929
474;7929
208;7935
451;7935
462;7935
474;7935
223;7938
183;7940
208;7940
208;7941
451;7941
462;7941
474;7941
106;7948
119;7948
137;7948
153;7948
169;7948
183;7948
106;7952
169;7952
183;7952
223;7954
153;7957
208;7958
269;7958
286;7958
302;7958
208;7959
451;7959
462;7959
474;7959
106;7960
119;7960
137;7960
153;7960
169;7960
183;7960
106;7963
119;7963
302;7966
183;7970
208;7970
137;7971
269;7972
451;7976
462;7976
474;7976
223;7978
269;7982
286;7982
302;7982
310;7982
137;7983
153;7983
223;7983
240;7983
223;7990
269;7993
286;7993
302;7993
310;7993
223;7996
106;7998
119;7998
137;7998
153;7998
169;7998
183;7998
302;7999
310;7999
208;8001
223;8001
240;8001
119;8002
269;8003
286;8003
302;8003
310;8003
270;8004
301;8004
270;8005
286;8005
301;8005
270;8006
286;8006
301;8006
286;8007
270;8009
301;8011
286;8012
286;8014
301;8014
270;8016
286;8016
301;8016
270;8017
286;8017
301;8017
270;8018
286;8018
301;8018
270;8021
286;8021
270;8022
301;8022
270;8023
301;8023
270;8025
286;8025
301;8025
286;8026
260;8028
275;8028
292;8028
260;8031
275;8031
292;8031
292;8032
260;8033
275;8033
260;8034
275;8034
292;8036
260;8037
292;8037
260;8038
275;8038
292;8038
275;8039
260;8041
275;8041
292;8041
260;8042
260;8043
275;8043
292;8043
260;8045
275;8045
292;8045
275;8046
292;8046
260;8049
275;8049
292;8049
287;8052
304;8052
335;8053
351;8053
365;8053
400;8053
110;8055
400;8067
415;8067
429;8067
110;8069
335;8071
351;8071
365;8071
415;8073
429;8073
272;8074
287;8074
304;8074
335;8074
351;8074
365;8074
415;8074
429;8074
400;8075
429;8075
272;8076
287;8076
304;8076
335;8076
351;8076
365;8076
335;8077
351;8077
365;8077
110;8079
272;8081
287;8081
304;8081
400;8083
415;8083
429;8083
272;8084
415;8085
429;8085
365;8086
400;8086
415;8086
400;8091
415;8091
429;8091
335;8092
400;8092
415;8092
429;8092
335;8095
351;8095
351;8098
365;8098
400;8098
429;8098
110;8101
272;8102
287;8102
304;8102
272;8107
287;8107
304;8107
335;8107
351;8107
365;8107
272;8110
287;8110
304;8110
335;8110
351;8110
365;8110
272;8114
110;8122
110;8131
351;8133
365;8133
110;8135
335;8137
272;8139
287;8139
304;8139
287;8141
304;8141
110;8142
272;8144
287;8144
304;8144
110;8150
110;8151
110;8153
400;8154
415;8154
429;8154
415;8157
272;8158
287;8158
304;8158
335;8158
351;8158
365;8158
400;8158
400;8159
415;8159
429;8159
330;8164
348;8164
362;8164
375;8164
380;8164
383;8164
348;8166
362;8166
330;8168
348;8168
362;8168
375;8168
380;8168
383;8168
330;8169
348;8169
362;8169
380;8169
383;8169
330;8176
348;8176
362;8176
375;8176
380;8176
383;8176
330;8185
348;8185
362;8185
375;8185
380;8185
383;8185
330;8187
362;8187
375;8187
380;8187
383;8187
383;8189
330;8194
375;8194
380;8194
383;8194
330;8195
348;8195
330;8197
348;8197
375;8197
380;8197
383;8197
330;8198
348;8198
362;8198
375;8198
380;8198
383;8198
330;8201
348;8201
362;8201
375;8201
380;8201
330;8204
348;8204
362;8204
375;8204
380;8204
383;8204
330;8206
362;8206
375;8206
271;8209
288;8209
304;8209
310;8209
314;8209
271;8210
310;8210
314;8210
288;8212
304;8212
310;8212
314;8212
314;8213
271;8215
288;8215
304;8215
310;8215
314;8215
288;8217
304;8217
271;8218
271;8219
288;8219
304;8219
314;8219
288;8220
304;8220
310;8220
314;8220
271;8221
288;8221
304;8221
310;8221
314;8221
271;8222
288;8222
304;8222
310;8222
314;8222
288;8224
304;8224
314;8224
271;8225
288;8225
304;8225
310;8225
314;8225
271;8226
310;8226
310;8227
271;8228
288;8228
304;8228
310;8228
271;8229
151;8230
323;8231
338;8231
354;8231
167;8233
167;8236
512;8236
523;8236
512;8237
523;8237
151;8238
121;8243
135;8243
151;8243
167;8243
178;8243
209;8243
225;8243
250;8243
253;8243
255;8243
113;8249
121;8249
151;8252
512;8254
512;8255
113;8258
121;8258
135;8258
151;8258
167;8258
178;8258
253;8258
255;8258
121;8259
151;8265
323;8267
338;8267
354;8267
151;8270
113;8272
135;8272
151;8272
167;8272
178;8272
209;8272
225;8272
250;8272
253;8272
255;8272
121;8278
151;8279
253;8280
151;8283
167;8286
512;8286
523;8286
167;8291
512;8291
523;8291
253;8296
250;8297
167;8301
121;8303
135;8303
178;8303
209;8303
225;8303
250;8303
253;8303
255;8303
253;8304
167;8305
512;8305
523;8305
209;8306
225;8306
250;8306
255;8306
512;8307
323;8308
338;8308
354;8308
135;8309
253;8309
512;8312
113;8313
121;8313
151;8313
167;8313
178;8313
113;8314
121;8314
135;8314
151;8314
167;8314
178;8314
209;8314
253;8314
255;8314
121;8318
151;8319
167;8319
178;8319
121;8321
512;8322
512;8324
323;8326
167;8327
512;8327
523;8327
512;8329
523;8329
151;8330
253;8332
113;8335
121;8335
338;8336
354;8336
151;8337
151;8338
167;8338
121;8340
135;8340
209;8340
225;8340
250;8340
255;8340
151;8341
121;8345
253;8346
151;8348
512;8348
253;8350
151;8351
512;8351
121;8353
253;8353
323;8355
151;8357
151;8358
512;8358
323;8360
338;8360
354;8360
253;8361
512;8364
253;8365
113;8369
121;8369
135;8369
151;8369
167;8369
178;8369
209;8369
225;8369
250;8369
253;8369
255;8369
113;8370
121;8370
512;8376
167;8377
523;8377
253;8379
512;8380
512;8381
523;8381
167;8383
512;8383
523;8383
121;8385
151;8385
167;8385
178;8385
209;8385
225;8385
253;8385
121;8387
135;8387
178;8387
209;8387
225;8387
250;8387
253;8387
255;8387
167;8388
512;8388
121;8389
209;8389
225;8389
250;8389
253;8389
255;8389
121;8390
151;8391
512;8391
512;8393
167;8394
323;8399
338;8399
354;8399
512;8403
151;8405
121;8407
253;8407
135;8409
151;8409
167;8409
178;8409
323;8410
338;8410
354;8410
151;8413
512;8413
512;8414
338;8415
354;8415
121;8425
151;8427
512;8427
323;8429
338;8429
354;8429
323;8435
338;8435
354;8435
512;8437
523;8437
151;8439
121;8440
135;8440
113;8441
121;8441
151;8441
167;8441
209;8441
225;8441
250;8441
255;8441
151;8444
512;8444
113;8445
121;8445
121;8447
121;8448
323;8455
338;8455
354;8455
151;8456
512;8456
113;8457
121;8457
121;8459
225;8459
250;8459
253;8459
512;8460
121;8461
512;8462
