id,año,pais_organizador,pais_campeon,url
1,2026,Canadá / Estados Unidos / México,Calendario y Resultados...,https://www.losmundialesdefutbol.com/mundiales/2026_mundial.php
2,2022,Qatar,Argentina,https://www.losmundialesdefutbol.com/mundiales/2022_mundial.php
3,2018,Rusia,Francia,https://www.losmundialesdefutbol.com/mundiales/2018_mundial.php
4,2014,Brasil,Alemania,https://www.losmundialesdefutbol.com/mundiales/2014_mundial.php
5,2010,Sudáfrica,España,https://www.losmundialesdefutbol.com/mundiales/2010_mundial.php
6,2006,Alemania,Italia,https://www.losmundialesdefutbol.com/mundiales/2006_mundial.php
7,2002,Corea / Japón,Brasil,https://www.losmundialesdefutbol.com/mundiales/2002_mundial.php
8,1998,Francia,Francia,https://www.losmundialesdefutbol.com/mundiales/1998_mundial.php
9,1994,Estados Unidos,Brasil,https://www.losmundialesdefutbol.com/mundiales/1994_mundial.php
10,1990,Italia,Alemania Occidental,https://www.losmundialesdefutbol.com/mundiales/1990_mundial.php
11,1986,México,Argentina,https://www.losmundialesdefutbol.com/mundiales/1986_mundial.php
12,1982,España,Italia,https://www.losmundialesdefutbol.com/mundiales/1982_mundial.php
13,1978,Argentina,Argentina,https://www.losmundialesdefutbol.com/mundiales/1978_mundial.php
14,1974,Alemania Occidental,Alemania Occidental,https://www.losmundialesdefutbol.com/mundiales/1974_mundial.php
15,1970,México,Brasil,https://www.losmundialesdefutbol.com/mundiales/1970_mundial.php
16,1966,Inglaterra,Inglaterra,https://www.losmundialesdefutbol.com/mundiales/1966_mundial.php
17,1962,Chile,Brasil,https://www.losmundialesdefutbol.com/mundiales/1962_mundial.php
18,1958,Suecia,Brasil,https://www.losmundialesdefutbol.com/mundiales/1958_mundial.php
19,1954,Suiza,Alemania Occidental,https://www.losmundialesdefutbol.com/mundiales/1954_mundial.php
20,1950,Brasil,Uruguay,https://www.losmundialesdefutbol.com/mundiales/1950_mundial.php
21,1938,Francia,Italia,https://www.losmundialesdefutbol.com/mundiales/1938_mundial.php
22,1934,Italia,Italia,https://www.losmundialesdefutbol.com/mundiales/1934_mundial.php
23,1930,Uruguay,Uruguay,https://www.losmundialesdefutbol.com/mundiales/1930_mundial.php
