id_partido;id_jugador
1;1982
1;2970
2;4549
2;4716
3;7266
3;6134
4;3574
4;4008
5;682
5;391
6;2835
6;8140
7;5685
7;6524
8;3902
8;891
9;5502
9;2724
10;196
10;5372
11;3341
11;2642
12;1127
12;1944
13;7998
13;1818
14;8314
14;2507
15;6721
15;4072
16;1638
16;7511
17;4008
17;4716
18;1982
18;7266
19;6134
19;2970
20;4549
20;3574
21;8140
21;891
22;6524
22;390
23;3902
23;2878
24;682
24;5617
25;5372
25;2642
26;1127
26;5502
27;2724
27;1944
28;3341
28;196
29;1818
29;7511
30;2507
30;4072
31;1638
31;7998
32;6721
32;8314
33;6134
33;1982
34;2970
34;7266
35;4008
35;4549
36;4716
36;3574
37;891
37;2811
38;8122
38;3989
39;390
39;5685
40;6524
40;682
41;2724
41;1087
42;1930
42;5502
43;5372
43;3341
44;2642
44;196
45;4072
45;8441
46;2507
46;6721
47;7511
47;7998
48;1802
48;1356
49;6134
49;3574
50;682
50;891
51;4549
51;7266
52;3902
52;6524
53;5372
53;2724
54;1638
54;2507
55;5502
55;3341
56;6706
56;7998
57;6134
57;682
58;2724
58;1638
59;4549
59;3902
60;5502
60;6706
61;682
61;2724
62;3902
62;5502
63;2724
63;5512
64;682
64;3902
65;7047
65;421
66;2991
66;8314
67;6721
67;3503
68;5415
68;4778
69;3902
69;848
70;6418
70;2835
71;682
71;4921
72;2724
72;5843
73;1536
73;7910
74;2653
74;7382
75;196
75;5617
76;7660
76;2415
77;1127
77;6191
78;8122
78;4549
79;6524
79;7269
80;2231
80;5275
81;7047
81;2991
82;8314
82;421
83;6721
83;5415
84;4716
84;3503
85;3902
85;6386
86;2835
86;848
87;682
87;2724
88;5843
88;4921
89;1638
89;2653
90;7382
90;7910
91;196
91;7660
92;2415
92;5617
93;1127
93;8122
94;4549
94;6191
95;6524
95;2231
96;5275
96;7269
97;8314
97;7047
98;421
98;2984
99;4716
99;6721
100;3503
100;5423
101;2835
101;3989
102;848
102;6386
103;5843
103;682
104;4921
104;2724
105;7382
105;1555
106;7910
106;2653
107;2507
107;196
108;5617
108;7660
109;4496
109;1080
110;6191
110;8131
111;5320
111;6524
112;7267
112;2231
113;8314
113;6721
114;3902
114;682
115;3503
115;7047
116;2724
116;2835
117;1638
117;5656
118;1127
118;5275
119;7660
119;7819
120;2231
120;4549
121;8314
121;3902
122;1555
122;1127
123;7047
123;2724
124;7660
124;4549
125;3902
125;1127
126;2724
126;4549
127;1127
127;4549
128;3902
128;2724
129;1638
129;2748
130;5656
130;1835
131;3354
131;6145
132;2019
132;848
133;2296
133;4148
134;2563
134;5275
135;8340
135;2653
136;4519
136;5176
137;7892
137;2969
138;3902
138;4259
139;682
139;1333
140;4756
140;5815
141;162
141;6721
142;4084
142;3619
143;1142
143;452
144;7059
144;2452
145;1638
145;5656
146;1895
146;2748
147;3354
147;2019
148;848
148;6145
149;2296
149;2563
150;5275
150;4148
151;8314
151;4519
152;5002
152;2653
153;7892
153;3902
154;4259
154;2969
155;682
155;4756
156;5882
156;1333
157;162
157;4084
158;3619
158;6721
159;1142
159;7059
160;2452
160;452
161;1895
161;1638
162;2748
162;5656
163;848
163;3503
164;6098
164;2019
165;5275
165;2263
166;4144
166;2539
167;5002
167;8314
168;2653
168;4557
169;4259
169;7892
170;2969
170;3902
171;5882
171;682
172;1333
172;4756
173;3619
173;162
174;6721
174;4084
175;2452
175;1247
176;473
176;7059
177;1638
177;2019
178;2296
178;8314
179;6145
179;5656
180;2653
180;4144
181;3902
181;5882
182;162
182;473
183;682
183;7892
184;1142
184;3619
185;1638
185;2296
186;3902
186;162
187;6145
187;2653
188;682
188;1142
189;1414
189;162
190;6145
190;682
191;1638
191;6145
192;162
192;682
193;7569
193;5759
194;8340
194;3836
195;678
195;5882
196;2496
196;4144
197;4519
197;3591
198;506
198;3283
199;162
199;877
200;7495
200;4095
201;6125
201;2830
202;5275
202;1835
203;5011
203;6338
204;5965
204;3240
205;2562
205;6721
206;1522
206;2307
207;4233
207;2019
208;3354
208;7892
209;7569
209;8340
210;3836
210;5656
211;4144
211;5882
212;678
212;2496
213;162
213;7495
214;3283
214;3591
215;4519
215;506
216;4088
216;877
217;6125
217;5275
218;1835
218;2889
219;3240
219;6338
220;5011
220;5965
221;1522
221;2539
222;6721
222;2307
223;2019
223;7863
224;3354
224;4233
225;5538
225;8340
226;3826
226;7569
227;5832
227;2496
228;4144
228;682
229;3283
229;4519
230;3591
230;506
231;4095
231;162
232;877
232;7495
233;3240
233;5011
234;6238
234;5965
235;2889
235;5275
236;1835
236;6125
237;6721
237;1522
238;2307
238;2539
239;2019
239;3354
240;7892
240;4259
241;8340
241;2496
242;3591
242;4095
243;162
243;4519
244;678
244;5656
245;6125
245;3240
246;1522
246;2019
247;6338
247;5275
248;3354
248;6721
249;6125
249;1522
250;8340
250;4095
251;678
251;162
252;6338
252;3354
253;8303
253;6125
254;162
254;3354
255;8340
255;246
256;6125
256;3354
257;239
257;2629
258;6440
258;2932
259;4452
259;6264
260;8049
260;7730
261;775
261;2539
262;7423
262;6129
263;5656
263;4696
264;317
264;6648
265;5011
265;4068
266;3707
266;6799
267;906
267;5311
268;1390
268;2707
269;4001
269;7982
270;2476
270;8004
271;3354
271;8221
272;8074
272;377
273;13
273;6440
274;2932
274;2629
275;4452
275;8049
276;7730
276;6264
277;775
277;7423
278;6129
278;2539
279;5656
279;317
280;6648
280;4712
281;5011
281;3707
282;6799
282;4068
283;1390
283;906
284;5311
284;2707
285;4001
285;2476
286;8025
286;7982
287;3354
287;8074
288;377
288;8221
289;2903
289;13
290;2629
290;6440
291;7730
291;4452
292;6264
292;8049
293;6129
293;533
294;2537
294;7495
295;6648
295;5656
296;4696
296;317
297;6868
297;5011
298;4068
298;3707
299;5328
299;1419
300;2707
300;906
301;8004
301;3994
302;7982
302;2476
303;361
303;3504
304;8221
304;8074
305;13
305;7730
306;775
306;5656
307;4452
307;2932
308;6648
308;6129
309;5011
309;906
310;7982
310;8221
311;1390
311;4068
312;3504
312;4001
313;13
313;775
314;5011
314;8221
315;4452
315;6648
316;1390
316;4001
317;13
317;5011
318;6648
318;4001
319;127
319;6699
320;5011
320;4001
321;3820
321;7238
322;4854
322;1913
323;8360
323;2819
324;127
324;361
325;4452
325;7732
326;6264
326;7586
327;800
327;5855
328;3408
328;3265
329;2755
329;5656
330;1390
330;8204
331;5117
331;2896
332;2182
332;2625
333;5314
333;1256
334;2392
334;6585
335;7169
335;8092
336;3722
336;6645
337;127
337;4854
338;3820
338;8360
339;1913
339;349
340;2819
340;7254
341;7732
341;5855
342;3408
342;6246
343;800
343;4452
344;7586
344;3265
345;5117
345;2698
346;1390
346;2182
347;5656
347;2932
348;2625
348;8204
349;5311
349;7169
350;2392
350;3707
351;8053
351;1256
352;6645
352;6585
353;2821
353;3820
354;7238
354;8360
355;1913
355;127
356;349
356;4854
357;7732
357;545
358;5855
358;4452
359;7586
359;3469
360;3265
360;6246
361;2625
361;1390
362;8204
362;2178
363;5656
363;5117
364;2932
364;2698
365;8053
365;5311
366;1256
366;7169
367;6645
367;2392
368;6597
368;3707
369;127
369;6246
370;2821
370;4452
371;7732
371;7238
372;3408
372;4854
373;5656
373;3707
374;1390
374;1256
375;5311
375;8204
376;2392
376;5117
377;4452
377;1390
378;127
378;3707
379;3408
379;2392
380;7238
380;8204
381;127
381;2392
383;2392
383;8204
384;127
384;1390
385;1430
385;3163
386;5489
386;5901
387;1902
387;996
388;5117
388;2172
389;411
389;2844
390;3821
390;7586
391;6246
391;1722
392;6007
392;1213
393;2516
393;5607
394;3571
394;5854
395;5242
395;2682
396;7502
396;4736
397;772
397;5281
398;140
398;3626
399;6977
399;2289
400;4626
400;8159
401;3163
401;5901
402;1430
402;5489
403;2172
403;996
404;5117
404;1902
405;3821
405;411
406;7586
406;2844
407;5854
407;1722
408;3571
408;6246
409;6007
409;2516
410;1213
410;5607
411;5281
411;2755
412;772
412;5242
413;140
413;7502
414;3626
414;4678
415;2289
415;8159
416;6977
416;4626
417;5117
417;996
418;3163
418;5489
419;1430
419;5901
420;2172
420;1902
421;3571
421;1722
422;3820
422;2844
423;5832
423;6246
424;7586
424;411
425;1189
425;2516
426;6007
426;5607
427;140
427;4678
428;3626
428;7502
429;6977
429;8159
430;2289
430;4626
431;5281
431;5252
432;545
432;2682
433;1430
433;2172
434;5117
434;5901
435;5854
435;2844
436;3821
436;6246
437;140
437;5607
438;6007
438;7502
439;772
439;4626
440;6977
440;2682
441;5117
441;3821
442;1430
442;2844
443;140
443;2682
444;6007
444;772
445;1430
445;6007
446;3821
446;2682
447;6004
447;2682
448;1430
448;3821
449;178
449;1267
450;3469
450;2364
451;3684
451;7873
452;4979
452;4855
453;2289
453;6977
454;1126
454;5448
455;5891
455;5520
456;1916
456;7793
457;1600
457;7119
458;6058
458;342
459;671
459;4172
460;178
460;3571
461;5867
461;1747
462;6977
462;7873
463;3684
463;2289
464;4979
464;5891
465;2364
465;1267
466;5520
466;4855
467;1600
467;1916
468;7793
468;7119
469;1126
469;6058
470;340
470;5407
471;671
471;5867
472;1747
472;4129
473;3684
473;6977
474;7873
474;2289
475;1267
475;3571
476;178
476;2364
477;4855
477;5891
478;5117
478;5520
479;7169
479;1916
480;1600
480;7793
481;5454
481;6058
482;1189
482;342
483;4161
483;5833
484;754
484;1747
485;178
485;1126
486;3571
486;7873
487;340
487;7793
488;6977
488;754
489;6058
489;4855
490;1430
490;3684
491;5867
491;5117
492;5520
492;1747
493;5117
493;3571
494;6058
494;1430
495;1747
495;178
496;6977
496;7740
497;1747
497;5117
498;7793
498;1430
499;7740
499;1747
500;1430
500;4979
501;671
501;1916
502;7082
502;6988
503;4987
503;996
504;3085
504;2289
505;3735
505;6803
506;1610
506;7793
507;178
507;7524
508;2605
508;3100
509;4616
509;4836
510;1121
510;2380
511;6036
511;2974
512;8305
512;3342
513;671
513;7140
514;7524
514;2289
515;4987
515;3735
516;1916
516;6988
517;996
517;6803
518;178
518;3078
519;1610
519;2605
520;7677
520;3100
521;4616
521;6036
522;4839
522;3033
523;1070
523;8305
524;2368
524;3342
525;671
525;6988
526;1916
526;7083
527;178
527;2289
528;7524
528;3078
529;4987
529;6803
530;996
530;3735
531;1610
531;3100
532;7677
532;2605
533;1070
533;3342
534;2368
534;8305
535;4628
535;2974
536;4839
536;6036
537;1916
537;2289
538;6803
538;2605
539;1610
539;671
540;178
540;6036
541;4839
541;6988
542;4987
542;8305
543;3342
543;7524
544;4465
544;1070
545;671
545;7524
546;4987
546;4836
547;178
547;6803
548;1916
548;4465
549;4987
549;671
550;4465
550;178
551;4987
551;4628
552;671
552;178
553;1699
553;5202
554;3344
554;1435
555;1975
555;3938
556;671
556;2492
557;7083
557;4350
558;5510
558;6447
559;1070
559;5543
560;6613
560;4616
561;472
561;4890
562;3225
562;2867
563;8246
563;242
564;6251
564;4790
565;3938
565;7083
566;2492
566;1699
567;5202
567;671
568;4350
568;1975
569;1435
569;472
570;4616
570;5510
571;5543
571;6251
572;6447
572;6654
573;4890
573;3344
574;4790
574;1070
575;242
575;3225
576;2867
576;8232
577;7063
577;1975
578;4300
578;3938
579;2492
579;5202
580;671
580;1699
581;6251
581;1070
582;4628
582;6447
583;6654
583;5510
584;4797
584;5543
585;4890
585;1435
586;472
586;3344
587;2867
587;242
588;3207
588;8246
589;7083
589;1070
590;5543
590;1699
591;1435
591;6447
592;671
592;8246
593;5510
593;231
594;5202
594;3938
595;2867
595;3344
596;4628
596;6251
597;5543
597;231
598;1435
598;3938
599;1070
599;3344
600;671
600;4628
601;671
601;1070
602;231
602;3938
603;1070
603;3762
604;671
604;231
605;714
605;1121
606;1639
606;7076
607;5240
607;6599
608;6368
608;1893
609;3195
609;5974
610;4354
610;3050
611;231
611;466
612;3327
612;4239
613;4582
613;3938
614;6869
614;5380
615;7507
615;4898
616;2052
616;984
617;714
617;4354
618;5240
618;6368
619;1639
619;3225
620;6599
620;1893
621;1121
621;3050
622;7076
622;5974
623;3327
623;7507
624;4582
624;6869
625;231
625;2052
626;4239
626;4898
627;3938
627;5380
628;466
628;984
629;7076
629;3225
630;1121
630;4354
631;6599
631;6368
632;5240
632;1893
633;714
633;3050
634;1639
634;5974
635;4239
635;7507
636;3938
636;6869
637;466
637;2052
638;4898
638;3327
639;231
639;984
640;4582
640;5380
641;984
641;3982
642;6599
642;1152
643;231
643;4582
644;5240
644;714
645;1152
645;7076
646;984
646;4898
647;714
647;1639
648;231
648;3327
649;3938
649;4898
650;6599
650;7076
651;5240
651;1639
652;3327
652;4582
653;128
653;3938
654;6599
654;5240
655;6599
655;3982
656;5240
656;231
657;273
657;6460
658;8127
658;5767
659;5240
659;3982
660;714
660;4321
661;6061
661;4762
662;1007
662;3491
663;6356
663;3218
664;7747
664;1615
665;273
665;5767
666;714
666;3982
667;6460
667;8127
668;5240
668;4321
669;6061
669;6356
670;1516
670;3329
671;3147
671;4762
672;1007
672;7747
673;5240
673;714
674;273
674;8127
675;3760
675;4321
676;6460
676;5767
677;6356
677;4762
678;3329
678;7747
679;3218
679;6061
680;1516
680;1007
681;6061
681;1007
682;273
682;5240
683;1516
683;6356
684;714
684;6460
685;714
685;1516
686;6460
686;6356
687;273
687;6061
688;5240
688;1007
689;714
689;6356
690;6061
690;5240
691;1516
691;6460
692;1007
692;273
693;1516
693;5240
694;714
694;6061
695;1666
695;7338
696;17
696;2155
697;296
697;913
698;6754
698;3113
699;7706
699;1691
700;6460
700;725
701;5066
701;4199
702;8350
702;6005
703;3113
703;1666
704;913
704;17
705;7338
705;6754
706;2155
706;296
707;6005
707;7706
708;725
708;5066
709;4199
709;6460
710;1691
710;8353
711;6754
711;1666
712;296
712;17
713;913
713;2155
714;3113
714;7338
715;6460
715;5066
716;725
716;4199
717;1691
717;6005
718;7706
718;8353
719;7706
719;6460
720;7338
720;17
721;6005
721;725
722;1541
722;296
723;296
723;6005
724;560
724;1541
725;6460
725;7298
726;17
726;7706
727;7747
727;7338
728;804
728;296
729;6460
729;17
730;6005
730;1541
731;1541
731;6460
732;6005
732;17
733;5698
733;7198
734;4584
734;6987
735;8407
735;4953
736;6356
736;1700
737;5066
737;7747
738;247
738;5410
739;1219
739;3054
740;1394
740;6810
741;6356
741;5410
742;6987
742;6810
743;7198
743;1219
744;8448
744;5066
745;7790
745;4953
746;5698
746;3054
747;247
747;1705
748;1394
748;4584
749;7198
749;3054
750;7747
750;8448
751;247
751;6356
752;1394
752;6987
753;1769
753;5410
754;4584
754;6925
755;5698
755;1219
756;5066
756;4953
757;247
757;4584
758;5066
758;5698
759;8448
759;7198
760;1394
760;6356
761;8448
761;1394
762;5066
762;247
763;8448
763;247
764;1394
764;5066
765;4584
765;8447
766;247
766;7954
767;7198
767;2335
768;1376
768;1705
769;3752
769;5698
770;5199
770;2137
771;6624
771;4374
772;738
772;3393
773;8447
773;3752
774;4374
774;1376
775;3393
775;7828
776;2335
776;2137
777;6624
777;1705
778;247
778;738
779;7198
779;5199
780;4584
780;5698
781;6624
781;1572
782;8447
782;5698
783;738
783;7828
784;2335
784;5004
785;4584
785;3752
786;247
786;3570
787;7198
787;2137
788;4374
788;1705
789;6624
789;2335
790;4584
790;738
791;247
791;8447
792;7198
792;4374
793;247
793;7198
794;4584
794;6624
795;6624
795;7220
796;4584
796;247
797;8447
797;2298
798;1547
798;5553
799;2093
799;7812
800;693
800;1767
801;6873
801;3533
802;7164
802;7434
803;4305
803;4527
804;235
804;5003
805;2093
805;5140
806;1547
806;6873
807;7342
807;8447
808;4527
808;693
809;4372
809;1767
810;7164
810;2282
811;3393
811;5553
812;235
812;7812
813;235
813;2093
814;4305
814;711
815;7164
815;8447
816;1547
816;3362
817;7342
817;2282
818;5553
818;6873
819;5003
819;7812
820;4527
820;1738
821;1547
821;4527
822;6873
822;4305
823;7342
823;235
824;2093
824;7164
825;7342
825;6873
826;2150
826;1547
827;2150
827;7342
829;4312
829;4009
830;4859
830;6873
831;1376
831;942
832;3871
832;6195
833;598
833;235
834;7201
834;4672
835;7530
835;3237
836;7712
836;5553
837;7530
837;3913
838;6195
838;3237
839;5553
839;4009
840;235
840;6873
841;7201
841;942
842;598
842;4859
843;1376
843;4672
844;7712
844;4277
845;3871
845;3141
846;7665
846;4009
847;235
847;4859
848;6195
848;7530
849;1376
849;7164
850;4672
850;942
851;4312
851;5553
852;6873
852;598
854;4009
854;4277
856;3871
856;4859
857;235
857;7530
858;1376
858;4009
859;7712
859;7201
860;235
860;7712
861;3871
861;1376
862;235
862;3930
863;7712
863;1376
864;7309
864;3871
865;1012
865;3131
866;8456
866;6873
867;1373
867;5680
868;3495
868;2483
869;4672
869;1153
870;277
870;8205
871;7825
871;4997
872;3913
872;5680
873;1373
873;7428
874;985
874;6873
875;8456
875;3131
876;3495
876;277
877;8205
877;2500
878;4672
878;7825
879;5160
879;1153
871;5160
870;8188
882;8456
882;4672
883;985
883;7825
884;4277
884;1373
885;277
885;7428
886;4277
886;8348
887;277
887;985
888;8348
888;985
890;1367
890;5668
891;7735
891;5015
892;7428
892;7821
893;4672
893;2076
894;3374
894;3663
895;7351
895;5559
896;1367
896;7821
897;7735
897;6285
898;3681
898;4672
899;3492
899;2076
900;1367
900;7318
901;8456
901;1271
902;7825
902;5559
903;3492
903;4672
904;2076
904;3582
905;5015
905;6285
906;1367
906;7735
907;8456
907;3492
908;8456
908;7735
909;1367
909;3492
910;7735
910;3569
911;8456
911;1367
912;7921
912;184
913;3915
913;1199
914;5132
914;5895
915;1543
915;6575
916;4371
916;4415
917;6884
917;6137
918;2777
918;6983
912;262
918;6963
921;2777
921;7699
922;5132
922;3915
923;4371
923;7803
924;1543
924;6884
924;1519
924;6780
926;4371
926;7699
927;1543
927;5132
928;1519
928;7783
929;5132
929;4371
930;262
930;1255
931;7766
931;595
932;5194
932;3687
933;4378
933;3012
934;3568
934;1543
935;6884
935;7042
936;7921
936;6137
937;1018
937;3976
938;6884
938;7921
939;956
939;4378
940;262
940;7766
941;5036
941;3568
941;3497
943;6884
943;262
944;5036
944;1018
945;956
945;262
946;5036
946;6884
947;3995
947;5609
948;3635
948;1058
949;7042
949;6375
950;7359
950;1599
951;617
951;3995
952;2139
952;5609
953;7359
953;1291
954;3635
954;6333
955;8371
955;6398
956;558
956;5609
957;2139
957;3995
958;6333
958;1058
959;1599
959;1291
960;8371
960;7042
961;617
961;2145
962;617
962;3635
963;8371
963;7359
964;617
964;8371
