id;id_plantel_e1;id_plantel_e2;fecha;tipo_fase;id_mundial;hubo_tiempo_extra;hubo_penales
1;1;2;20/11/2022;1ra Ronda;1;0;0
2;7;8;21/11/2022;1ra Ronda;1;0;0
3;4;3;21/11/2022;1ra Ronda;1;0;0
4;5;6;21/11/2022;1ra Ronda;1;0;0
5;10;9;22/11/2022;1ra Ronda;1;0;0
6;14;16;22/11/2022;1ra Ronda;1;0;0
7;11;12;22/11/2022;1ra Ronda;1;0;0
8;15;13;22/11/2022;1ra Ronda;1;0;0
9;24;23;23/11/2022;1ra Ronda;1;0;0
10;17;20;23/11/2022;1ra Ronda;1;0;0
11;19;18;23/11/2022;1ra Ronda;1;0;0
12;21;22;23/11/2022;1ra Ronda;1;0;0
13;28;26;24/11/2022;1ra Ronda;1;0;0
14;32;29;24/11/2022;1ra Ronda;1;0;0
15;31;30;24/11/2022;1ra Ronda;1;0;0
16;25;27;24/11/2022;1ra Ronda;1;0;0
17;6;8;25/11/2022;1ra Ronda;1;0;0
18;1;4;25/11/2022;1ra Ronda;1;0;0
19;3;2;25/11/2022;1ra Ronda;1;0;0
20;7;5;25/11/2022;1ra Ronda;1;0;0
21;16;13;26/11/2022;1ra Ronda;1;0;0
22;12;9;26/11/2022;1ra Ronda;1;0;0
23;15;14;26/11/2022;1ra Ronda;1;0;0
24;10;11;26/11/2022;1ra Ronda;1;0;0
25;20;18;27/11/2022;1ra Ronda;1;0;0
26;21;24;27/11/2022;1ra Ronda;1;0;0
27;23;22;27/11/2022;1ra Ronda;1;0;0
28;19;17;27/11/2022;1ra Ronda;1;0;0
29;26;27;28/11/2022;1ra Ronda;1;0;0
30;29;30;28/11/2022;1ra Ronda;1;0;0
31;25;28;28/11/2022;1ra Ronda;1;0;0
32;31;32;28/11/2022;1ra Ronda;1;0;0
33;3;1;29/11/2022;1ra Ronda;1;0;0
34;2;4;29/11/2022;1ra Ronda;1;0;0
35;6;7;29/11/2022;1ra Ronda;1;0;0
36;8;5;29/11/2022;1ra Ronda;1;0;0
37;13;14;30/11/2022;1ra Ronda;1;0;0
38;16;15;30/11/2022;1ra Ronda;1;0;0
39;9;11;30/11/2022;1ra Ronda;1;0;0
40;12;10;30/11/2022;1ra Ronda;1;0;0
41;23;21;01/12/2022;1ra Ronda;1;0;0
42;22;24;01/12/2022;1ra Ronda;1;0;0
43;20;19;01/12/2022;1ra Ronda;1;0;0
44;18;17;01/12/2022;1ra Ronda;1;0;0
45;30;32;02/12/2022;1ra Ronda;1;0;0
46;29;31;02/12/2022;1ra Ronda;1;0;0
47;27;28;02/12/2022;1ra Ronda;1;0;0
48;26;25;02/12/2022;1ra Ronda;1;0;0
49;3;5;03/12/2022;Octavos de final;1;0;0
50;10;13;03/12/2022;Octavos de final;1;0;0
51;7;4;04/12/2022;Octavos de final;1;0;0
52;15;12;04/12/2022;Octavos de final;1;0;0
53;20;23;05/12/2022;Octavos de final;1;1;1
54;25;29;05/12/2022;Octavos de final;1;0;0
55;24;19;06/12/2022;Octavos de final;1;1;1
56;31;28;06/12/2022;Octavos de final;1;0;0
57;3;10;09/12/2022;Cuartos de final;1;1;1
58;23;25;09/12/2022;Cuartos de final;1;1;1
59;7;15;10/12/2022;Cuartos de final;1;0;0
60;24;31;10/12/2022;Cuartos de final;1;0;0
61;10;23;13/12/2022;Semifinales;1;0;0
62;15;24;14/12/2022;Semifinales;1;0;0
63;23;24;17/12/2022;3er puesto;1;0;0
64;10;15;18/12/2022;Final;1;1;1
65;35;33;14/06/2018;1ra Ronda;2;0;0
66;34;36;15/06/2018;1ra Ronda;2;0;0
67;40;37;15/06/2018;1ra Ronda;2;0;0
68;39;38;15/06/2018;1ra Ronda;2;0;0
69;43;41;16/06/2018;1ra Ronda;2;0;0
70;44;42;16/06/2018;1ra Ronda;2;0;0
71;45;47;16/06/2018;1ra Ronda;2;0;0
72;46;48;16/06/2018;1ra Ronda;2;0;0
73;49;52;17/06/2018;1ra Ronda;2;0;0
74;50;51;17/06/2018;1ra Ronda;2;0;0
75;53;55;17/06/2018;1ra Ronda;2;0;0
76;56;54;18/06/2018;1ra Ronda;2;0;0
77;57;59;18/06/2018;1ra Ronda;2;0;0
78;60;58;18/06/2018;1ra Ronda;2;0;0
79;63;64;19/06/2018;1ra Ronda;2;0;0
80;61;62;19/06/2018;1ra Ronda;2;0;0
81;35;34;19/06/2018;1ra Ronda;2;0;0
82;36;33;20/06/2018;1ra Ronda;2;0;0
83;40;39;20/06/2018;1ra Ronda;2;0;0
84;38;37;20/06/2018;1ra Ronda;2;0;0
85;43;44;21/06/2018;1ra Ronda;2;0;0
86;42;41;21/06/2018;1ra Ronda;2;0;0
87;45;46;21/06/2018;1ra Ronda;2;0;0
88;48;47;22/06/2018;1ra Ronda;2;0;0
89;49;50;22/06/2018;1ra Ronda;2;0;0
90;51;52;22/06/2018;1ra Ronda;2;0;0
91;53;56;23/06/2018;1ra Ronda;2;0;0
92;54;55;23/06/2018;1ra Ronda;2;0;0
93;57;60;23/06/2018;1ra Ronda;2;0;0
94;58;59;24/06/2018;1ra Ronda;2;0;0
95;63;61;24/06/2018;1ra Ronda;2;0;0
96;62;64;24/06/2018;1ra Ronda;2;0;0
97;36;35;25/06/2018;1ra Ronda;2;0;0
98;33;34;25/06/2018;1ra Ronda;2;0;0
99;38;40;25/06/2018;1ra Ronda;2;0;0
100;37;39;25/06/2018;1ra Ronda;2;0;0
101;42;43;26/06/2018;1ra Ronda;2;0;0
102;41;44;26/06/2018;1ra Ronda;2;0;0
103;48;45;26/06/2018;1ra Ronda;2;0;0
104;47;46;26/06/2018;1ra Ronda;2;0;0
105;51;49;27/06/2018;1ra Ronda;2;0;0
106;52;50;27/06/2018;1ra Ronda;2;0;0
107;54;53;27/06/2018;1ra Ronda;2;0;0
108;55;56;27/06/2018;1ra Ronda;2;0;0
109;58;57;28/06/2018;1ra Ronda;2;0;0
110;59;60;28/06/2018;1ra Ronda;2;0;0
111;62;63;28/06/2018;1ra Ronda;2;0;0
112;64;61;28/06/2018;1ra Ronda;2;0;0
113;36;40;30/06/2018;Octavos de final;2;0;0
114;43;45;30/06/2018;Octavos de final;2;0;0
115;37;35;1/07/2018;Octavos de final;2;1;1
116;46;42;1/07/2018;Octavos de final;2;1;1
117;49;55;2/07/2018;Octavos de final;2;0;0
118;57;62;2/07/2018;Octavos de final;2;0;0
119;56;52;3/07/2018;Octavos de final;2;0;0
120;61;58;3/07/2018;Octavos de final;2;1;1
121;36;43;6/07/2018;Cuartos de final;2;0;0
122;49;57;6/07/2018;Cuartos de final;2;0;0
123;35;46;7/07/2018;Cuartos de final;2;1;1
124;56;58;7/07/2018;Cuartos de final;2;0;0
125;43;57;10/07/2018;Semifinales;2;0;0
126;46;58;11/07/2018;Semifinales;2;1;0
127;57;58;14/07/2018;3er puesto;2;0;0
128;43;46;15/07/2018;Final;2;0;0
129;65;67;12/06/2014;1ra Ronda;3;0;0
130;68;66;13/06/2014;1ra Ronda;3;0;0
131;71;72;13/06/2014;1ra Ronda;3;0;0
132;70;69;13/06/2014;1ra Ronda;3;0;0
133;73;75;14/06/2014;1ra Ronda;3;0;0
134;74;76;14/06/2014;1ra Ronda;3;0;0
135;80;77;14/06/2014;1ra Ronda;3;0;0
136;78;79;14/06/2014;1ra Ronda;3;0;0
137;84;81;15/06/2014;1ra Ronda;3;0;0
138;82;83;15/06/2014;1ra Ronda;3;0;0
139;85;86;15/06/2014;1ra Ronda;3;0;0
140;87;88;16/06/2014;1ra Ronda;3;0;0
141;89;92;16/06/2014;1ra Ronda;3;0;0
142;91;90;16/06/2014;1ra Ronda;3;0;0
143;94;93;17/06/2014;1ra Ronda;3;0;0
144;96;95;17/06/2014;1ra Ronda;3;0;0
145;65;68;17/06/2014;1ra Ronda;3;0;0
146;66;67;18/06/2014;1ra Ronda;3;0;0
147;71;70;18/06/2014;1ra Ronda;3;0;0
148;69;72;18/06/2014;1ra Ronda;3;0;0
149;73;74;19/06/2014;1ra Ronda;3;0;0
150;76;75;19/06/2014;1ra Ronda;3;0;0
151;80;78;19/06/2014;1ra Ronda;3;0;0
152;79;77;20/06/2014;1ra Ronda;3;0;0
153;84;82;20/06/2014;1ra Ronda;3;0;0
154;83;81;20/06/2014;1ra Ronda;3;0;0
155;85;87;21/06/2014;1ra Ronda;3;0;0
156;88;86;21/06/2014;1ra Ronda;3;0;0
157;89;91;21/06/2014;1ra Ronda;3;0;0
158;90;92;22/06/2014;1ra Ronda;3;0;0
159;94;96;22/06/2014;1ra Ronda;3;0;0
160;95;93;22/06/2014;1ra Ronda;3;0;0
161;66;65;23/06/2014;1ra Ronda;3;0;0
162;67;68;23/06/2014;1ra Ronda;3;0;0
163;69;71;23/06/2014;1ra Ronda;3;0;0
164;72;70;23/06/2014;1ra Ronda;3;0;0
165;76;73;24/06/2014;1ra Ronda;3;0;0
166;75;74;24/06/2014;1ra Ronda;3;0;0
167;79;80;24/06/2014;1ra Ronda;3;0;0
168;77;78;24/06/2014;1ra Ronda;3;0;0
169;83;84;25/06/2014;1ra Ronda;3;0;0
170;81;82;25/06/2014;1ra Ronda;3;0;0
171;88;85;25/06/2014;1ra Ronda;3;0;0
172;86;87;25/06/2014;1ra Ronda;3;0;0
173;90;89;26/06/2014;1ra Ronda;3;0;0
174;92;91;26/06/2014;1ra Ronda;3;0;0
175;95;94;26/06/2014;1ra Ronda;3;0;0
176;93;96;26/06/2014;1ra Ronda;3;0;0
177;65;70;28/06/2014;Octavos de final;3;1;1
178;73;80;28/06/2014;Octavos de final;3;0;0
179;72;68;29/06/2014;Octavos de final;3;0;0
180;77;75;29/06/2014;Octavos de final;3;1;1
181;82;88;30/06/2014;Octavos de final;3;0;0
182;89;93;30/06/2014;Octavos de final;3;1;0
183;85;84;1/07/2014;Octavos de final;3;1;0
184;94;90;1/07/2014;Octavos de final;3;1;0
185;65;73;4/07/2014;Cuartos de final;3;0;0
186;82;89;4/07/2014;Cuartos de final;3;0;0
187;72;77;5/07/2014;Cuartos de final;3;1;1
188;85;94;5/07/2014;Cuartos de final;3;0;0
189;65;89;8/07/2014;Semifinales;3;0;0
190;72;85;9/07/2014;Semifinales;3;1;1
191;65;72;12/07/2014;3er puesto;3;0;0
192;89;85;13/07/2014;Final;3;1;0
193;99;98;11/06/2010;1ra Ronda;4;0;0
194;100;97;11/06/2010;1ra Ronda;4;0;0
195;101;104;12/06/2010;1ra Ronda;4;0;0
196;102;103;12/06/2010;1ra Ronda;4;0;0
197;108;107;12/06/2010;1ra Ronda;4;0;0
198;105;106;13/06/2010;1ra Ronda;4;0;0
199;109;110;13/06/2010;1ra Ronda;4;0;0
200;112;111;13/06/2010;1ra Ronda;4;0;0
201;116;114;14/06/2010;1ra Ronda;4;0;0
202;115;113;14/06/2010;1ra Ronda;4;0;0
203;118;120;14/06/2010;1ra Ronda;4;0;0
204;119;117;15/06/2010;1ra Ronda;4;0;0
205;123;124;15/06/2010;1ra Ronda;4;0;0
206;121;122;15/06/2010;1ra Ronda;4;0;0
207;127;125;16/06/2010;1ra Ronda;4;0;0
208;126;128;16/06/2010;1ra Ronda;4;0;0
209;99;100;16/06/2010;1ra Ronda;4;0;0
210;97;98;17/06/2010;1ra Ronda;4;0;0
211;103;104;17/06/2010;1ra Ronda;4;0;0
212;101;102;17/06/2010;1ra Ronda;4;0;0
213;109;112;18/06/2010;1ra Ronda;4;0;0
214;106;107;18/06/2010;1ra Ronda;4;0;0
215;108;105;18/06/2010;1ra Ronda;4;0;0
216;111;110;19/06/2010;1ra Ronda;4;0;0
217;116;115;19/06/2010;1ra Ronda;4;0;0
218;113;114;19/06/2010;1ra Ronda;4;0;0
219;117;120;20/06/2010;1ra Ronda;4;0;0
220;118;119;20/06/2010;1ra Ronda;4;0;0
221;121;123;20/06/2010;1ra Ronda;4;0;0
222;124;122;21/06/2010;1ra Ronda;4;0;0
223;125;128;21/06/2010;1ra Ronda;4;0;0
224;126;127;21/06/2010;1ra Ronda;4;0;0
225;98;100;22/06/2010;1ra Ronda;4;0;0
226;97;99;22/06/2010;1ra Ronda;4;0;0
227;104;102;22/06/2010;1ra Ronda;4;0;0
228;103;101;22/06/2010;1ra Ronda;4;0;0
229;106;108;23/06/2010;1ra Ronda;4;0;0
230;107;105;23/06/2010;1ra Ronda;4;0;0
231;111;109;23/06/2010;1ra Ronda;4;0;0
232;110;112;23/06/2010;1ra Ronda;4;0;0
233;117;118;24/06/2010;1ra Ronda;4;0;0
234;120;119;24/06/2010;1ra Ronda;4;0;0
235;114;115;24/06/2010;1ra Ronda;4;0;0
236;113;116;24/06/2010;1ra Ronda;4;0;0
237;124;121;25/06/2010;1ra Ronda;4;0;0
238;122;123;25/06/2010;1ra Ronda;4;0;0
239;125;126;25/06/2010;1ra Ronda;4;0;0
240;128;127;25/06/2010;1ra Ronda;4;0;0
241;100;102;26/06/2010;Octavos de final;4;0;0
242;107;111;26/06/2010;Octavos de final;4;1;0
243;109;108;27/06/2010;Octavos de final;4;0;0
244;101;98;27/06/2010;Octavos de final;4;0;0
245;116;117;28/06/2010;Octavos de final;4;0;0
246;121;125;28/06/2010;Octavos de final;4;0;0
247;120;115;29/06/2010;Octavos de final;4;1;1
248;126;124;29/06/2010;Octavos de final;4;0;0
249;116;121;2/07/2010;Cuartos de final;4;0;0
250;100;111;2/07/2010;Cuartos de final;4;1;1
251;101;109;3/07/2010;Cuartos de final;4;0;0
252;120;126;3/07/2010;Cuartos de final;4;0;0
253;100;116;6/07/2010;Semifinales;4;0;0
254;109;126;7/07/2010;Semifinales;4;0;0
255;100;109;10/07/2010;3er puesto;4;0;0
256;116;126;11/07/2010;Final;4;1;0
257;129;130;9/06/2006;1ra Ronda;5;0;0
258;132;131;9/06/2006;1ra Ronda;5;0;0
259;133;134;10/06/2006;1ra Ronda;5;0;0
260;136;135;10/06/2006;1ra Ronda;5;0;0
261;137;138;10/06/2006;1ra Ronda;5;0;0
262;140;139;11/06/2006;1ra Ronda;5;0;0
263;143;142;11/06/2006;1ra Ronda;5;0;0
264;141;144;11/06/2006;1ra Ronda;5;0;0
265;147;146;12/06/2006;1ra Ronda;5;0;0
266;145;148;12/06/2006;1ra Ronda;5;0;0
267;149;152;12/06/2006;1ra Ronda;5;0;0
268;150;151;13/06/2006;1ra Ronda;5;0;0
269;154;155;13/06/2006;1ra Ronda;5;0;0
270;153;156;13/06/2006;1ra Ronda;5;0;0
271;158;160;14/06/2006;1ra Ronda;5;0;0
272;159;157;14/06/2006;1ra Ronda;5;0;0
273;129;132;14/06/2006;1ra Ronda;5;0;0
274;131;130;15/06/2006;1ra Ronda;5;0;0
275;133;136;15/06/2006;1ra Ronda;5;0;0
276;135;134;15/06/2006;1ra Ronda;5;0;0
277;137;140;16/06/2006;1ra Ronda;5;0;0
278;139;138;16/06/2006;1ra Ronda;5;0;0
279;143;141;16/06/2006;1ra Ronda;5;0;0
280;144;142;17/06/2006;1ra Ronda;5;0;0
281;147;145;17/06/2006;1ra Ronda;5;0;0
282;148;146;17/06/2006;1ra Ronda;5;0;0
283;150;149;18/06/2006;1ra Ronda;5;0;0
284;152;151;18/06/2006;1ra Ronda;5;0;0
285;154;153;18/06/2006;1ra Ronda;5;0;0
286;156;155;19/06/2006;1ra Ronda;5;0;0
287;158;159;19/06/2006;1ra Ronda;5;0;0
288;157;160;19/06/2006;1ra Ronda;5;0;0
289;131;129;20/06/2006;1ra Ronda;5;0;0
290;130;132;20/06/2006;1ra Ronda;5;0;0
291;135;133;20/06/2006;1ra Ronda;5;0;0
292;134;136;20/06/2006;1ra Ronda;5;0;0
293;139;137;21/06/2006;1ra Ronda;5;0;0
294;138;140;21/06/2006;1ra Ronda;5;0;0
295;144;143;21/06/2006;1ra Ronda;5;0;0
296;142;141;21/06/2006;1ra Ronda;5;0;0
297;148;147;22/06/2006;1ra Ronda;5;0;0
298;146;145;22/06/2006;1ra Ronda;5;0;0
299;152;150;22/06/2006;1ra Ronda;5;0;0
300;151;149;22/06/2006;1ra Ronda;5;0;0
301;156;154;23/06/2006;1ra Ronda;5;0;0
302;155;153;23/06/2006;1ra Ronda;5;0;0
303;157;158;23/06/2006;1ra Ronda;5;0;0
304;160;159;23/06/2006;1ra Ronda;5;0;0
305;129;135;24/06/2006;Octavos de final;5;0;0
306;137;143;24/06/2006;Octavos de final;5;1;0
307;133;131;25/06/2006;Octavos de final;5;0;0
308;144;139;25/06/2006;Octavos de final;5;0;0
309;147;149;26/06/2006;Octavos de final;5;0;0
310;155;160;26/06/2006;Octavos de final;5;1;1
311;150;146;27/06/2006;Octavos de final;5;0;0
312;158;154;27/06/2006;Octavos de final;5;0;0
313;129;137;30/06/2006;Cuartos de final;5;1;1
314;147;160;30/06/2006;Cuartos de final;5;0;0
315;133;144;1/07/2006;Cuartos de final;5;1;1
316;150;154;1/07/2006;Cuartos de final;5;0;0
317;129;147;4/07/2006;Semifinales;5;1;0
318;144;154;5/07/2006;Semifinales;5;0;0
319;129;144;8/07/2006;3er puesto;5;0;0
320;147;154;9/07/2006;Final;5;1;1
321;162;163;31/05/2002;1ra Ronda;6;0;0
322;180;179;1/06/2002;1ra Ronda;6;0;0
323;164;161;1/06/2002;1ra Ronda;6;0;0
324;177;178;1/06/2002;1ra Ronda;6;0;0
325;182;184;2/06/2002;1ra Ronda;6;0;0
326;167;168;2/06/2002;1ra Ronda;6;0;0
327;181;183;2/06/2002;1ra Ronda;6;0;0
328;166;165;2/06/2002;1ra Ronda;6;0;0
329;185;188;3/06/2002;1ra Ronda;6;0;0
330;169;172;3/06/2002;1ra Ronda;6;0;0
331;187;186;3/06/2002;1ra Ronda;6;0;0
332;170;171;4/06/2002;1ra Ronda;6;0;0
333;190;189;4/06/2002;1ra Ronda;6;0;0
334;173;175;4/06/2002;1ra Ronda;6;0;0
335;191;192;5/06/2002;1ra Ronda;6;0;0
336;174;176;5/06/2002;1ra Ronda;6;0;0
337;177;180;5/06/2002;1ra Ronda;6;0;0
338;162;164;6/06/2002;1ra Ronda;6;0;0
339;179;178;6/06/2002;1ra Ronda;6;0;0
340;161;163;6/06/2002;1ra Ronda;6;0;0
341;184;183;7/06/2002;1ra Ronda;6;0;0
342;166;167;7/06/2002;1ra Ronda;6;0;0
343;181;182;7/06/2002;1ra Ronda;6;0;0
344;168;165;8/06/2002;1ra Ronda;6;0;0
345;187;185;8/06/2002;1ra Ronda;6;0;0
346;169;170;8/06/2002;1ra Ronda;6;0;0
347;188;186;9/06/2002;1ra Ronda;6;0;0
348;171;172;9/06/2002;1ra Ronda;6;0;0
349;190;191;9/06/2002;1ra Ronda;6;0;0
350;173;174;10/06/2002;1ra Ronda;6;0;0
351;192;189;10/06/2002;1ra Ronda;6;0;0
352;176;175;10/06/2002;1ra Ronda;6;0;0
353;161;162;11/06/2002;1ra Ronda;6;0;0
354;163;164;11/06/2002;1ra Ronda;6;0;0
355;179;177;11/06/2002;1ra Ronda;6;0;0
356;178;180;11/06/2002;1ra Ronda;6;0;0
357;184;181;12/06/2002;1ra Ronda;6;0;0
358;183;182;12/06/2002;1ra Ronda;6;0;0
359;168;166;12/06/2002;1ra Ronda;6;0;0
360;165;167;12/06/2002;1ra Ronda;6;0;0
361;171;169;13/06/2002;1ra Ronda;6;0;0
362;172;170;13/06/2002;1ra Ronda;6;0;0
363;188;187;13/06/2002;1ra Ronda;6;0;0
364;186;185;13/06/2002;1ra Ronda;6;0;0
365;192;190;14/06/2002;1ra Ronda;6;0;0
366;189;191;14/06/2002;1ra Ronda;6;0;0
367;176;173;14/06/2002;1ra Ronda;6;0;0
368;175;174;14/06/2002;1ra Ronda;6;0;0
369;177;167;15/06/2002;Octavos de final;6;0;0
370;161;182;15/06/2002;Octavos de final;6;0;0
371;184;163;16/06/2002;Octavos de final;6;1;0
372;166;180;16/06/2002;Octavos de final;6;1;1
373;188;174;17/06/2002;Octavos de final;6;0;0
374;169;189;17/06/2002;Octavos de final;6;0;0
375;190;172;18/06/2002;Octavos de final;6;0;0
376;173;187;18/06/2002;Octavos de final;6;1;0
377;182;169;21/06/2002;Cuartos de final;6;0;0
378;177;174;21/06/2002;Cuartos de final;6;0;0
379;166;173;22/06/2002;Cuartos de final;6;1;1
380;163;172;22/06/2002;Cuartos de final;6;1;0
381;177;173;25/06/2002;Semifinales;6;0;0
382;169;172;26/06/2002;Semifinales;6;0;0
383;173;172;29/06/2002;3er puesto;6;0;0
384;177;169;30/06/2002;Final;6;0;0
385;193;194;10/06/1998;1ra Ronda;7;0;0
386;195;196;10/06/1998;1ra Ronda;7;0;0
387;198;197;11/06/1998;1ra Ronda;7;0;0
388;200;199;11/06/1998;1ra Ronda;7;0;0
389;201;202;12/06/1998;1ra Ronda;7;0;0
390;203;204;12/06/1998;1ra Ronda;7;0;0
391;208;205;12/06/1998;1ra Ronda;7;0;0
392;212;209;13/06/1998;1ra Ronda;7;0;0
393;210;211;13/06/1998;1ra Ronda;7;0;0
394;206;207;13/06/1998;1ra Ronda;7;0;0
395;223;222;14/06/1998;1ra Ronda;7;0;0
396;216;215;14/06/1998;1ra Ronda;7;0;0
397;221;224;14/06/1998;1ra Ronda;7;0;0
398;213;214;15/06/1998;1ra Ronda;7;0;0
399;219;217;15/06/1998;1ra Ronda;7;0;0
400;218;220;15/06/1998;1ra Ronda;7;0;0
401;194;196;16/06/1998;1ra Ronda;7;0;0
402;193;195;16/06/1998;1ra Ronda;7;0;0
403;199;197;17/06/1998;1ra Ronda;7;0;0
404;200;198;17/06/1998;1ra Ronda;7;0;0
405;203;201;18/06/1998;1ra Ronda;7;0;0
406;204;202;18/06/1998;1ra Ronda;7;0;0
407;207;205;19/06/1998;1ra Ronda;7;0;0
408;206;208;19/06/1998;1ra Ronda;7;0;0
409;212;210;20/06/1998;1ra Ronda;7;0;0
410;209;211;20/06/1998;1ra Ronda;7;0;0
411;224;222;20/06/1998;1ra Ronda;7;0;0
412;221;223;21/06/1998;1ra Ronda;7;0;0
413;213;216;21/06/1998;1ra Ronda;7;0;0
414;214;215;21/06/1998;1ra Ronda;7;0;0
415;217;220;22/06/1998;1ra Ronda;7;0;0
416;219;218;22/06/1998;1ra Ronda;7;0;0
417;200;197;23/06/1998;1ra Ronda;7;0;0
418;194;195;23/06/1998;1ra Ronda;7;0;0
419;193;196;23/06/1998;1ra Ronda;7;0;0
420;199;198;23/06/1998;1ra Ronda;7;0;0
421;206;205;24/06/1998;1ra Ronda;7;0;0
422;203;202;24/06/1998;1ra Ronda;7;0;0
423;207;208;24/06/1998;1ra Ronda;7;0;0
424;204;201;24/06/1998;1ra Ronda;7;0;0
425;209;210;25/06/1998;1ra Ronda;7;0;0
426;212;211;25/06/1998;1ra Ronda;7;0;0
427;213;215;25/06/1998;1ra Ronda;7;0;0
428;214;216;25/06/1998;1ra Ronda;7;0;0
429;219;220;26/06/1998;1ra Ronda;7;0;0
430;217;218;26/06/1998;1ra Ronda;7;0;0
431;224;223;26/06/1998;1ra Ronda;7;0;0
432;221;222;26/06/1998;1ra Ronda;7;0;0
433;193;199;27/06/1998;Octavos de final;7;0;0
434;200;196;27/06/1998;Octavos de final;7;0;0
435;207;202;28/06/1998;Octavos de final;7;0;0
436;203;208;28/06/1998;Octavos de final;7;1;0
437;213;211;29/06/1998;Octavos de final;7;0;0
438;212;216;29/06/1998;Octavos de final;7;0;0
439;221;218;30/06/1998;Octavos de final;7;1;1
440;219;222;30/06/1998;Octavos de final;7;0;0
441;200;203;3/07/1998;Cuartos de final;7;1;1
442;193;202;3/07/1998;Cuartos de final;7;0;0
443;213;222;4/07/1998;Cuartos de final;7;0;0
444;212;221;4/07/1998;Cuartos de final;7;0;0
445;193;212;7/07/1998;Semifinales;7;1;1
446;203;222;8/07/1998;Semifinales;7;0;0
447;212;222;11/07/1998;3er puesto;7;0;0
448;193;203;12/07/1998;Final;7;0;0
449;233;234;17/06/1994;1ra Ronda;8;0;0
450;236;235;17/06/1994;1ra Ronda;8;0;0
451;226;228;18/06/1994;1ra Ronda;8;0;0
452;242;241;18/06/1994;1ra Ronda;8;0;0
453;225;227;18/06/1994;1ra Ronda;8;0;0
454;246;247;19/06/1994;1ra Ronda;8;0;0
455;244;243;19/06/1994;1ra Ronda;8;0;0
456;230;232;19/06/1994;1ra Ronda;8;0;0
457;229;231;20/06/1994;1ra Ronda;8;0;0
458;248;245;20/06/1994;1ra Ronda;8;0;0
459;237;239;21/06/1994;1ra Ronda;8;0;0
460;233;236;21/06/1994;1ra Ronda;8;0;0
461;240;238;21/06/1994;1ra Ronda;8;0;0
462;227;228;22/06/1994;1ra Ronda;8;0;0
463;226;225;22/06/1994;1ra Ronda;8;0;0
464;242;244;23/06/1994;1ra Ronda;8;0;0
465;235;234;23/06/1994;1ra Ronda;8;0;0
466;243;241;24/06/1994;1ra Ronda;8;0;0
467;229;230;24/06/1994;1ra Ronda;8;0;0
468;232;231;24/06/1994;1ra Ronda;8;0;0
469;246;248;25/06/1994;1ra Ronda;8;0;0
470;245;247;25/06/1994;1ra Ronda;8;0;0
471;237;240;25/06/1994;1ra Ronda;8;0;0
472;238;239;26/06/1994;1ra Ronda;8;0;0
473;226;227;26/06/1994;1ra Ronda;8;0;0
474;228;225;26/06/1994;1ra Ronda;8;0;0
475;234;236;27/06/1994;1ra Ronda;8;0;0
476;233;235;27/06/1994;1ra Ronda;8;0;0
477;241;244;28/06/1994;1ra Ronda;8;0;0
478;242;243;28/06/1994;1ra Ronda;8;0;0
479;231;230;28/06/1994;1ra Ronda;8;0;0
480;229;232;28/06/1994;1ra Ronda;8;0;0
481;247;248;29/06/1994;1ra Ronda;8;0;0
482;246;245;29/06/1994;1ra Ronda;8;0;0
483;239;240;30/06/1994;1ra Ronda;8;0;0
484;237;238;30/06/1994;1ra Ronda;8;0;0
485;233;246;2/07/1994;Octavos de final;8;0;0
486;236;228;2/07/1994;Octavos de final;8;0;0
487;245;232;3/07/1994;Octavos de final;8;0;0
488;227;237;3/07/1994;Octavos de final;8;0;0
489;248;241;4/07/1994;Octavos de final;8;0;0
490;229;226;4/07/1994;Octavos de final;8;0;0
491;240;242;5/07/1994;Octavos de final;8;1;0
492;243;238;5/07/1994;Octavos de final;8;1;1
493;242;236;9/07/1994;Cuartos de final;8;0;0
494;248;229;9/07/1994;Cuartos de final;8;0;0
495;238;233;10/07/1994;Cuartos de final;8;0;0
496;227;232;10/07/1994;Cuartos de final;8;1;1
497;238;242;13/07/1994;Semifinales;8;0;0
498;232;229;13/07/1994;Semifinales;8;0;0
499;232;238;16/07/1994;3er puesto;8;0;0
500;229;242;17/07/1994;Final;8;1;1
501;253;254;8/06/1990;1ra Ronda;9;0;0
502;256;255;9/06/1990;1ra Ronda;9;0;0
503;252;249;9/06/1990;1ra Ronda;9;0;0
504;263;262;9/06/1990;1ra Ronda;9;0;0
505;251;250;10/06/1990;1ra Ronda;9;0;0
506;257;260;10/06/1990;1ra Ronda;9;0;0
507;261;264;10/06/1990;1ra Ronda;9;0;0
508;258;259;11/06/1990;1ra Ronda;9;0;0
509;270;271;11/06/1990;1ra Ronda;9;0;0
510;265;266;12/06/1990;1ra Ronda;9;0;0
511;272;269;12/06/1990;1ra Ronda;9;0;0
512;268;267;13/06/1990;1ra Ronda;9;0;0
513;253;256;13/06/1990;1ra Ronda;9;0;0
514;264;262;14/06/1990;1ra Ronda;9;0;0
515;252;251;14/06/1990;1ra Ronda;9;0;0
516;254;255;14/06/1990;1ra Ronda;9;0;0
517;249;250;15/06/1990;1ra Ronda;9;0;0
518;261;263;15/06/1990;1ra Ronda;9;0;0
519;257;258;16/06/1990;1ra Ronda;9;0;0
520;260;259;16/06/1990;1ra Ronda;9;0;0
521;270;272;16/06/1990;1ra Ronda;9;0;0
522;271;269;17/06/1990;1ra Ronda;9;0;0
523;265;268;17/06/1990;1ra Ronda;9;0;0
524;266;267;17/06/1990;1ra Ronda;9;0;0
525;253;255;18/06/1990;1ra Ronda;9;0;0
526;254;256;18/06/1990;1ra Ronda;9;0;0
527;261;262;19/06/1990;1ra Ronda;9;0;0
528;264;263;19/06/1990;1ra Ronda;9;0;0
529;252;250;19/06/1990;1ra Ronda;9;0;0
530;249;251;19/06/1990;1ra Ronda;9;0;0
531;257;259;20/06/1990;1ra Ronda;9;0;0
532;260;258;20/06/1990;1ra Ronda;9;0;0
533;265;267;21/06/1990;1ra Ronda;9;0;0
534;266;268;21/06/1990;1ra Ronda;9;0;0
535;270;269;21/06/1990;1ra Ronda;9;0;0
536;271;272;21/06/1990;1ra Ronda;9;0;0
537;254;262;23/06/1990;Octavos de final;9;1;0
538;250;258;23/06/1990;Octavos de final;9;0;0
539;257;253;24/06/1990;Octavos de final;9;0;0
540;261;272;24/06/1990;Octavos de final;9;0;0
541;271;255;25/06/1990;Octavos de final;9;1;1
542;252;268;25/06/1990;Octavos de final;9;0;0
543;267;264;26/06/1990;Octavos de final;9;1;0
544;270;265;26/06/1990;Octavos de final;9;1;0
545;253;264;30/06/1990;Cuartos de final;9;1;1
546;252;271;30/06/1990;Cuartos de final;9;0;0
547;261;250;1/07/1990;Cuartos de final;9;0;0
548;254;270;1/07/1990;Cuartos de final;9;1;0
549;252;253;3/07/1990;Semifinales;9;1;1
550;270;261;4/07/1990;Semifinales;9;1;1
551;252;270;7/07/1990;3er puesto;9;0;0
552;253;261;8/07/1990;Final;9;0;0
553;274;276;31/05/1986;1ra Ronda;10;0;0
554;287;286;1/06/1986;1ra Ronda;10;0;0
555;281;282;1/06/1986;1ra Ronda;10;0;0
556;273;275;2/06/1986;1ra Ronda;10;0;0
557;284;283;2/06/1986;1ra Ronda;10;0;0
558;294;295;2/06/1986;1ra Ronda;10;0;0
559;277;279;3/06/1986;1ra Ronda;10;0;0
560;296;293;3/06/1986;1ra Ronda;10;0;0
561;285;288;3/06/1986;1ra Ronda;10;0;0
562;291;290;4/06/1986;1ra Ronda;10;0;0
563;292;289;4/06/1986;1ra Ronda;10;0;0
564;280;278;4/06/1986;1ra Ronda;10;0;0
565;282;284;5/06/1986;1ra Ronda;10;0;0
566;275;274;5/06/1986;1ra Ronda;10;0;0
567;276;273;5/06/1986;1ra Ronda;10;0;0
568;283;281;6/06/1986;1ra Ronda;10;0;0
569;286;285;6/06/1986;1ra Ronda;10;0;0
570;293;294;6/06/1986;1ra Ronda;10;0;0
571;279;280;7/06/1986;1ra Ronda;10;0;0
572;295;296;7/06/1986;1ra Ronda;10;0;0
573;288;287;7/06/1986;1ra Ronda;10;0;0
574;278;277;8/06/1986;1ra Ronda;10;0;0
575;289;291;8/06/1986;1ra Ronda;10;0;0
576;290;292;8/06/1986;1ra Ronda;10;0;0
577;284;281;9/06/1986;1ra Ronda;10;0;0
578;283;282;9/06/1986;1ra Ronda;10;0;0
579;275;276;10/06/1986;1ra Ronda;10;0;0
580;273;274;10/06/1986;1ra Ronda;10;0;0
581;280;277;11/06/1986;1ra Ronda;10;0;0
582;293;295;11/06/1986;1ra Ronda;10;0;0
583;296;294;11/06/1986;1ra Ronda;10;0;0
584;278;279;11/06/1986;1ra Ronda;10;0;0
585;288;286;12/06/1986;1ra Ronda;10;0;0
586;285;287;12/06/1986;1ra Ronda;10;0;0
587;290;289;13/06/1986;1ra Ronda;10;0;0
588;291;292;13/06/1986;1ra Ronda;10;0;0
589;284;277;15/06/1986;Octavos de final;10;1;0
590;279;274;15/06/1986;Octavos de final;10;0;0
591;286;295;16/06/1986;Octavos de final;10;0;0
592;273;292;16/06/1986;Octavos de final;10;0;0
593;294;289;17/06/1986;Octavos de final;10;0;0
594;276;282;17/06/1986;Octavos de final;10;0;0
595;290;287;18/06/1986;Octavos de final;10;0;0
596;293;280;18/06/1986;Octavos de final;10;0;0
597;279;289;21/06/1986;Cuartos de final;10;1;1
598;286;282;21/06/1986;Cuartos de final;10;1;1
599;277;287;22/06/1986;Cuartos de final;10;1;1
600;273;293;22/06/1986;Cuartos de final;10;0;0
601;273;277;25/06/1986;Semifinales;10;0;0
602;289;282;25/06/1986;Semifinales;10;0;0
603;277;282;28/06/1986;3er puesto;10;1;0
604;273;289;29/06/1986;Final;10;0;0
605;305;306;13/06/1982;1ra Ronda;11;0;0
606;317;320;14/06/1982;1ra Ronda;11;0;0
607;298;300;14/06/1982;1ra Ronda;11;0;0
608;299;297;15/06/1982;1ra Ronda;11;0;0
609;318;319;15/06/1982;1ra Ronda;11;0;0
610;308;307;15/06/1982;1ra Ronda;11;0;0
611;301;302;16/06/1982;1ra Ronda;11;0;0
612;313;314;16/06/1982;1ra Ronda;11;0;0
613;311;310;16/06/1982;1ra Ronda;11;0;0
614;309;312;17/06/1982;1ra Ronda;11;0;0
615;316;315;17/06/1982;1ra Ronda;11;0;0
616;304;303;17/06/1982;1ra Ronda;11;0;0
617;305;308;18/06/1982;1ra Ronda;11;0;0
618;298;299;18/06/1982;1ra Ronda;11;0;0
619;317;318;18/06/1982;1ra Ronda;11;0;0
620;300;297;19/06/1982;1ra Ronda;11;0;0
621;306;307;19/06/1982;1ra Ronda;11;0;0
622;320;319;19/06/1982;1ra Ronda;11;0;0
623;313;316;20/06/1982;1ra Ronda;11;0;0
624;311;309;20/06/1982;1ra Ronda;11;0;0
625;301;304;20/06/1982;1ra Ronda;11;0;0
626;314;315;21/06/1982;1ra Ronda;11;0;0
627;310;312;21/06/1982;1ra Ronda;11;0;0
628;302;303;21/06/1982;1ra Ronda;11;0;0
629;320;318;22/06/1982;1ra Ronda;11;0;0
630;306;308;22/06/1982;1ra Ronda;11;0;0
631;300;299;22/06/1982;1ra Ronda;11;0;0
632;298;297;23/06/1982;1ra Ronda;11;0;0
633;305;307;23/06/1982;1ra Ronda;11;0;0
634;317;319;23/06/1982;1ra Ronda;11;0;0
635;314;316;24/06/1982;1ra Ronda;11;0;0
636;310;309;24/06/1982;1ra Ronda;11;0;0
637;302;304;24/06/1982;1ra Ronda;11;0;0
638;315;313;25/06/1982;1ra Ronda;11;0;0
639;301;303;25/06/1982;1ra Ronda;11;0;0
640;311;312;25/06/1982;1ra Ronda;11;0;0
641;303;310;28/06/1982;1ra Ronda;11;0;0
642;300;306;28/06/1982;1ra Ronda;11;0;0
643;301;311;29/06/1982;1ra Ronda;11;0;0
644;298;305;29/06/1982;1ra Ronda;11;0;0
645;306;320;1/07/1982;1ra Ronda;11;0;0
646;303;315;1/07/1982;1ra Ronda;11;0;0
647;305;317;2/07/1982;1ra Ronda;11;0;0
648;301;313;2/07/1982;1ra Ronda;11;0;0
649;310;315;4/07/1982;1ra Ronda;11;0;0
650;300;320;4/07/1982;1ra Ronda;11;0;0
651;298;317;5/07/1982;1ra Ronda;11;0;0
652;313;311;5/07/1982;1ra Ronda;11;0;0
653;301;310;8/07/1982;Semifinales;11;1;1
654;300;298;8/07/1982;Semifinales;11;0;0
655;300;310;10/07/1982;3er puesto;11;0;0
656;298;301;11/07/1982;Final;11;0;0
657;337;339;1/06/1978;1ra Ronda;12;0;0
658;340;338;2/06/1978;1ra Ronda;12;0;0
659;336;334;2/06/1978;1ra Ronda;12;0;0
660;333;335;2/06/1978;1ra Ronda;12;0;0
661;347;346;3/06/1978;1ra Ronda;12;0;0
662;341;343;3/06/1978;1ra Ronda;12;0;0
663;348;345;3/06/1978;1ra Ronda;12;0;0
664;344;342;3/06/1978;1ra Ronda;12;0;0
665;337;338;6/06/1978;1ra Ronda;12;0;0
666;333;334;6/06/1978;1ra Ronda;12;0;0
667;339;340;6/06/1978;1ra Ronda;12;0;0
668;336;335;6/06/1978;1ra Ronda;12;0;0
669;347;348;7/06/1978;1ra Ronda;12;0;0
670;342;343;7/06/1978;1ra Ronda;12;0;0
671;345;346;7/06/1978;1ra Ronda;12;0;0
672;341;344;7/06/1978;1ra Ronda;12;0;0
673;336;333;10/06/1978;1ra Ronda;12;0;0
674;337;340;10/06/1978;1ra Ronda;12;0;0
675;334;335;10/06/1978;1ra Ronda;12;0;0
676;339;338;10/06/1978;1ra Ronda;12;0;0
677;348;346;11/06/1978;1ra Ronda;12;0;0
678;343;344;11/06/1978;1ra Ronda;12;0;0
679;345;347;11/06/1978;1ra Ronda;12;0;0
680;342;341;11/06/1978;1ra Ronda;12;0;0
681;347;341;14/06/1978;1ra Ronda;12;0;0
682;337;336;14/06/1978;1ra Ronda;12;0;0
683;342;348;14/06/1978;1ra Ronda;12;0;0
684;333;339;14/06/1978;1ra Ronda;12;0;0
685;333;342;18/06/1978;1ra Ronda;12;0;0
686;339;348;18/06/1978;1ra Ronda;12;0;0
687;337;347;18/06/1978;1ra Ronda;12;0;0
688;336;341;18/06/1978;1ra Ronda;12;0;0
689;333;348;21/06/1978;1ra Ronda;12;0;0
690;347;336;21/06/1978;1ra Ronda;12;0;0
691;342;339;21/06/1978;1ra Ronda;12;0;0
692;341;337;21/06/1978;1ra Ronda;12;0;0
693;342;336;24/06/1978;3er puesto;12;0;0
694;333;347;25/06/1978;Final;12;1;0
695;361;363;13/06/1974;1ra Ronda;13;0;0
696;357;360;14/06/1974;1ra Ronda;13;0;0
697;357;359;14/06/1974;1ra Ronda;13;0;0
698;364;362;14/06/1974;1ra Ronda;13;0;0
699;367;365;15/06/1974;1ra Ronda;13;0;0
700;372;369;15/06/1974;1ra Ronda;13;0;0
701;371;370;15/06/1974;1ra Ronda;13;0;0
702;368;366;15/06/1974;1ra Ronda;13;0;0
703;362;361;18/06/1974;1ra Ronda;13;0;0
704;359;357;18/06/1974;1ra Ronda;13;0;0
705;363;364;18/06/1974;1ra Ronda;13;0;0
706;360;357;18/06/1974;1ra Ronda;13;0;0
707;366;367;19/06/1974;1ra Ronda;13;0;0
708;369;371;19/06/1974;1ra Ronda;13;0;0
709;370;372;19/06/1974;1ra Ronda;13;0;0
710;365;368;19/06/1974;1ra Ronda;13;0;0
711;364;361;22/06/1974;1ra Ronda;13;0;0
712;357;357;22/06/1974;1ra Ronda;13;0;0
713;359;360;22/06/1974;1ra Ronda;13;0;0
714;362;363;22/06/1974;1ra Ronda;13;0;0
715;372;371;23/06/1974;1ra Ronda;13;0;0
716;369;370;23/06/1974;1ra Ronda;13;0;0
717;365;366;23/06/1974;1ra Ronda;13;0;0
718;367;368;23/06/1974;1ra Ronda;13;0;0
719;367;372;26/06/1974;1ra Ronda;13;0;0
720;363;357;26/06/1974;1ra Ronda;13;0;0
721;366;369;26/06/1974;1ra Ronda;13;0;0
722;361;357;26/06/1974;1ra Ronda;13;0;0
723;357;366;30/06/1974;1ra Ronda;13;0;0
724;369;361;30/06/1974;1ra Ronda;13;0;0
725;372;363;30/06/1974;1ra Ronda;13;0;0
726;357;367;30/06/1974;1ra Ronda;13;0;0
727;367;363;3/07/1974;1ra Ronda;13;0;0
728;369;357;3/07/1974;1ra Ronda;13;0;0
729;372;357;3/07/1974;1ra Ronda;13;0;0
730;366;361;3/07/1974;1ra Ronda;13;0;0
731;361;372;6/07/1974;3er puesto;13;0;0
732;366;357;7/07/1974;Final;13;0;0
733;383;384;31/05/1970;1ra Ronda;14;0;0
734;391;392;2/06/1970;1ra Ronda;14;0;0
735;388;385;2/06/1970;1ra Ronda;14;0;0
736;396;394;2/06/1970;1ra Ronda;14;0;0
737;386;387;3/06/1970;1ra Ronda;14;0;0
738;393;395;3/06/1970;1ra Ronda;14;0;0
739;381;382;3/06/1970;1ra Ronda;14;0;0
740;389;390;3/06/1970;1ra Ronda;14;0;0
741;396;395;6/06/1970;1ra Ronda;14;0;0
742;392;390;6/06/1970;1ra Ronda;14;0;0
743;384;381;6/06/1970;1ra Ronda;14;0;0
744;388;386;6/06/1970;1ra Ronda;14;0;0
745;387;385;7/06/1970;1ra Ronda;14;0;0
746;383;382;7/06/1970;1ra Ronda;14;0;0
747;393;394;7/06/1970;1ra Ronda;14;0;0
748;389;391;7/06/1970;1ra Ronda;14;0;0
749;384;382;10/06/1970;1ra Ronda;14;0;0
750;387;388;10/06/1970;1ra Ronda;14;0;0
751;393;396;10/06/1970;1ra Ronda;14;0;0
752;389;392;10/06/1970;1ra Ronda;14;0;0
753;394;395;11/06/1970;1ra Ronda;14;0;0
754;391;390;11/06/1970;1ra Ronda;14;0;0
755;383;381;11/06/1970;1ra Ronda;14;0;0
756;386;385;11/06/1970;1ra Ronda;14;0;0
757;393;391;14/06/1970;Cuartos de final;14;1;0
758;386;383;14/06/1970;Cuartos de final;14;0;0
759;388;384;14/06/1970;Cuartos de final;14;1;0
760;389;396;14/06/1970;Cuartos de final;14;0;0
761;388;389;17/06/1970;Semifinales;14;0;0
762;386;393;17/06/1970;Semifinales;14;1;0
763;388;393;20/06/1970;3er puesto;14;0;0
764;389;386;21/06/1970;Final;14;0;0
765;398;400;11/07/1966;1ra Ronda;15;0;0
766;401;404;12/07/1966;1ra Ronda;15;0;0
767;412;410;12/07/1966;1ra Ronda;15;0;0
768;405;406;12/07/1966;1ra Ronda;15;0;0
769;397;399;13/07/1966;1ra Ronda;15;0;0
770;411;409;13/07/1966;1ra Ronda;15;0;0
771;408;407;13/07/1966;1ra Ronda;15;0;0
772;402;403;13/07/1966;1ra Ronda;15;0;0
773;400;397;15/07/1966;1ra Ronda;15;0;0
774;407;405;15/07/1966;1ra Ronda;15;0;0
775;403;404;15/07/1966;1ra Ronda;15;0;0
776;410;409;15/07/1966;1ra Ronda;15;0;0
777;408;406;16/07/1966;1ra Ronda;15;0;0
778;401;402;16/07/1966;1ra Ronda;15;0;0
779;412;411;16/07/1966;1ra Ronda;15;0;0
780;398;399;16/07/1966;1ra Ronda;15;0;0
781;408;405;19/07/1966;1ra Ronda;15;0;0
782;400;399;19/07/1966;1ra Ronda;15;0;0
783;402;404;19/07/1966;1ra Ronda;15;0;0
784;410;411;19/07/1966;1ra Ronda;15;0;0
785;398;397;20/07/1966;1ra Ronda;15;0;0
786;401;403;20/07/1966;1ra Ronda;15;0;0
787;412;409;20/07/1966;1ra Ronda;15;0;0
788;407;406;20/07/1966;1ra Ronda;15;0;0
789;408;410;23/07/1966;Cuartos de final;15;0;0
790;398;402;23/07/1966;Cuartos de final;15;0;0
791;401;400;23/07/1966;Cuartos de final;15;0;0
792;412;407;23/07/1966;Cuartos de final;15;0;0
793;401;412;25/07/1966;Semifinales;15;0;0
794;398;408;26/07/1966;Semifinales;15;0;0
795;408;412;28/07/1966;3er puesto;15;0;0
796;398;401;30/07/1966;Final;15;1;0
797;415;413;30/05/1962;1ra Ronda;16;0;0
798;421;424;30/05/1962;1ra Ronda;16;0;0
799;418;420;30/05/1962;1ra Ronda;16;0;0
800;425;426;30/05/1962;1ra Ronda;16;0;0
801;422;423;31/05/1962;1ra Ronda;16;0;0
802;414;416;31/05/1962;1ra Ronda;16;0;0
803;427;428;31/05/1962;1ra Ronda;16;0;0
804;417;419;31/05/1962;1ra Ronda;16;0;0
805;418;419;2/06/1962;1ra Ronda;16;0;0
806;421;422;2/06/1962;1ra Ronda;16;0;0
807;416;415;2/06/1962;1ra Ronda;16;0;0
808;428;425;2/06/1962;1ra Ronda;16;0;0
809;427;426;3/06/1962;1ra Ronda;16;0;0
810;414;413;3/06/1962;1ra Ronda;16;0;0
811;423;424;3/06/1962;1ra Ronda;16;0;0
812;417;420;3/06/1962;1ra Ronda;16;0;0
813;417;418;6/06/1962;1ra Ronda;16;0;0
814;427;425;6/06/1962;1ra Ronda;16;0;0
815;414;415;6/06/1962;1ra Ronda;16;0;0
816;421;423;6/06/1962;1ra Ronda;16;0;0
817;416;413;7/06/1962;1ra Ronda;16;0;0
818;424;422;7/06/1962;1ra Ronda;16;0;0
819;419;420;7/06/1962;1ra Ronda;16;0;0
820;428;426;7/06/1962;1ra Ronda;16;0;0
821;421;428;10/06/1962;Cuartos de final;16;0;0
822;422;427;10/06/1962;Cuartos de final;16;0;0
823;416;417;10/06/1962;Cuartos de final;16;0;0
824;418;414;10/06/1962;Cuartos de final;16;0;0
825;416;422;13/06/1962;Semifinales;16;0;0
826;418;421;13/06/1962;Semifinales;16;0;0
827;418;416;16/06/1962;3er puesto;16;0;0
828;421;422;17/06/1962;Final;16;0;0
829;438;437;8/06/1958;1ra Ronda;17;0;0
830;432;431;8/06/1958;1ra Ronda;17;0;0
831;442;441;8/06/1958;1ra Ronda;17;0;0
832;434;435;8/06/1958;1ra Ronda;17;0;0
833;430;429;8/06/1958;1ra Ronda;17;0;0
834;444;443;8/06/1958;1ra Ronda;17;0;0
835;436;433;8/06/1958;1ra Ronda;17;0;0
836;440;439;8/06/1958;1ra Ronda;17;0;0
837;436;434;11/06/1958;1ra Ronda;17;0;0
838;435;433;11/06/1958;1ra Ronda;17;0;0
839;439;437;11/06/1958;1ra Ronda;17;0;0
840;429;431;11/06/1958;1ra Ronda;17;0;0
841;444;441;11/06/1958;1ra Ronda;17;0;0
842;430;432;11/06/1958;1ra Ronda;17;0;0
843;442;443;11/06/1958;1ra Ronda;17;0;0
844;440;438;12/06/1958;1ra Ronda;17;0;0
845;434;433;15/06/1958;1ra Ronda;17;0;0
846;440;437;15/06/1958;1ra Ronda;17;0;0
847;429;432;15/06/1958;1ra Ronda;17;0;0
848;435;436;15/06/1958;1ra Ronda;17;0;0
849;442;444;15/06/1958;1ra Ronda;17;0;0
850;443;441;15/06/1958;1ra Ronda;17;0;0
851;438;439;15/06/1958;1ra Ronda;17;0;0
852;431;430;15/06/1958;1ra Ronda;17;0;0
853;432;431;17/06/1958;1ra Ronda;17;1;0
854;437;438;17/06/1958;1ra Ronda;17;0;0
855;444;443;17/06/1958;1ra Ronda;17;0;0
856;434;432;19/06/1958;Cuartos de final;17;0;0
857;429;436;19/06/1958;Cuartos de final;17;0;0
858;442;437;19/06/1958;Cuartos de final;17;0;0
859;440;444;19/06/1958;Cuartos de final;17;0;0
860;429;440;24/06/1958;Semifinales;17;0;0
861;434;442;24/06/1958;Semifinales;17;0;0
862;429;434;28/06/1958;3er puesto;17;0;0
863;440;442;29/06/1958;Final;17;0;0
864;448;446;16/06/1954;1ra Ronda;18;0;0
865;453;455;16/06/1954;1ra Ronda;18;0;0
866;456;454;16/06/1954;1ra Ronda;18;0;0
867;445;447;16/06/1954;1ra Ronda;18;0;0
868;451;450;17/06/1954;1ra Ronda;18;0;0
869;458;457;17/06/1954;1ra Ronda;18;1;0
870;449;452;17/06/1954;1ra Ronda;18;0;0
871;460;459;17/06/1954;1ra Ronda;18;0;0
872;446;447;19/06/1954;1ra Ronda;18;0;0
873;445;448;19/06/1954;1ra Ronda;18;1;0
874;453;454;19/06/1954;1ra Ronda;18;0;0
875;456;455;19/06/1954;1ra Ronda;18;0;0
876;451;449;20/06/1954;1ra Ronda;18;0;0
877;452;450;20/06/1954;1ra Ronda;18;0;0
878;458;460;20/06/1954;1ra Ronda;18;0;0
879;459;457;20/06/1954;1ra Ronda;18;0;0
880;460;459;23/06/1954;1ra Ronda;18;0;0
881;449;452;23/06/1954;1ra Ronda;18;0;0
882;456;458;26/06/1954;Cuartos de final;18;0;0
883;453;460;26/06/1954;Cuartos de final;18;0;0
884;451;445;27/06/1954;Cuartos de final;18;0;0
885;449;448;27/06/1954;Cuartos de final;18;0;0
886;451;456;30/06/1954;Semifinales;18;1;0
887;449;453;30/06/1954;Semifinales;18;0;0
888;456;453;3/07/1954;3er puesto;18;0;0
889;451;449;4/07/1954;Final;18;0;0
890;461;462;24/06/1950;1ra Ronda;19;0;0
891;471;469;25/06/1950;1ra Ronda;19;0;0
892;464;463;25/06/1950;1ra Ronda;19;0;0
893;468;465;25/06/1950;1ra Ronda;19;0;0
894;466;467;25/06/1950;1ra Ronda;19;0;0
895;464;462;28/06/1950;1ra Ronda;19;0;0
896;461;463;28/06/1950;1ra Ronda;19;0;0
897;471;470;29/06/1950;1ra Ronda;19;0;0
898;467;468;29/06/1950;1ra Ronda;19;0;0
899;466;465;29/06/1950;1ra Ronda;19;0;0
900;461;464;1/07/1950;1ra Ronda;19;0;0
901;473;472;2/07/1950;1ra Ronda;19;0;0
902;463;462;2/07/1950;1ra Ronda;19;0;0
903;466;468;2/07/1950;1ra Ronda;19;0;0
904;465;467;2/07/1950;1ra Ronda;19;0;0
905;469;470;2/07/1950;1ra Ronda;19;0;0
906;461;471;9/07/1950;1ra Ronda;19;0;0
907;473;466;9/07/1950;1ra Ronda;19;0;0
908;473;471;13/07/1950;1ra Ronda;19;0;0
909;461;466;13/07/1950;1ra Ronda;19;0;0
910;471;466;16/07/1950;1ra Ronda;19;0;0
911;473;461;16/07/1950;1ra Ronda;19;0;0
912;493;478;4/06/2038;Octavos de final;20;1;0
913;484;480;5/06/2038;Octavos de final;20;0;0
914;487;488;5/06/2038;Octavos de final;20;1;0
915;481;490;5/06/2038;Octavos de final;20;1;0
916;485;486;5/06/2038;Octavos de final;20;0;0
917;482;489;5/06/2038;Octavos de final;20;1;0
918;483;491;5/06/2038;Octavos de final;20;1;0
919;493;478;9/06/2038;Octavos de final;20;0;0
920;483;491;9/06/2038;Octavos de final;20;0;0
921;483;492;12/06/2038;Cuartos de final;20;0;0
922;487;484;12/06/2038;Cuartos de final;20;0;0
923;485;493;12/06/2038;Cuartos de final;20;0;0
924;481;482;12/06/2038;Cuartos de final;20;1;0
925;481;482;14/06/2038;Cuartos de final;20;0;0
926;485;492;16/06/2038;Semifinales;20;0;0
927;481;487;16/06/2038;Semifinales;20;0;0
928;481;492;19/06/2038;3er puesto;20;0;0
929;487;485;19/06/2038;Final;20;0;0
930;494;497;27/05/2034;Octavos de final;21;0;0
931;508;495;27/05/2034;Octavos de final;21;0;0
932;505;502;27/05/2034;Octavos de final;21;0;0
933;504;500;27/05/2034;Octavos de final;21;0;0
934;501;498;27/05/2034;Octavos de final;21;0;0
935;499;507;27/05/2034;Octavos de final;21;0;0
936;509;506;27/05/2034;Octavos de final;21;0;0
937;496;503;27/05/2034;Octavos de final;21;1;0
938;499;509;31/05/2034;Cuartos de final;21;0;0
939;496;504;31/05/2034;Cuartos de final;21;0;0
940;494;508;31/05/2034;Cuartos de final;21;0;0
941;505;501;31/05/2034;Cuartos de final;21;1;0
942;505;501;1/06/2034;Cuartos de final;21;0;0
943;499;494;3/06/2034;Semifinales;21;0;0
944;505;496;3/06/2034;Semifinales;21;0;0
945;496;494;7/06/2034;3er puesto;21;0;0
946;505;499;10/06/2034;Final;21;1;0
947;512;513;13/07/2030;1ra Ronda;22;0;0
948;521;520;13/07/2030;1ra Ronda;22;0;0
949;518;517;14/07/2030;1ra Ronda;22;0;0
950;516;515;14/07/2030;1ra Ronda;22;0;0
951;510;512;15/07/2030;1ra Ronda;22;0;0
952;511;513;16/07/2030;1ra Ronda;22;0;0
953;516;514;17/07/2030;1ra Ronda;22;0;0
954;521;522;17/07/2030;1ra Ronda;22;0;0
955;519;517;18/07/2030;1ra Ronda;22;0;0
956;510;513;19/07/2030;1ra Ronda;22;0;0
957;511;512;19/07/2030;1ra Ronda;22;0;0
958;522;520;20/07/2030;1ra Ronda;22;0;0
959;515;514;20/07/2030;1ra Ronda;22;0;0
960;519;518;21/07/2030;1ra Ronda;22;0;0
961;510;511;22/07/2030;1ra Ronda;22;0;0
962;510;521;26/07/2030;Semifinales;22;0;0
963;519;516;27/07/2030;Semifinales;22;0;0
964;510;519;30/07/2030;Final;22;0;0
