id;id_partido;detalle;id_jugador;id_plantel;is_metido
1;53;atajado;5309;20;0
2;53;atajado;5310;20;0
3;53;atajado;5372;20;0
4;53;palo;2717;23;0
5;53;;2763;23;1
6;53;;2686;23;1
7;53;;5267;20;1
8;53;;2728;23;1
9;55;atajado;3541;19;0
10;55;atajado;5417;24;0
11;55;atajado;3341;19;0
12;55;palo;3530;19;0
13;55;;5499;24;1
14;55;;5512;24;1
15;55;;5466;24;1
16;57;atajado;6134;3;0
17;57;atajado;5988;3;0
18;57;desviado;615;10;0
19;57;;682;10;1
20;57;;712;10;1
21;57;;6060;3;1
22;57;;688;10;1
23;57;;6160;3;1
24;57;;6015;3;1
25;57;;674;10;1
26;58;atajado;1623;25;0
27;58;palo;1542;25;0
28;58;;2763;23;1
29;58;;2720;23;1
30;58;;1399;25;1
31;58;;2724;23;1
32;58;;3486;25;1
33;58;;2727;23;1
34;64;atajado;3803;15;0
35;64;desviado;3974;15;0
36;64;;682;10;1
37;64;;3918;15;1
38;64;;606;10;1
39;64;;712;10;1
40;64;;688;10;1
41;64;;3878;15;1
42;115;atajado;3429;37;0
43;115;atajado;3332;37;0
44;115;;3411;37;1
45;115;;7204;35;1
46;115;;3490;37;1
47;115;;7106;35;1
48;115;;7102;35;1
49;115;;3503;37;1
50;115;;7074;35;1
51;116;atajado;2678;46;0
52;116;atajado;2811;42;0
53;116;atajado;2731;46;0
54;116;atajado;2880;42;0
55;116;atajado;2832;42;0
56;116;;2711;46;1
57;116;;2835;42;1
58;116;;2724;46;1
59;116;;2839;42;1
60;116;;2737;46;1
61;120;atajado;4528;58;0
62;120;atajado;2207;61;0
63;120;fallado;2288;61;0
64;120;;2231;61;1
65;120;;4549;58;1
66;120;;2222;61;1
67;120;;4610;58;1
68;120;;2259;61;1
69;120;;4650;58;1
70;120;;4496;58;1
71;123;atajado;7204;35;0
72;123;atajado;2709;46;0
73;123;desviado;7093;35;0
74;123;;2686;46;1
75;123;;7087;35;1
76;123;;2724;46;1
77;123;;7106;35;1
78;123;;2761;46;1
79;123;;7141;35;1
80;123;;2737;46;1
81;177;atajado;2106;70;0
82;177;atajado;2136;70;0
83;177;atajado;1481;65;0
84;177;desviado;1665;65;0
85;177;palo;2071;70;0
86;177;;1414;65;1
87;177;;1536;65;1
88;177;;2008;70;1
89;177;;2038;70;1
90;177;;1564;65;1
91;180;atajado;4136;75;0
92;180;;2582;77;1
93;180;;4160;75;1
94;180;;2653;77;1
95;180;;4133;75;1
96;180;;2613;77;1
97;180;;4139;75;1
98;180;;2588;77;1
99;180;;2664;77;1
100;187;atajado;2653;77;0
101;187;atajado;2664;77;0
102;187;;6145;72;1
103;187;;2582;77;1
104;187;;6098;72;1
105;187;;6108;72;1
106;187;;2613;77;1
107;187;;6064;72;1
108;187;;2581;77;1
109;190;atajado;6155;72;0
110;190;atajado;6108;72;0
111;190;;682;85;1
112;190;;6098;72;1
113;190;;629;85;1
114;190;;515;85;1
115;190;;6064;72;1
116;190;;745;85;1
117;247;fallado;5299;115;0
118;247;;6214;120;1
119;247;;5271;115;1
120;247;;6215;120;1
121;247;;5275;115;1
122;247;;6310;120;1
123;247;;6331;120;1
124;247;;5279;115;1
125;247;;6241;120;1
126;250;atajado;4095;111;0
127;250;atajado;4056;111;0
128;250;desviado;8387;100;0
129;250;;8303;100;1
130;250;;4084;111;1
131;250;;8459;100;1
132;250;;4068;111;1
133;250;;8428;100;1
134;250;;8231;100;1

135;310;atajado;7972;155;0
136;310;atajado;8221;160;0
137;310;atajado;7834;155;0
138;310;fallado;7817;155;0
139;310;;8213;160;1
140;310;;8217;160;1
141;310;;8209;160;1

142;313;atajado;533;137;0
143;313;atajado;569;137;0
144;313;;198;129;1
145;313;;590;137;1
146;313;;13;129;1
147;313;;214;129;1
148;313;;745;137;1
149;313;;30;129;1

150;315;atajado;4557;133;0
151;315;atajado;4519;133;0
152;315;atajado;4473;133;0
153;315;desviado;6711;144;0
154;315;palo;6659;144;0
155;315;;6731;144;1
156;315;;4524;133;1
157;315;;6712;144;1
158;315;;6721;144;1

159;320;fallado;3983;154;0
160;320;;5176;147;1
161;320;;3997;154;1
162;320;;5129;147;1
163;320;;5048;147;1
164;320;;3746;154;1
165;320;;5052;147;1
166;320;;3957;154;1
167;320;;5095;147;1

168;372;atajado;4815;180;0
169;372;atajado;4834;180;0
170;372;desviado;3422;166;0
171;372;fallado;4823;180;0
172;372;palo;3556;166;0
173;372;;3408;166;1
174;372;;4827;180;1
175;372;;3336;166;1
176;372;;3456;166;1
177;372;;4820;180;1

178;379;atajado;3418;166;0
179;379;;3408;166;1
180;379;;2398;173;1
181;379;;3336;166;1
182;379;;2496;173;1
183;379;;3565;166;1
184;379;;2505;173;1
185;379;;2345;173;1
186;379;;2392;173;1


187;439;atajado;589;221;0
188;439;atajado;4542;218;0
189;439;atajado;4449;218;0
190;439;;549;221;1
191;439;;4626;218;1
192;439;;800;221;1
193;439;;4579;218;1
194;439;;625;221;1
195;439;;4595;218;1
196;439;;533;221;1

197;441;atajado;4959;200;0
198;441;atajado;3900;203;0
199;441;fallado;5055;200;0
200;441;;4976;200;1
201;441;;4001;203;1
202;441;;5040;200;1
203;441;;3983;203;1
204;441;;5230;200;1
205;441;;3863;203;1
206;441;;3774;203;1


207;445;atajado;6004;212;0
208;445;atajado;6009;212;0
209;445;;1629;193;1
210;445;;6007;212;1
211;445;;1614;193;1
212;445;;5989;212;1
213;445;;1444;193;1
214;445;;1430;193;1
215;492;atajado;1690;238;0
216;492;atajado;5536;243;0
217;492;atajado;5729;243;0
218;492;desviado;5607;243;0
219;492;;1707;238;1
220;492;;1692;238;1
221;492;;5755;243;1
222;492;;1741;238;1

223;496;atajado;7009;227;0
224;496;atajado;6941;227;0
225;496;desviado;7731;232;0
226;496;;7019;227;1
227;496;;6977;227;1
228;496;;7609;232;1
229;496;;6989;227;1
230;496;;7633;232;1
231;496;;7679;232;1
232;496;;6969;227;1
233;496;;7740;232;1
234;496;;7707;232;1


235;500;atajado;1537;229;0
236;500;atajado;5128;242;0
237;500;desviado;4979;242;0
238;500;desviado;4976;242;0
239;500;;1625;229;1
240;500;;4959;242;1
241;500;;1382;229;1
242;500;;5065;242;1
243;500;;1430;229;1


244;541;atajado;7039;255;0
245;541;;4850;271;1
246;541;;6977;255;1
247;541;;4824;271;1
248;541;;6991;255;1
249;541;;4855;271;1
250;541;;7024;255;1
251;541;;4814;272;1
252;541;;6989;255;1
253;541;;4845;272;1


254;545;atajado;671;253;0
255;545;atajado;7314;264;0
256;545;atajado;7349;264;0
257;545;fallado;7502;264;0
258;545;palo;789;253;0
259;545;;770;253;1
260;545;;564;253;1
261;545;;2735;264;1
262;545;;7482;264;1
263;545;;601;253;1
264;549;atajado;5061;252;0
265;549;atajado;5207;252;0
266;549;;4979;252;1
267;549;;770;253;1
268;549;;4976;252;1
269;549;;564;253;1
270;549;;5046;252;1
271;549;;695;253;1
272;549;;671;253;1
273;550;atajado;4601;270;0
274;550;desviado;4654;270;0
275;550;;4562;270;1
276;550;;32;261;1
277;550;;4450;270;1
278;550;;178;261;1
279;550;;4605;270;1
280;550;;226;261;1
281;550;;267;261;1

282;597;atajado;5712;279;0
283;597;atajado;5751;279;0
284;597;;5683;279;1
285;597;;5;289;1
286;597;;32;289;1
287;597;;178;289;1
288;597;;168;289;1

289;598;atajado;1639;286;0
290;598;desviado;3938;282;0
291;598;palo;1504;286;0
292;598;;3971;282;1
293;598;;1349;286;1
294;598;;3748;282;1
295;598;;1677;286;1
296;598;;3764;282;1
297;598;;1382;286;1
298;598;;3838;282;1


299;599;atajado;3376;287;0
300;599;;1074;277;1
301;599;;3534;287;1
302;599;;1189;277;1
303;599;;1061;277;1
304;599;;3359;287;1
305;599;;1248;277;1
306;599;;3342;287;1
307;599;;1214;277;1
308;599;;3560;287;1

309;653;atajado;253;301;0
310;653;atajado;3968;310;0
311;653;atajado;3778;310;0
312;653;;128;301;1
313;653;;3848;310;1
314;653;;33;301;1
315;653;;3748;310;1
316;653;;3951;310;1
317;653;;168;301;1
318;653;;231;301;1
319;653;;3938;310;1
320;653;;115;301;1
