id;id_mundial;id_pais;grupo
1;1;17;A
2;1;29;A
3;1;63;A
4;1;73;A
5;1;37;B
6;1;39;B
7;1;46;B
8;1;47;B
9;1;4;C
10;1;6;C
11;1;59;C
12;1;67;C
13;1;7;D
14;1;28;D
15;1;38;D
16;1;80;D
17;1;1;E
18;1;24;E
19;1;36;E
20;1;55;E
21;1;9;F
22;1;16;F
23;1;25;F
24;1;58;F
25;1;12;G
26;1;15;G
27;1;74;G
28;1;77;G
29;1;22;H
30;1;40;H
31;1;68;H
32;1;83;H
33;2;4;A
34;2;30;A
35;2;72;A
36;2;83;A
37;2;36;B
38;2;47;B
39;2;58;B
40;2;68;B
41;2;7;C
42;2;28;C
43;2;38;C
44;2;66;C
45;2;6;D
46;2;25;D
47;2;51;D
48;2;60;D
49;2;12;E
50;2;24;E
51;2;74;E
52;2;77;E
53;2;1;F
54;2;22;F
55;2;59;F
56;2;76;F
57;2;9;G
58;2;46;G
59;2;64;G
60;2;80;G
61;2;20;H
62;2;55;H
63;2;67;H
64;2;73;H
65;3;12;A
66;3;15;A
67;3;25;A
68;3;59;A
69;3;7;B
70;3;18;B
71;3;36;B
72;3;63;B
73;3;20;C
74;3;23;C
75;3;41;C
76;3;55;C
77;3;24;D
78;3;46;D
79;3;53;D
80;3;83;D
81;3;29;E
82;3;38;E
83;3;43;E
84;3;77;E
85;3;6;F
86;3;11;F
87;3;47;F
88;3;60;F
89;3;1;G
90;3;37;G
91;3;40;G
92;3;68;G
93;3;5;H
94;3;9;H
95;3;22;H
96;3;72;H
97;4;38;A
98;4;59;A
99;4;75;A
100;4;83;A
101;4;6;B
102;4;22;B
103;4;41;B
104;4;60;B
105;4;5;C
106;4;35;C
107;4;37;C
108;4;46;C
109;4;1;D
110;4;7;D
111;4;40;D
112;4;74;D
113;4;15;E
114;4;28;E
115;4;55;E
116;4;63;E
117;4;34;F
118;4;53;F
119;4;62;F
120;4;65;F
121;4;12;G
122;4;21;G
123;4;23;G
124;4;68;G
125;4;18;H
126;4;36;H
127;4;43;H
128;4;77;H
129;5;1;A
130;5;24;A
131;5;29;A
132;5;67;A
133;5;46;B
134;5;65;B
135;5;76;B
136;5;79;B
137;5;6;C
138;5;23;C
139;5;63;C
140;5;74;C
141;5;3;D
142;5;47;D
143;5;59;D
144;5;68;D
145;5;37;E
146;5;40;E
147;5;53;E
148;5;70;E
149;5;7;F
150;5;12;F
151;5;25;F
152;5;55;F
153;5;22;G
154;5;38;G
155;5;77;G
156;5;78;G
157;5;4;H
158;5;36;H
159;5;80;H
160;5;82;H
161;6;28;A
162;6;38;A
163;6;73;A
164;6;83;A
165;6;35;B
166;6;36;B
167;6;65;B
168;6;75;B
169;6;12;C
170;6;19;C
171;6;24;C
172;6;81;C
173;6;22;D
174;6;37;D
175;6;67;D
176;6;68;D
177;6;1;E
178;6;4;E
179;6;15;E
180;6;49;E
181;6;6;F
182;6;46;F
183;6;60;F
184;6;76;F
185;6;25;G
186;6;29;G
187;6;53;G
188;6;59;G
189;6;9;H
190;6;55;H
191;6;72;H
192;6;80;H
193;7;12;A
194;7;33;A
195;7;58;A
196;7;61;A
197;7;8;B
198;7;15;B
199;7;18;B
200;7;53;B
201;7;4;C
202;7;28;C
203;7;38;C
204;7;75;C
205;7;13;D
206;7;36;D
207;7;60;D
208;7;65;D
209;7;9;E
210;7;22;E
211;7;59;E
212;7;63;E
213;7;1;F
214;7;37;F
215;7;47;F
216;7;85;F
217;7;20;G
218;7;46;G
219;7;71;G
220;7;80;G
221;7;6;H
222;7;25;H
223;7;54;H
224;7;55;H
225;8;20;A
226;8;37;A
227;8;71;A
228;8;77;A
229;8;12;B
230;8;15;B
231;8;72;B
232;8;76;B
233;8;1;C
234;8;10;C
235;8;22;C
236;8;36;C
237;8;6;D
238;8;13;D
239;8;41;D
240;8;60;D
241;8;49;E
242;8;53;E
243;8;59;E
244;8;61;E
245;8;4;F
246;8;9;F
247;8;58;F
248;8;63;F
249;9;8;A
250;9;86;A
251;9;37;A
252;9;53;A
253;9;6;B
254;9;15;B
255;9;71;B
256;9;87;B
257;9;12;C
258;9;24;C
259;9;33;C
260;9;76;C
261;9;2;D
262;9;20;D
263;9;32;D
264;9;88;D
265;9;9;E
266;9;22;E
267;9;36;E
268;9;83;E
269;9;30;F
270;9;46;F
271;9;49;F
272;9;63;F
273;10;6;A
274;10;13;A
275;10;22;A
276;10;53;A
277;10;9;B
278;10;48;B
279;10;59;B
280;10;65;B
281;10;16;C
282;10;38;C
283;10;44;C
284;10;87;C
285;10;5;D
286;10;12;D
287;10;36;D
288;10;50;D
289;10;2;E
290;10;28;E
291;10;33;E
292;10;83;E
293;10;46;F
294;10;58;F
295;10;67;F
296;10;68;F
297;11;15;A
298;11;53;A
299;11;66;A
300;11;67;A
301;11;2;B
302;11;5;B
303;11;8;B
304;11;18;B
305;11;6;C
306;11;9;C
307;11;31;C
308;11;44;C
309;11;86;D
310;11;38;D
311;11;46;D
312;11;57;D
313;11;36;E
314;11;43;E
315;11;50;E
316;11;88;E
317;11;12;F
318;11;33;F
319;11;62;F
320;11;87;F
321;11;9;1
322;11;67;1
323;11;87;1
324;11;2;2
325;11;36;2
326;11;46;2
327;11;6;3
328;11;12;3
329;11;53;3
330;11;8;4
331;11;38;4
332;11;50;4
333;12;6;1
334;12;38;1
335;12;44;1
336;12;53;1
337;12;2;2
338;12;59;2
339;12;67;2
340;12;80;2
341;12;8;3
342;12;12;3
343;12;36;3
344;12;76;3
345;12;33;4
346;12;47;4
347;12;63;4
348;12;66;4
349;12;2;A
350;12;8;A
351;12;53;A
352;12;63;A
353;12;6;B
354;12;12;B
355;12;66;B
356;12;67;B
357;13;2;1

359;13;7;1
360;13;18;1
361;13;12;2
362;13;33;2
363;13;88;2
364;13;89;2
365;13;13;3
366;13;63;3
367;13;76;3
368;13;83;3
369;13;6;4
370;13;42;4
371;13;53;4
372;13;67;4

374;13;6;A
375;13;12;A
376;13;63;A

378;13;67;B
379;13;76;B
380;13;88;B
381;14;9;1
382;14;31;1
383;14;59;1
384;14;87;1
385;14;52;2
386;14;53;2
387;14;76;2
388;14;83;2
389;14;12;3
390;14;86;3
391;14;46;3
392;14;71;3
393;14;2;4
394;14;13;4
395;14;58;4
396;14;66;4
397;15;38;1
398;15;46;1
399;15;59;1
400;15;83;1
401;15;2;2
402;15;6;2
403;15;36;2
404;15;77;2
405;15;12;3
406;15;13;3
407;15;44;3
408;15;68;3
409;15;18;4
410;15;21;4
411;15;53;4
412;15;87;4
413;16;20;1
414;16;87;1
415;16;83;1
416;16;88;1
417;16;2;2
418;16;18;2
419;16;53;2
420;16;77;2
421;16;12;3
422;16;86;3
423;16;36;3
424;16;59;3
425;16;6;4
426;16;13;4
427;16;44;4
428;16;46;4
429;17;2;1
430;17;6;1
431;17;86;1
432;17;50;1
433;17;33;2
434;17;38;2
435;17;65;2
436;17;88;2
437;17;39;3
438;17;44;3
439;17;59;3
440;17;76;3
441;17;8;4
442;17;12;4
443;17;46;4
444;17;87;4
445;18;12;1
446;18;38;1
447;18;59;1
448;18;88;1
449;18;2;2
450;18;22;2
451;18;44;2
452;18;81;2
453;18;8;3
454;18;86;3
455;18;33;3
456;18;83;3
457;18;9;4
458;18;46;4
459;18;53;4
460;18;77;4
461;19;12;1
462;19;59;1
463;19;77;1
464;19;88;1
465;19;18;2
466;19;36;2
467;19;37;2
468;19;46;2
469;19;53;3
470;19;65;3
471;19;76;3
472;19;10;4
473;19;83;4
474;19;12;F
475;19;36;F
476;19;76;F
477;19;83;F
478;20;1;1
479;20;8;1
480;20;9;1
481;20;12;1
482;20;86;2
483;20;26;2
484;20;38;2
485;20;44;3
486;20;90;3
487;20;53;3
488;20;61;4
489;20;63;4
490;20;67;4
491;20;71;
492;20;76;
493;20;77;
494;21;1;
495;21;6;
496;21;8;
497;21;9;
498;21;12;
499;21;86;
500;21;30;
501;21;36;
502;21;37;
503;21;38;
504;21;44;
505;21;53;
506;21;63;
507;21;71;
508;21;76;
509;21;77;
510;22;6;1
511;22;18;1
512;22;38;1
513;22;59;1
514;22;10;2
515;22;12;2
516;22;88;2
517;22;66;3
518;22;71;3
519;22;83;3
520;22;9;4
521;22;37;4
522;22;65;4
