id,nombre
1,Alemania
2,Alemania Oriental
3,Angola
4,Arabia Saudita
5,Argelia
6,Argentina
7,Australia
8,Austria
9,Bélgica
10,Bolivia
11,Bosnia-Herzegovina
12,Brasil
13,Bulgaria
14,Cabo Verde
15,Camerún
16,Canadá
17,Catar
18,Chile
19,China
20,Colombia
21,Corea del Norte
22,Corea del Sur
23,Costa de Marfil
24,Costa Rica
25,Croacia
26,Cuba
27,Curazao
28,Dinamarca
29,Ecuador
30,Egipto
31,El Salvador
32,Emiratos Arabes
33,Escocia
34,Eslovaquia
35,Eslovenia
36,España
37,Estados Unidos
38,Francia
39,Gales
40,Ghana
41,Grecia
42,Haití
43,Honduras
44,Hungría
45,Indonesia
46,Inglaterra
47,Irán
48,Iraq
49,Irlanda
50,Irlanda del Norte
51,Islandia
52,Israel
53,Italia
54,Jamaica
55,Japón
56,Jordania
57,Kuwait
58,Marruecos
59,México
60,Nigeria
61,Noruega
62,Nueva Zelanda
63,Paises Bajos
64,Panamá
65,Paraguay
66,Perú
67,Polonia
68,Portugal
69,RD Congo
70,República Checa
71,Rumania
72,Rusia
73,Senegal
74,Serbia
75,Sudáfrica
76,Suecia
77,Suiza
78,Togo
79,Trinidad y Tobago
80,Túnez
81,Turquía
82,Ucrania
83,Uruguay
84,Uzbekistán
85,RF de Yugoslavia
86,Checoslovaquia
87, URSS
88, Yugoslavia
89, Zaire
