id_mundial;id_premio;id_jugador;id_pais
1;1;682;
1;1;3918;
1;1;2724;
1;4;3918;
1;4;682;
1;4;3849;
1;7;673;
1;8;615;
1;9;;46
2;1;2724;
2;1;1127;
2;1;3856;
2;4;4549;
2;4;3856;
2;4;1147;
2;7;1080;
2;8;3918;
2;9;;36
3;1;682;
3;1;192;
3;1;6098;
3;4;2279;
3;4;192;
3;4;1564;
3;7;196;
3;8;3939;
3;9;;20
4;1;8303;
4;1;6108;
4;1;3561;
4;4;192;
4;4;3561;
4;4;6108;
4;7;3354;
4;8;192;
4;9;;36
5;1;4001;
5;1;5011;
5;1;5176;
5;4;142;
5;4;589;
5;4;1629;
5;7;5002;
5;8;214;
5;9;;12
5;9;;36
5;10;;68
6;1;127;
6;1;1629;
6;1;2392;
6;4;1629;
6;7;127;
6;8;3625;
6;9;;9
6;10;;22
7;1;1629;
7;1;7506;
7;1;3977;
7;4;7506;
7;7;3758;
7;8;4595;
7;9;;38
7;9;;46
7;10;;38
8;1;1625;
8;1;4976;
8;1;1774;
8;4;7185;
8;4;1774;
8;7;1183;
8;8;6085;
8;9;;12
8;10;;12
9;1;5201;
9;1;178;
9;1;671;
9;4;5201;
9;8;7468;
9;9;;46
10;1;671;
10;1;242;
10;1;2809;
10;4;4562;
10;8;1189;
10;9;;12
11;1;5195;
11;1;1448;
11;1;231;
11;4;5195;
11;8;3748;
11;9;;12
12;4;654;
12;8;5006;
12;9;;6
13;4;6522;
13;8;6599;
14;4;189;
14;8;6361;
14;9;;66
15;4;6641;
15;8;17;
16;4;4264;
16;4;1463;
16;4;7110;
16;4;7364;
16;4;2137;
16;4;1654;
16;8;4264;
17;4;3841;
17;8;1591;
18;4;4326;
19;4;1342;
20;4;1519;
21;4;6870;
22;4;779;
