id,mundial,id_premio,jugador,pais
1,2022,1,lionel_messi.php,
2,2022,1,kylian_mbappe.php,
3,2022,1,luka_modric.php,
4,2022,4,kylian_mbappe.php,
5,2022,4,lionel_messi.php,
6,2022,4,olivier_giroud.php,
7,2022,7,emiliano_martinez.php,
8,2022,8,enzo_fernandez.php,
9,2022,9,,Inglaterra
10,2018,1,luka_modric.php,
11,2018,1,eden_hazard.php,
12,2018,1,antoine_griezmann.php,
13,2018,4,harry_kane.php,
14,2018,4,antoine_griezmann.php,
15,2018,4,romelu_lukaku.php,
16,2018,7,thibaut_courtois.php,
17,2018,8,kylian_mbappe.php,
18,2018,9,,España
19,2014,1,lionel_messi.php,
20,2014,1,thomas_mueller.php,
21,2014,1,arjen_robben.php,
22,2014,4,james_rodriguez.php,
23,2014,4,thomas_mueller.php,
24,2014,4,neymar.php,
25,2014,7,manuel_neuer.php,
26,2014,8,paul_pogba.php,
27,2014,9,,Colombia
28,2010,1,diego_forlan.php,
29,2010,1,wesley_sneijder.php,
30,2010,1,david_villa.php,
31,2010,4,thomas_mueller.php,
32,2010,4,david_villa.php,
33,2010,4,wesley_sneijder.php,
34,2010,7,iker_casillas.php,
35,2010,8,thomas_mueller.php,
36,2010,9,,España
37,2006,1,zinedine_zidane.php,
38,2006,1,fabio_cannavaro.php,
39,2006,1,andrea_pirlo.php,
40,2006,4,miroslav_klose.php,
41,2006,4,hernan_crespo.php,
42,2006,4,ronaldo.php,
43,2006,7,gianluigi_buffon.php,
44,2006,8,lukas_podolski.php,
45,2006,9,,Brasil
46,2006,9,,España
47,2006,10,,Portugal
48,2002,1,oliver_kahn.php,
49,2002,1,ronaldo.php,
50,2002,1,myung_bo_hong.php,
51,2002,4,ronaldo.php,
52,2002,7,oliver_kahn.php,
53,2002,8,landon_donovan.php,
54,2002,9,,Bélgica
55,2002,10,,Corea del Sur
56,1998,1,ronaldo.php,
57,1998,1,davor_suker.php,
58,1998,1,lilian_thuram.php,
59,1998,4,davor_suker.php,
60,1998,7,fabien_barthez.php,
61,1998,8,michael_owen.php,
62,1998,9,,Francia
63,1998,9,,Inglaterra
64,1998,10,,Francia
65,1994,1,romario.php,
66,1994,1,roberto_baggio.php,
67,1994,1,hristo_stoichkov.php,
68,1994,4,oleg_salenko.php,
69,1994,4,hristo_stoichkov.php,
70,1994,7,michel_preudhomme.php,
71,1994,8,marc_overmars.php,
72,1994,9,,Brasil
73,1994,10,,Brasil
74,1990,1,salvatore_schillaci.php,
75,1990,1,lothar_matthaeus.php,
76,1990,1,diego_maradona.php,
77,1990,4,salvatore_schillaci.php,
78,1990,8,robert_prosinecki.php,
79,1990,9,,Inglaterra
80,1986,1,diego_maradona.php,
81,1986,1,harald_schumacher.php,
82,1986,1,preben_elkjaer_larsen.php,
83,1986,4,gary_lineker.php,
84,1986,8,enzo_scifo.php,
85,1986,9,,Brasil
86,1982,1,paolo_rossi.php,
87,1982,1,falcao.php,
88,1982,1,karl_heinz_rummenigge.php,
89,1982,4,paolo_rossi.php,
90,1982,8,manuel_amoros.php,
91,1982,9,,Brasil
92,1978,4,mario_kempes.php,
93,1978,8,antonio_cabrini.php,
94,1978,9,,Argentina
95,1974,4,grzegorz_lato.php,
96,1974,8,wladyslaw_zmuda.php,
97,1970,4,gerd_mueller.php,
98,1970,8,teofilo_cubillas.php,
99,1970,9,,Perú
100,1966,4,eusebio.php,
101,1966,8,franz_beckenbauer.php,
102,1962,4,florian_albert.php,
103,1962,4,garrincha.php,
104,1962,4,valentin_ivanov.php,
105,1962,4,drazen_jerkovic.php,
106,1962,4,leonel_sanchez.php,
107,1962,4,vava.php,
108,1962,8,florian_albert.php,
109,1958,4,just_fontaine.php,
110,1958,8,pele.php,
111,1954,4,sandor_kocsis.php,
112,1950,4,ademir.php,
113,1938,4,leonidas.php,
114,1934,4,oldrich_nejedly.php,
115,1930,4,guillermo_stabile.php,
