id_jugador;birth_place;nicknames;web_site;Ig;Face;YT;Twitter;TikTok
2;Munich;;;;;;https://twitter.com/karim_adeyemi;
17;Munich;Der Kaiser (El Kaiser);http://www.franzbeckenbauer.de/;;;;https://twitter.com/beckenbauer;
155;Greifswald;Francotirador;;https://www.instagram.com/toni.kr8s;https://www.facebook.com/tonikroos;;https://twitter.com/ToniKroos;https://www.tiktok.com/@toni.kr8s
193;Stuttgart;Bambi;;https://www.instagram.com/jamalmusiala10;;;https://twitter.com/JamalMusiala;
196;Gelsenkirchen;;http://manuel-neuer.com/;;;;https://twitter.com/Manuel_Neuer;
848;Mile;;;;;;;
849;Brad;;;;;;;
1087;Drongen;El fantasma de la opera';;https://www.instagram.com/kevindebruyne;https://www.facebook.com/KevinDeBruyne;;https://twitter.com/KevinDeBruyne;https://www.tiktok.com/@kevindebruyne
1112;Amberes;;;;;;;
1127;La Louviere;El Duque;;;;;;
1147;Amberes;;;;;;;
399;Riad;;;;;;;
431;Riad;;;;;;;
461;Setif;;;;;;;
515;Ciudad de Buenos Aires;Kun;http://sergioaguero.com/;https://www.instagram.com/kunaguero;https://www.facebook.com/sergioelkunaguero;https://www.youtube.com/channel/UCMl6IV2MR5W2gg4qHYAqcoQ;https://twitter.com/aguerosergiokun;https://www.tiktok.com/@kunaguero
523;Calchin;Arana;;https://www.instagram.com/juliaanalvarez;;;;
545;Reconquista;el Bati, el Batigol;http://www.batistuta.com/;;;;https://twitter.com/GBatistutaOK;
565;Willy;;;;;;;
602;Rosario;Fideo, Flaco;;;;;;
606;Laguna Larga;La Joya;http://paulodybala21.com/;;;;https://twitter.com/PauDybala_JR;
615;San Martin;;;https://www.instagram.com/enzojfernandez;;;;
623;Ciudadela;Pintita;;https://www.instagram.com/fergago5oficial;;;https://twitter.com/fernandogagome;
625;Merlo;Muneco;;;;;;
646;Brest;Pipa, Pipita;;;;;https://twitter.com/G_Higuain;
669;Santa Rosa;;;https://www.instagram.com/alemacallister;;;;
671;Lanus;El Diez, Pelusa, El Pibe de Oro;http://www.diegomaradona.com/;;;;;
673;Mar del Plata;Dibu, Dinamita;;https://www.instagram.com/emi_martinez26;https://www.facebook.com/emimartinez26;;https://twitter.com/emimartinezz1;
674;Bahia Blanca;Toro';;https://www.instagram.com/lautaromartinez;;;;
682;Rosario;La Pulga, Leo, Lio;http://messi.com/;https://www.instagram.com/leomessi;https://www.facebook.com/leomessi;https://www.youtube.com/user/LeoMessi;;
709;Famailla;Pala, Tucu, Exe;;https://www.instagram.com/exepalaciosok;;;https://twitter.com/exepalacios_;
710;La Plata;el loco, el titan;;https://www.instagram.com/martinpalermo.ok;https://www.facebook.com/MartinPalermoOK;;;
740;San Fernando;El Torero, el ultimo 10;;;;;;
759;Toto;;;;;;;
786;Ciudadela;El Apache;;https://www.instagram.com/__carlitostevez;;;;https://www.tiktok.com/@__carlitostevez
1356;Juazeiro;;;https://www.instagram.com/danialves;https://www.facebook.com/DaniAlvesD2;;https://twitter.com/DaniAlvesD2;https://www.tiktok.com/@danialves
1463;Mage;Garrincha o Mane Garrincha;;;;;;
1513;;;;https://www.instagram.com/kaka;https://www.facebook.com/Kaka;;https://twitter.com/KAKA;
1564;Mogi das Cruzes;;http://www.neymaroficial.com/;;;;https://twitter.com/Njr92;
1591;Tres Coracoes;Pele, El Rey, O Rei, La Perla Negra;;;;;https://twitter.com/Pele;
1602;Porto Alegre;Raphinha;;https://www.instagram.com/raphinha;;;;
1618;Garca;RC3;http://www.robertocarlosofficial.com/;https://www.instagram.com/oficialrc3;https://www.facebook.com/Oficial.RobertoCarlos;https://www.youtube.com/OfficialRC3Channel;https://twitter.com/Oficial_RC3;https://www.tiktok.com/@oficialrc3
1623;Osasco;;;https://www.instagram.com/rodrygogoes;https://www.facebook.com/rodrygogoes;;https://twitter.com/rodrygogoes;https://www.tiktok.com/@rodrygogoes
1628;Porto Alegre;Ronaldinho, El Brujo de Porto Alegre, Ronaldinho Gaucho;;;;;https://twitter.com/10Ronaldinho;
1629;;Il Fenomeno, R9;;;;;https://twitter.com/ClaroRonaldo;
1658;San Gonzalo;;;https://www.instagram.com/vinijr;https://www.facebook.com/viniiciusjunior11;;https://twitter.com/vinijr;https://www.tiktok.com/@vinijr
1996;Ro-Ro;;;;;;;
2136;Tocopilla;El Nino Maravilla;;;;;;
2164;Santiago;El Rey Arturo, El Guerrero;;;;;https://twitter.com/kingarturo23;
2203;Santi;;;;;;;
2206;Tulua;El Tino;;https://www.instagram.com/eltinoasprilla;https://www.facebook.com/tinoasprillaoficial;;https://twitter.com/tinoasprillah;
2231;Santa Marta;El Tigre;;;;;https://twitter.com/FALCAO;
2279;Cucuta;;;;;;;
2289;Santa Marta;El Pibe;;;;;https://twitter.com/PibeValderramaP;
2507;Chuncheon;Sonny, Sonaldo;;https://www.instagram.com/hm_son7;https://www.facebook.com/HeungMinSonOfficial;;https://twitter.com/Sonny7;
2613;Pipo;;;;;;;
2724;Zadar;El Cruyff de los Balcanes', Vinagre';;https://www.instagram.com/lukamodric10;https://www.facebook.com/ModricLuka10;;https://twitter.com/lukamodric10;
3001;Kahraba;;;;;;;
3020;Nagrig;;;;;;https://twitter.com/MoSalah;
3312;Hospitalet de Llobregat;;http://www.jordialba.com/;https://www.instagram.com/jordialbaoficial;https://www.facebook.com/jordialbaofficial;;https://twitter.com/JordiAlba;
3319;Tolosa;;;https://www.instagram.com/xabialonso;https://www.facebook.com/XabiAlonso;;https://twitter.com/XabiAlonso;
3341;Sabadell;;;https://www.instagram.com/5sergiob;;;https://twitter.com/5sergiob;
3372;Ciudad de Buenos Aires;La Saeta Rubia, Don Alfredo, Minellita;;;;;;
3392;Los Palacios y Villafranca;Gavi;;https://www.instagram.com/pablogavi;;;;
3411;Fuentealbilla;;http://www.andresiniesta.es/;;;;https://twitter.com/andresiniesta8;
6642;Viseo;Menino de Ouro (Nino de Oro), Felix, Joao;;https://www.instagram.com/joaofelix79;https://www.facebook.com/joaofelix7official;;https://twitter.com/joaofelix70;https://www.tiktok.com/@joaofelix79
6706;Maceio;Pepe;;https://www.instagram.com/official_pepe;https://www.facebook.com/Pepe;;https://twitter.com/officialpepe;
6721;Funchal;Madeira, CR7, el deseado, el bicho, Ronaldo, Cristiano;http://www.cristianoronaldo.com/;https://www.instagram.com/cristiano;https://www.facebook.com/Cristiano;;https://twitter.com/Cristiano;
6743;RD Congo;Babo, Kabasu;;;;;;
6744;RD Congo;Boba, Lobilo;;;;;;
6745;RD Congo;Ekofo, Mbungu;;;;;;
6746;RD Congo;Etepe, Kakoko;;;;;;
6747;RD Congo;Ilunga, Muepu;;;;;;
6748;RD Congo;Kalala, Ntumba;;;;;;
6749;RD Congo;Kembo, Kembo Uba;;;;;;
6750;RD Congo;Mafu, Kibonge;;;;;;
6751;RD Congo;Mafuila, Mavuda;;;;;;
6752;RD Congo;Maku, Mayanga;;;;;;
6753;RD Congo;Mambuene, Mana;;;;;;
6754;RD Congo;Mantantu, Kidumu;;;;;;
6755;RD Congo;Massamba, Kilasu;;;;;;
6756;RD Congo;Mialo, Mwape;;;;;;
6757;RD Congo;Muamba, Kazadi;;;;;;
6758;RD Congo;Mukombo, Mwanza Nel;;;;;;
6759;RD Congo;Mulamba, Ndaye;;;;;;
6760;RD Congo;Ndimbi, Tubilandu;;;;;;
6761;RD Congo;Ngoye, Kafula;;;;;;
6762;RD Congo;Otepa, Kalambay;;;;;;
6763;RD Congo;Tshimen, Buanga;;;;;;
6764;RD Congo;Wa Munda, Tshinabu;;;;;;
7269;Bambali;Mane, Sadio;;https://www.instagram.com/sadiomaneofficiel;https://www.facebook.com/SadioManeLFC10;;;
7536;Sudafrica;Arendse, Andre;;;;;;
7537;Sudafrica;Augustine, Brendan;;;;;;
7538;Sudafrica;Baloyi, Brian;;;;;;
7539;Sudafrica;Bartlett, Shaun;;;;;;
7540;Sudafrica;Booth, Matthew;;;;;;
7541;Sudafrica;Buckley, Delron;;;;;;
7542;Sudafrica;Carnell, Bradley;;;;;;
7543;Sudafrica;Davids, Lance;;;;;;
7544;Sudafrica;Dikgacoi, Kagisho;;;;;;
7545;Sudafrica;Evans, Paul;;;;;;
7546;Sudafrica;Fish, Mark;;;;;;
7547;Sudafrica;Fortune, Quinton;;;;;;
7548;Sudafrica;Gaxa, Siboniso;;;;;;
7549;Sudafrica;Gopane, Simon;;;;;;
7550;Sudafrica;Issa, Pierre;;;;;;
7551;Sudafrica;Jackson, Willem;;;;;;
7552;Sudafrica;Josephs, Moneeb;;;;;;
7553;Sudafrica;Khuboni, Thanduyise;;;;;;
7554;Sudafrica;Khumalo, Bongani;;;;;;
7555;Sudafrica;Khumalo, Doctor;;;;;;
7556;Sudafrica;Khune, Itumeleng;;;;;;
7557;Sudafrica;Koumantarakis, George;;;;;;
7558;Sudafrica;Lekgetho, Jacob;;;;;;
7559;Sudafrica;Letsholonyane, Reneilwe;;;;;;
7560;Sudafrica;Marlin, Calvin;;;;;;
7561;Sudafrica;Masilela, Tsepo;;;;;;
7562;Sudafrica;Masinga, Phil;;;;;;
7563;Sudafrica;Mccarthy, Benni;;;;;;
7564;Sudafrica;Mkhalele, Helman;;;;;;
7565;Sudafrica;Mngomeni, Thabo;;;;;;
7566;Sudafrica;Mnguni, Bennett;;;;;;
7567;Sudafrica;Mnguni, Themba;;;;;;
7568;Sudafrica;Modise, Teko;;;;;;
7569;Johannesburgo;Mokoena, Aaron;;;;;;
7570;Sudafrica;Mokoena, Teboho;;;;;;
7571;Sudafrica;Mokoena, William;;;;;;
7572;Sudafrica;Molefe, Thabang;;;;;;
7573;Sudafrica;Moriri, Surprise;;;;;;
7574;Sudafrica;Morula, Lebogang;;;;;;
7575;Sudafrica;Moshoeu, John;;;;;;
7576;Sudafrica;Mphela, Katlego;;;;;;
7577;Sudafrica;Mukansi, MacDonald;;;;;;
7578;Sudafrica;Ngcongca, Anele;;;;;;
7579;Sudafrica;Nomvethe, Siyabonga;;;;;;
7580;Sudafrica;Nyathi, David;;;;;;
7581;Sudafrica;Nzama, Cyril;;;;;;
7582;Sudafrica;Parker, Bernard;;;;;;
7583;Sudafrica;Phiri, Alfred;;;;;;
7584;Sudafrica;Pienaar, Steven;;;;;;
7585;Sudafrica;Pule, Jabu;;;;;;
7586;Sudafrica;Radebe, Lucas;;;;;;
7587;Sudafrica;Sangweni, Siyabonga;;;;;;
7588;Sudafrica;Sibaya, MacBeth;;;;;;
7589;Sudafrica;Sikhosana, Jerry;;;;;;
7590;Sudafrica;Thwala, Lucas;;;;;;
7591;Sudafrica;Tshabalala, Siphiwe;;;;;;
7592;Sudafrica;Vonk, Hans;;;;;;
7593;Sudafrica;Walters, Shu-Aib;;;;;;
7594;Sudafrica;Zuma, Sibusiso;;;;;;
7678;Malmo;Ibrahimovic, Zlatan;;https://www.instagram.com/iamzlatanibrahimovic;https://www.facebook.com/ZlatanIbrahimovic;;https://twitter.com/Ibra_official;https://www.tiktok.com/@zlatanibrahimovic
7765;Marc;Rohden, Marcus;;;;;;
8027;Trinidad y Tobago;Andrews, Marvin;;;;;;
8028;Trinidad y Tobago;Birchall, Christopher;;;;;;
8029;Trinidad y Tobago;Charles, Atiba;;;;;;
8030;Trinidad y Tobago;Cox, Ian;;;;;;
8031;Trinidad y Tobago;Edwards, Carlos;;;;;;
8032;Trinidad y Tobago;Glen, Cornell;;;;;;
8033;Trinidad y Tobago;Gray, Cyd;;;;;;
8034;Trinidad y Tobago;Hislop, Shaka;;;;;;
8035;Trinidad y Tobago;Ince, Clayton;;;;;;
8036;Trinidad y Tobago;Jack, Kelvin;;;;;;
8037;Trinidad y Tobago;John, Avery;;;;;;
8038;Trinidad y Tobago;John, Stern;;;;;;
8039;Trinidad y Tobago;Jones, Kenwyne;;;;;;
8040;Trinidad y Tobago;Latapy, Russell;;;;;;
8041;Trinidad y Tobago;Lawrence, Dennis;;;;;;
8042;Trinidad y Tobago;Samuel, Collin;;;;;;
8043;Trinidad y Tobago;Sancho, Brent;;;;;;
8044;Trinidad y Tobago;Scotland, Jason;;;;;;
8045;Trinidad y Tobago;Theobald, Densill;;;;;;
8046;Trinidad y Tobago;Whitley, Aurtis;;;;;;
8047;Trinidad y Tobago;Wise, Evans;;;;;;
8048;Trinidad y Tobago;Wolfe, Anthony;;;;;;
8049;Trinidad y Tobago;Yorke, Dwight;;;;;;
8207;Ucrania;Belik, Oleksiy;;;;;;
8208;Ucrania;Chigrynskyi, Dmytro;;;;;;
8209;Ucrania;Gusev, Oleg;;;;;;
8210;Ucrania;Gusin, Andriy;;;;;;
8211;Ucrania;Iatsenko, Oleksandr;;;;;;
8212;Ucrania;Kalinichenko, Maksym;;;;;;
8213;Ucrania;Milevskiy, Artem;;;;;;
8214;Ucrania;Nazarenko, Sergiy;;;;;;
8215;Ucrania;Nesmachnyi, Andriy;;;;;;
8216;Ucrania;Pyatov, Andriy;;;;;;
8217;Ucrania;Rebrov, Serhiy;;;;;;
8218;Ucrania;Rotan, Ruslan;;;;;;
8219;Ucrania;Rusol, Andriy;;;;;;
8220;Ucrania;Shelayev, Oleg;;;;;;
8221;Ucrania;Shevchenko, Andriy;;;;;;
8222;Ucrania;Shovkovskyi, Oleksandr;;;;;;
8223;Ucrania;Shust, Bohdan;;;;;;
8224;Ucrania;Sviderskyi, Vyacheslav;;;;;;
8225;Ucrania;Tymoschuk, Anatoliy;;;;;;
8226;Ucrania;Vashchuk, Vladyslav;;;;;;
8227;Ucrania;Vorobey, Andriy;;;;;;
8228;Ucrania;Voronin, Andriy;;;;;;
8229;Ucrania;Yezerskyi, Vladimir;;;;;;
8272;Salto;Cavani, Edinson;http://www.edicavaniofficial.com/;https://www.instagram.com/cavaniofficial21;https://www.facebook.com/EdiCavaniOfficial;;https://twitter.com/ECavaniOfficial;
8305;;El Principe, Francescoli, Enzo;;;;;;
8382;;Pellistri, Facundo;;https://www.instagram.com/facu_pellistri;;;;
8387;Maxi;Pereira, Maximiliano;;;;;;
8441;Salto;Suarez, Luis;;https://www.instagram.com/luissuarez9;https://www.facebook.com/LuisSuarez9;https://www.youtube.com/c/LuisSuarez;https://twitter.com/luissuarez9;
8453;;Fede, Valverde, Federico;http://fedevalverde.es/;https://www.instagram.com/fedevalverde;https://www.facebook.com/FedeValverdeOficial;;https://twitter.com/fedeevalverde;