id_premio;id_mundial;id_premio;id_jugador;id_pais
1;1;1;682;
2;1;2;3918;
3;1;3;2724;
4;1;4;3918;
5;1;5;682;
6;1;6;3849;
7;1;7;673;
8;1;8;615;
9;1;9;;46
10;2;1;2724;
11;2;2;1127;
12;2;3;3856;
13;2;4;4549;
14;2;5;3856;
15;2;6;1147;
16;2;7;1080;
17;2;8;3918;
18;2;9;;36
19;3;1;682;
20;3;2;192;
21;3;3;6098;
22;3;4;2279;
23;3;5;192;
24;3;6;1564;
25;3;7;196;
26;3;8;3939;
27;3;9;;20
28;4;1;8303;
29;4;2;6108;
30;4;3;3561;
31;4;4;192;
32;4;5;3561;
33;4;6;6108;
34;4;7;3354;
35;4;8;192;
36;4;9;;36
37;5;1;4001;
38;5;2;5011;
39;5;3;5176;
40;5;4;142;
41;5;5;589;
42;5;6;1629;
43;5;7;5002;
44;5;8;214;
45;5;9;;12
46;5;9;;36
47;5;10;;68
48;6;1;127;
49;6;2;1629;
50;6;3;2392;
51;6;4;1629;
52;6;7;127;
53;6;8;3625;
54;6;9;;9
55;6;10;;22
56;7;1;1629;
57;7;1;7506;
58;7;1;3977;
59;7;4;7506;
60;7;7;3758;
61;7;8;4595;
62;7;9;;38
63;7;9;;46
64;7;10;;38
65;8;1;1625;
66;8;2;4976;
67;8;3;1774;
68;8;4;7185;
69;8;4;1774;
70;8;7;1183;
71;8;8;6085;
72;8;9;;12
73;8;10;;12
74;9;1;5201;
75;9;2;178;
76;9;3;671;
77;9;4;5201;
78;9;8;7468;
79;9;9;;46
80;10;1;671;
81;10;2;242;
82;10;3;2809;
83;10;4;4562;
84;10;8;1189;
85;10;9;;12
86;11;1;5195;
87;11;2;1448;
88;11;3;231;
89;11;4;5195;
90;11;8;3748;
91;11;9;;12
92;12;4;654;
93;12;8;5006;
94;12;9;;6
95;13;4;6522;
96;13;8;6599;
97;14;4;189;
98;14;8;6361;
99;14;9;;66
100;15;4;6641;
101;15;8;17;
102;16;4;4264;
103;16;4;1463;
104;16;4;7110;
105;16;4;7364;
106;16;4;2137;
107;16;4;1654;
108;16;8;4264;
109;17;4;3841;
110;17;8;1591;
111;18;4;4326;
112;19;4;1342;
113;20;4;1519;
114;21;4;6870;
115;22;4;779;
