id_tarjeta;id_partido;id_jugador;minuto;es_amarilla
1;1;1979;15;1
2;1;1985;22;1
3;1;2912;29;1
4;1;1988;36;1
5;1;2942;56;1
6;1;1977;78;1
7;2;4724;25;1
8;2;4766;48;1
9;3;6018;56;1
10;3;7261;90;1
11;3;7274;90;1
12;4;3620;11;1
13;4;3682;13;1
14;4;4008;40;1
15;4;4033;45;1
16;4;3705;51;1
17;4;3573;90;1
18;5;398;67;1
19;5;387;75;1
20;5;390;79;1
21;5;341;82;1
22;5;382;88;1
23;5;404;90;1
24;6;2837;24;1
25;6;2828;78;1
26;6;8123;86;1
27;7;5747;29;1
28;7;5672;56;1
29;7;6470;76;1
30;8;834;55;1
31;8;847;80;1
32;8;875;90;1
33;9;5404;78;1
34;11;2586;68;1
35;11;2588;90;1
36;12;1064;9;1
37;12;1155;54;1
38;12;1169;56;1
39;12;1936;81;1
40;12;1947;83;1
41;13;1837;36;1
42;13;7853;64;1
43;13;7807;83;1
44;14;8258;57;1
45;14;2352;88;1
46;15;4089;45;1
47;15;4072;49;1
48;15;4114;57;1
49;15;6643;90;1
50;15;6707;90;1
51;15;4125;90;1
52;16;7455;7;1
53;16;7347;49;1
54;16;7403;64;1
55;17;4038;45;1
56;17;4021;86;0
57;17;4724;90;1
58;17;4769;90;1
59;18;1997;20;1
60;18;7243;30;1
61;18;1978;45;1
62;18;7264;52;1
63;18;7237;87;1
64;18;1995;90;1
65;19;2942;57;1
66;21;8126;26;1
67;21;8050;64;1
68;21;8150;90;1
69;22;6503;15;1
70;22;6455;16;1
71;22;6539;19;1
72;22;398;20;1
73;22;384;45;1
74;23;2799;20;1
75;23;2804;23;1
76;23;3883;43;1
77;24;5524;22;1
78;24;688;43;1
79;24;5620;50;1
80;24;5634;66;1
81;24;5516;89;1
82;25;2598;41;1
83;25;5369;44;1
84;25;2582;61;1
85;25;2586;70;1
86;25;5285;84;1
87;25;5270;90;1
88;26;1169;29;1
89;26;5499;90;1
90;27;1932;52;1
91;27;2719;56;1
92;27;1957;85;1
93;27;2724;85;1
94;28;132;37;1
95;28;3341;44;1
96;28;76;58;1
97;28;136;60;1
98;29;1895;24;1
99;29;1810;30;1
100;29;7372;45;1
101;29;7418;90;1
102;30;4065;21;1
103;30;2410;27;1
104;30;4093;73;1
105;30;2449;77;1
106;31;7946;50;1
107;31;1459;52;1
108;32;8249;6;1
109;32;6691;38;1
110;32;8374;44;1
111;32;6642;77;1
112;32;6636;89;1
113;33;5983;52;1
114;34;7261;66;1
115;35;4024;29;1
116;35;4036;61;1
117;36;3574;43;1
118;36;4723;77;1
119;36;4728;83;1
120;36;4726;90;1
121;37;817;4;1
122;37;831;57;1
123;37;2884;75;1
124;38;8118;28;1
125;39;5517;16;1
126;39;407;28;1
127;39;394;34;1
128;39;434;52;1
129;39;428;81;1
130;39;384;90;1
131;39;416;90;1
132;40;514;49;1
133;40;6512;78;1
134;41;1105;67;1
135;42;1943;7;1
136;42;1961;26;1
137;42;1929;45;1
138;42;1972;84;1
139;43;5285;39;1
140;43;5359;44;1
141;43;5372;45;1
142;44;2604;77;1
143;45;8372;20;1
144;45;8441;60;1
145;45;4118;86;1
146;45;8274;87;1
147;45;4114;90;1
148;45;8272;90;1
149;45;8313;90;1
150;46;2466;36;1
151;46;2395;90;1
152;47;7994;15;1
153;47;7980;34;1
154;47;7420;47;1
155;47;7455;56;1
156;47;7476;66;1
157;47;7347;81;1
158;47;7429;82;1
159;47;7952;90;1
160;47;7998;90;1
161;47;7418;90;1
162;47;7403;90;1
163;48;1922;6;1
164;48;1553;7;1
165;48;1856;28;1
166;48;1837;32;1
167;48;1802;81;1
168;48;1476;85;1
169;48;1802;90;1
170;49;6060;60;1
171;49;6014;87;1
172;50;847;15;1
173;50;831;38;1
174;51;7266;76;1
175;52;3974;32;1
176;52;6444;47;1
177;52;6455;88;1
178;53;2709;90;1
179;53;2680;116;1
180;54;2410;44;1
181;55;3433;77;1
182;55;5502;90;1
183;56;7952;43;1
184;56;7838;59;1
185;57;6116;43;1
186;57;514;43;1
187;57;749;45;1
188;57;6160;45;1
189;57;675;76;1
190;57;6024;76;1
191;57;5988;88;1
192;57;712;89;1
193;57;682;90;1
194;57;703;90;1
195;57;5990;91;1
196;57;688;109;1
197;57;728;112;1
198;57;6027;128;1
199;57;6027;129;1
200;57;6066;129;1
201;58;1410;25;1
202;58;2686;31;1
203;58;1399;68;1
204;58;1542;77;1
205;58;2730;117;1
206;59;3856;43;1
207;59;3818;46;1
208;59;3867;82;1
209;59;4567;90;1
210;60;5437;70;1
211;60;6741;87;1
212;60;5430;90;1
213;61;2718;32;1
214;61;2709;32;1
215;61;749;68;1
216;61;703;71;1
217;62;5420;27;1
218;63;5493;69;1
219;63;5401;84;1
220;64;615;45;1
221;64;3941;55;1
222;64;3978;87;1
223;64;514;90;1
224;64;3849;90;1
225;64;712;114;1
226;64;688;116;1
227;64;673;125;1
228;65;7102;88;1
229;65;395;90;1
230;66;2999;90;1
231;66;3011;90;1
232;67;3341;17;1
233;67;6643;28;1
234;68;4778;10;1
235;68;5442;34;1
236;68;4724;47;1
237;68;4684;90;1
238;69;861;13;1
239;69;885;57;1
240;69;3980;76;1
241;69;817;87;1
242;70;6431;38;1
243;70;2807;86;1
244;70;2894;90;1
245;72;2737;30;1
246;72;5873;70;1
247;72;2686;89;1
248;73;7910;31;1
249;73;1399;47;1
250;73;7952;65;1
251;73;7819;68;1
252;74;2586;22;1
253;74;2619;56;1
254;74;7358;59;1
255;74;7467;90;1
256;75;5672;40;1
257;75;192;83;1
258;75;116;84;1
259;75;5634;90;1
260;76;2442;13;1
261;76;2395;55;1
262;76;7636;61;1
263;77;1155;14;1
264;77;6177;18;1
265;77;6173;45;1
266;77;6175;49;1
267;77;6169;51;1
268;77;6180;57;1
269;77;1247;59;1
270;77;1087;88;1
271;78;4657;33;1
272;79;6512;12;1
273;79;7289;49;1
274;79;7261;72;1
275;80;2280;3;0
276;80;2208;64;1
277;80;2279;86;1
278;80;5296;90;1
279;81;3983;57;1
280;81;7204;84;1
281;83;5415;40;1
282;83;6727;90;1
283;84;4683;79;1
284;84;4701;90;1
285;85;3916;16;1
286;85;6386;23;1
287;85;6343;81;1
288;85;3939;86;1
289;86;2894;37;1
290;86;2882;84;1
291;87;2739;39;1
292;87;681;51;1
293;87;2722;58;1
294;87;2765;67;1
295;87;703;85;1
296;87;514;87;1
297;87;2690;90;1
298;88;5824;44;1
299;89;1564;81;1
300;89;1594;81;1
301;89;2571;84;1
302;90;7420;34;1
303;90;7422;39;1
304;90;7410;45;1
305;90;7429;87;1
306;90;7960;90;1
307;91;7644;52;1
308;91;26;71;1
309;91;26;82;1
310;91;7710;90;1
311;92;2449;58;1
312;92;2477;63;1
313;92;2474;72;1
314;92;2410;80;1
315;93;8150;14;1
316;94;6175;10;1
317;94;4565;24;1
318;94;6179;44;1
319;94;6169;72;1
320;95;6443;61;1
321;95;6480;85;1
322;96;7286;59;1
323;96;5284;68;1
324;96;7279;90;1
325;96;5275;90;1
326;96;7287;90;1
327;97;7099;9;1
328;97;7203;27;1
329;97;7203;36;1
330;97;8249;59;1
331;98;2994;45;1
332;98;2991;86;1
333;99;6656;33;1
334;99;4716;52;1
335;99;4686;54;1
336;99;6713;64;1
337;99;6721;83;1
338;99;6733;90;1
339;100;5442;21;1
340;100;5403;29;1
341;100;5434;31;1
342;100;5423;31;1
343;100;5453;88;1
344;100;5466;90;1
